keyPath,value,occurrences,recordGroupCount,recordGroups
accessRestriction.specificAccessRestrictions[].restriction,FOIA (b)(1) National Security,65177,13,43 59 84 268 286 306 353 383 420 466 469 486 490
accessRestriction.specificAccessRestrictions[].restriction,FOIA (b)(6) Personal Information,21791,15,43 59 76 84 169 208 286 306 353 383 420 466 469 486 490
accessRestriction.specificAccessRestrictions[].restriction,FOIA (b)(3) Statute,3925,5,43 59 84 306 383
accessRestriction.specificAccessRestrictions[].restriction,FOIA (b)(2) Internal Personnel Rules and Practices,1208,4,59 84 286 306
accessRestriction.specificAccessRestrictions[].restriction,FOIA (b)(7) Law Enforcement,673,7,59 84 286 306 383 469 490
accessRestriction.specificAccessRestrictions[].restriction,FOIA (b)(4) Trade Secrets and Commercial or Financial Information,83,4,59 84 286 383
accessRestriction.specificAccessRestrictions[].restriction,Other,80,2,59 286
accessRestriction.specificAccessRestrictions[].restriction,Donated - Security Classified,17,6,59 84 286 306 383 490
accessRestriction.specificAccessRestrictions[].restriction,John F. Kennedy Assassination Records Collection Act,12,3,59 84 306
accessRestriction.specificAccessRestrictions[].restriction,FOIA (b)(7e) Law Enforcement,5,2,59 84
accessRestriction.specificAccessRestrictions[].restriction,FOIA (b)(8) Regulation or Supervision of Financial Institutions,3,1,286
accessRestriction.specificAccessRestrictions[].restriction,FOIA (b)(9) Geological or Geophysical Information and Data,2,2,59 84
accessRestriction.specificAccessRestrictions[].restriction,FOIA (b)(7b) Law Enforcement,1,1,59
accessRestriction.specificAccessRestrictions[].restriction,FOIA (b)(7d) Law Enforcement,1,1,59
accessRestriction.specificAccessRestrictions[].restriction,Freedom of Information Act (FOIA),1,1,84
accessRestriction.specificAccessRestrictions[].restriction,PRMPA - Personal Privacy (D),1,1,84
accessRestriction.specificAccessRestrictions[].restriction,Presidential Records Act (p)(3) Statute,1,1,84
accessRestriction.specificAccessRestrictions[].securityClassification,Secret,35981,12,43 59 84 268 286 306 353 383 420 466 469 490
accessRestriction.specificAccessRestrictions[].securityClassification,Top Secret,10563,9,43 59 84 286 306 353 383 469 486
accessRestriction.specificAccessRestrictions[].securityClassification,FOIA (b)(1) National Security,8332,6,59 84 286 306 383 469
accessRestriction.specificAccessRestrictions[].securityClassification,Confidential,1176,8,59 84 286 306 383 469 486 490
accessRestriction.specificAccessRestrictions[].securityClassification,Restricted Data/Formerly Restricted Data,953,6,43 59 84 306 383 466
accessRestriction.specificAccessRestrictions[].securityClassification,Unmarked,300,2,59 84
accessRestriction.specificAccessRestrictions[].securityClassification,Donated - Security Classified,17,6,59 84 286 306 383 490
accessRestriction.status,Unrestricted,661905,22,43 59 63 76 84 169 182 208 229 239 256 268 278 286 306 353 383 420 466 469 486 490
accessRestriction.status,Restricted - Possibly,44761,15,43 59 76 84 169 239 286 306 353 383 420 466 469 486 490
accessRestriction.status,Restricted - Partly,25463,14,43 59 76 84 268 286 306 353 383 420 466 469 486 490
accessRestriction.status,Restricted - Fully,19737,12,43 59 84 208 286 306 353 383 420 469 486 490
accessRestriction.status,Undetermined,13,3,76 383 490
audiovisual,false,205352,22,43 59 63 76 84 169 182 208 229 239 256 268 278 286 306 353 383 420 466 469 486 490
audiovisual,true,2,2,59 306
contributors[].authorityType,person,783,11,43 59 76 84 182 208 239 286 306 469 490
contributors[].authorityType,organization,389,9,43 59 76 84 169 286 306 466 469
contributors[].contributorType,Correspondent,473,8,43 59 76 84 182 286 306 469
contributors[].contributorType,Originator,231,11,43 59 76 84 169 239 286 306 466 469 490
contributors[].contributorType,Recipient,142,4,59 76 286 469
contributors[].contributorType,Author,76,5,59 84 286 306 490
contributors[].contributorType,Photographer,62,3,59 286 306
contributors[].contributorType,Compiler,38,3,59 84 306
contributors[].contributorType,Participant,36,4,43 59 286 306
contributors[].contributorType,Speaker,26,5,59 84 286 306 490
contributors[].contributorType,Other,16,3,43 59 76
contributors[].contributorType,Writer of accompanying material,14,3,59 76 306
contributors[].contributorType,Artist,7,2,59 208
contributors[].contributorType,Interviewer,7,1,306
contributors[].contributorType,Signer,6,2,59 76
contributors[].contributorType,Producer,4,3,59 286 466
contributors[].contributorType,Publisher,4,3,43 59 306
contributors[].contributorType,Collector,3,2,59 84
contributors[].contributorType,Host,3,2,286 306
contributors[].contributorType,Collaborator,2,1,59
contributors[].contributorType,Corrector,2,2,59 84
contributors[].contributorType,Engineer,2,1,59
contributors[].contributorType,Interviewee,2,2,84 306
contributors[].contributorType,Organizer of meeting,2,1,43
contributors[].contributorType,Printer,2,1,43
contributors[].contributorType,Secretary,2,1,59
contributors[].contributorType,Author of screenplay,1,1,43
contributors[].contributorType,Complainant,1,1,76
contributors[].contributorType,Consultant,1,1,286
contributors[].contributorType,Contractor,1,1,59
contributors[].contributorType,Designer,1,1,43
contributors[].contributorType,Director,1,1,306
contributors[].contributorType,Illustrator,1,1,208
contributors[].contributorType,Lithographer,1,1,59
contributors[].contributorType,Metadata contact,1,1,306
contributors[].contributorType,Researcher,1,1,286
creators[].authorityType,organization,24356,22,43 59 63 76 84 169 182 208 229 239 256 268 278 286 306 353 383 420 466 469 486 490
creators[].creatorType,Most Recent,20162,22,43 59 63 76 84 169 182 208 229 239 256 268 278 286 306 353 383 420 466 469 486 490
creators[].creatorType,Predecessor,4194,17,43 59 76 84 169 182 208 229 256 286 306 353 420 466 469 486 490
digitalObjects[].objectType,Image (JPG),7698848,13,43 59 63 76 84 208 239 256 286 306 353 469 490
digitalObjects[].objectType,Image (TIFF),2395889,5,59 76 84 239 306
digitalObjects[].objectType,Portable Document File (PDF),20761,10,43 59 76 84 256 286 306 353 469 490
digitalObjects[].objectType,ASCII Text,67,2,59 286
digitalObjects[].objectType,Comma-separated values (CSV),5,1,286
digitalObjects[].objectType,ZIP,1,1,383
findingAids[].findingAidType,Folder List,1375,19,43 59 76 84 169 208 239 256 268 278 286 306 353 383 420 466 469 486 490
findingAids[].findingAidType,Database,961,4,59 76 84 306
findingAids[].findingAidType,Index,666,18,43 59 63 76 84 169 182 208 229 239 256 268 286 306 353 466 469 490
findingAids[].findingAidType,Other,234,16,43 59 63 76 84 169 208 229 239 256 268 286 306 466 469 490
findingAids[].findingAidType,Container List,84,11,43 59 76 84 208 229 278 286 306 466 486
findingAids[].findingAidType,Item List,62,14,43 59 76 84 169 208 256 286 306 353 420 466 469 490
findingAids[].findingAidType,Register,31,7,43 59 76 84 182 229 466
findingAids[].findingAidType,Filing Plan,24,4,43 59 84 169
findingAids[].findingAidType,Doc. Package,22,5,59 286 306 383 490
findingAids[].findingAidType,Shelf List,7,3,59 286 306
findingAids[].findingAidType,Log,6,4,43 59 306 490
findingAids[].findingAidType,Inventory,5,3,59 76 84
findingAids[].findingAidType,Select List,3,2,59 76
findingAids[].findingAidType,Calendar,1,1,59
generalRecordsTypes[],Textual Records,711155,22,43 59 63 76 84 169 182 208 229 239 256 268 278 286 306 353 383 420 466 469 486 490
generalRecordsTypes[],Photographs and other Graphic Materials,45174,19,43 59 63 76 84 169 182 208 229 239 268 278 286 306 353 466 469 486 490
generalRecordsTypes[],Data Files,2352,6,59 84 286 306 383 490
generalRecordsTypes[],Maps and Charts,2139,16,43 59 63 76 84 169 208 229 239 256 286 306 353 466 469 490
generalRecordsTypes[],Moving Images,139,11,43 59 76 84 182 208 229 286 306 469 490
generalRecordsTypes[],Architectural and Engineering Drawings,129,12,43 59 76 84 169 229 239 286 306 466 469 490
generalRecordsTypes[],Artifacts,106,12,43 59 76 84 182 239 268 286 306 466 469 490
generalRecordsTypes[],Sound Recordings,96,11,43 59 76 84 208 229 286 306 383 469 490
generalRecordsTypes[],Web Pages,1,1,59
languages[],English,933,15,43 59 63 76 84 208 229 286 306 353 383 466 469 486 490
languages[],French,377,11,43 59 76 84 208 229 286 306 466 469 490
languages[],Spanish,369,11,43 59 76 84 208 229 286 306 353 469 490
languages[],German,157,8,43 59 63 76 84 286 306 466
languages[],Russian,92,9,43 59 63 76 84 208 286 306 383
languages[],Arabic,63,8,43 59 76 84 208 286 306 469
languages[],Italian,59,7,59 76 84 208 229 286 306
languages[],Chinese,44,5,43 59 84 286 306
languages[],Portuguese,44,6,43 59 76 84 286 306
languages[],Japanese,40,6,43 59 84 286 306 469
languages[],Vietnamese,27,6,43 59 84 286 306 469
languages[],"Greek, Modern (1453- )",24,4,59 84 306 469
languages[],Dutch,23,3,59 84 306
languages[],Thai,22,3,59 84 306
languages[],Korean,20,3,59 286 306
languages[],Polish,20,4,59 63 286 306
languages[],Indonesian,18,3,59 84 306
languages[],Hungarian,17,4,59 84 286 306
languages[],Swedish,15,4,43 59 84 306
languages[],Persian,14,4,59 84 286 306
languages[],Turkish,14,4,59 84 286 306
languages[],Czech,13,4,59 84 286 306
languages[],Bulgarian,12,3,59 286 306
languages[],Finnish,12,3,59 84 306
languages[],Bengali,11,2,84 306
languages[],Burmese,11,1,306
languages[],Danish,11,3,59 84 306
languages[],Icelandic,11,3,59 84 306
languages[],Romanian,11,3,59 84 306
languages[],Hebrew,9,3,59 84 306
languages[],Hindi,9,3,84 286 306
languages[],Tamil,9,1,306
languages[],Khmer,8,2,59 306
languages[],Croatian,7,2,59 306
languages[],Lao,7,1,306
languages[],Tagalog,7,1,306
languages[],Amharic,6,3,59 84 306
languages[],Norwegian,6,2,59 306
languages[],Serbian,6,1,306
languages[],Malay,5,2,59 306
languages[],Nepali,5,2,286 306
languages[],Sinhalese,5,1,306
languages[],Slovak,5,2,286 306
languages[],Slovenian,5,1,306
languages[],Ukrainian,5,2,286 306
languages[],Urdu,5,2,59 306
languages[],Albanian,4,2,59 306
languages[],Armenian,4,2,59 306
languages[],Iranian (Other),4,1,306
languages[],Lithuanian,4,2,286 306
languages[],Swahili,4,2,59 306
languages[],Afrikaans,3,1,59
languages[],Cebuano,3,1,306
languages[],Latvian,3,2,286 306
languages[],Manchu,3,1,59
languages[],Telugu,3,1,306
languages[],"Turkish, Ottoman",3,1,59
languages[],Assamese,2,1,306
languages[],Bambara,2,1,306
languages[],Georgian,2,2,59 306
languages[],Gujarati,2,1,306
languages[],Kannada,2,1,306
languages[],Macedonian,2,1,306
languages[],Malayalam,2,1,306
languages[],Marathi,2,1,306
languages[],No Linguistic Content,2,1,490
languages[],Oriya,2,1,306
languages[],Somali,2,1,306
languages[],Aymara,1,1,306
languages[],Baltic (Other),1,1,306
languages[],Bikol,1,1,306
languages[],Creoles and Pidgins (Other),1,1,306
languages[],"Creoles and Pidgins, French-based (Other)",1,1,59
languages[],Estonian,1,1,306
languages[],Filipino,1,1,306
languages[],Hausa,1,1,306
languages[],Hawaiian,1,1,59
languages[],Hiligaynon,1,1,306
languages[],Iloko,1,1,306
languages[],Malagasy,1,1,59
languages[],Maltese,1,1,84
languages[],Mohlam,1,1,306
languages[],Mongolian,1,1,306
languages[],Pampanga,1,1,306
languages[],Pangasinan,1,1,306
languages[],Pushto,1,1,286
languages[],Quechua,1,1,306
languages[],Sindhi,1,1,306
languages[],Tibetan,1,1,306
languages[],Yiddish,1,1,63
levelOfDescription,fileUnit,731692,20,43 59 63 76 84 169 208 229 239 256 268 278 286 306 353 383 420 466 469 490
levelOfDescription,series,20188,22,43 59 63 76 84 169 182 208 229 239 256 268 278 286 306 353 383 420 466 469 486 490
physicalOccurrences[].copyStatus,Preservation-Reproduction-Reference,748219,22,43 59 63 76 84 169 182 208 229 239 256 268 278 286 306 353 383 420 466 469 486 490
physicalOccurrences[].copyStatus,Preservation,3352,15,43 59 76 84 169 182 208 229 239 256 286 306 383 469 490
physicalOccurrences[].copyStatus,Reproduction-Reference,1991,7,59 208 239 286 306 469 490
physicalOccurrences[].copyStatus,Reference,254,9,43 59 182 208 229 286 306 469 490
physicalOccurrences[].copyStatus,Reproduction,112,9,43 59 182 208 229 286 306 469 490
physicalOccurrences[].copyStatus,Preservation-Reproduction,63,6,43 59 208 286 306 469
physicalOccurrences[].copyStatus,Preservation-Reference,21,9,43 59 76 84 169 208 268 286 306
physicalOccurrences[].holdingsMeasurements[].type,"Legal Archives Box, Standard",12079,21,43 59 63 76 84 169 182 208 229 239 256 268 278 286 306 353 383 420 466 469 490
physicalOccurrences[].holdingsMeasurements[].type,"FRC Carton, Standard",3296,14,43 59 76 84 208 268 286 306 353 383 420 469 486 490
physicalOccurrences[].holdingsMeasurements[].type,"Legal Archives Box, Records Center",1800,9,43 59 76 84 208 286 306 466 469
physicalOccurrences[].holdingsMeasurements[].type,"Volume, Oversize [larger than 9 x 3 x 14]",1284,10,43 59 63 76 84 169 182 208 229 306
physicalOccurrences[].holdingsMeasurements[].type,"Letter Archives Box, Standard",1264,21,43 59 63 76 84 169 182 208 229 239 256 268 286 306 353 383 420 466 469 486 490
physicalOccurrences[].holdingsMeasurements[].type,"Legal Archives Box, Narrow",971,13,43 59 76 84 182 208 256 286 306 383 466 469 490
physicalOccurrences[].holdingsMeasurements[].type,"Volume, Ledger Size [between 9 x 1 x 11 and 9 x 3 x 14]",960,5,59 76 84 182 256
physicalOccurrences[].holdingsMeasurements[].type,"Volume, Journal Size [9 x 1 x 11 or smaller]",409,4,59 76 84 306
physicalOccurrences[].holdingsMeasurements[].type,"Index Card Box, 3 inch",312,16,43 59 63 76 84 169 182 208 229 239 256 268 306 353 469 490
physicalOccurrences[].holdingsMeasurements[].type,"Letter Archives Box, Narrow 2.5 inch",209,15,43 59 63 76 84 169 182 208 229 286 306 353 383 469 490
physicalOccurrences[].holdingsMeasurements[].type,"Letter Archives Box, Narrow 3.5 inch",186,12,43 59 76 84 208 229 268 286 306 383 469 490
physicalOccurrences[].holdingsMeasurements[].type,"35mm x 1,000' capacity (round)",182,10,43 59 84 182 208 229 286 306 469 490
physicalOccurrences[].holdingsMeasurements[].type,16mm x 800' capacity (round),138,9,43 59 76 208 229 286 306 469 490
physicalOccurrences[].holdingsMeasurements[].type,"Legal Archives Box, Oversize",113,10,43 59 63 76 84 208 256 286 306 466
physicalOccurrences[].holdingsMeasurements[].type,"Photograph, 6 x 9 Grey White",110,16,43 59 63 76 84 169 182 208 239 256 286 306 353 466 469 490
physicalOccurrences[].holdingsMeasurements[].type,"16mm x 1,000' capacity (round)",101,8,59 76 208 229 286 306 469 490
physicalOccurrences[].holdingsMeasurements[].type,Log and Printout Box,96,9,43 59 76 84 169 182 306 466 469
physicalOccurrences[].holdingsMeasurements[].type,"Suit Box, Small ('Pizza Box')",90,16,43 59 63 76 84 169 182 208 229 268 286 306 353 420 466 469
physicalOccurrences[].holdingsMeasurements[].type,10-drawer Hamilton (TH),82,10,43 59 76 84 169 229 239 256 286 306
physicalOccurrences[].holdingsMeasurements[].type,"35mm x 1,000' capacity (square)",80,6,43 208 229 286 306 490
physicalOccurrences[].holdingsMeasurements[].type,16mm x 400' capacity (round),74,7,59 76 208 229 286 306 490
physicalOccurrences[].holdingsMeasurements[].type,1/2 inch VHS,72,7,43 59 208 229 286 306 490
physicalOccurrences[].holdingsMeasurements[].type,Artifact,60,11,43 59 76 84 182 239 268 286 306 469 490
physicalOccurrences[].holdingsMeasurements[].type,1/2 inch Betacam (small cassette),58,7,43 59 208 229 286 306 490
physicalOccurrences[].holdingsMeasurements[].type,Custom Box G,55,4,59 84 286 306
physicalOccurrences[].holdingsMeasurements[].type,"Index Card Box, 6 x 4 inch",52,14,43 59 63 76 84 169 182 239 286 306 353 466 469 490
physicalOccurrences[].holdingsMeasurements[].type,"Microfilm Box, 35 mm",52,7,59 84 208 286 306 383 490
physicalOccurrences[].holdingsMeasurements[].type,3/4 inch U-matic (regular),50,6,59 84 286 306 469 490
physicalOccurrences[].holdingsMeasurements[].type,"Photograph, 5 x 7 Negative Box",50,8,43 59 76 208 229 268 286 306
physicalOccurrences[].holdingsMeasurements[].type,"Photograph Box, 4 x 5 Shoe",49,10,43 59 76 169 208 229 268 286 306 469
physicalOccurrences[].holdingsMeasurements[].type,16mm x 1200' capacity (round),47,7,59 208 229 286 306 469 490
physicalOccurrences[].holdingsMeasurements[].type,Legal Size Box,47,7,43 59 76 229 306 383 490
physicalOccurrences[].holdingsMeasurements[].type,"Suit Box, Large",47,11,43 59 63 76 84 169 208 229 286 466 469
physicalOccurrences[].holdingsMeasurements[].type,Magazine Box,46,10,43 59 76 84 169 182 286 306 466 469
physicalOccurrences[].holdingsMeasurements[].type,Custom Designed Box,42,7,43 59 76 84 169 208 306
physicalOccurrences[].holdingsMeasurements[].type,Logical Data Record,42,5,59 286 306 383 490
physicalOccurrences[].holdingsMeasurements[].type,Custom Box,40,9,43 59 76 84 208 239 286 306 469
physicalOccurrences[].holdingsMeasurements[].type,7 inch single open reel tape,39,10,43 59 84 208 229 286 306 383 469 490
physicalOccurrences[].holdingsMeasurements[].type,1/2 inch HDCAM SR (small cassette),29,7,43 59 208 229 286 306 490
physicalOccurrences[].holdingsMeasurements[].type,"Legal Archives Box, 4.6 inch",28,5,59 84 286 306 353
physicalOccurrences[].holdingsMeasurements[].type,DVD Storage Case,27,6,59 208 229 286 306 490
physicalOccurrences[].holdingsMeasurements[].type,1/2 inch Betacam (large cassette),26,4,208 286 306 490
physicalOccurrences[].holdingsMeasurements[].type,"Suit Box, 20 inch Thin",26,4,43 59 76 84
physicalOccurrences[].holdingsMeasurements[].type,"Suit Box, 24 inch Medium",23,3,43 59 76
physicalOccurrences[].holdingsMeasurements[].type,"1 inch Types A, B, and C",22,4,59 208 306 490
physicalOccurrences[].holdingsMeasurements[].type,"35mm x 2,000' capacity (round)",22,5,43 286 306 469 490
physicalOccurrences[].holdingsMeasurements[].type,"Letter Archives Box, Narrow 4.5 inch",21,4,59 76 84 306
physicalOccurrences[].holdingsMeasurements[].type,16mm x 1600' capacity (round),20,6,208 229 286 306 469 490
physicalOccurrences[].holdingsMeasurements[].type,"Photograph, 16 x 20 Regular Drop Front",20,7,43 59 63 76 208 286 306
physicalOccurrences[].holdingsMeasurements[].type,"Photograph, 8 x 10 Half-Size",19,9,43 59 76 182 208 229 306 469 490
physicalOccurrences[].holdingsMeasurements[].type,"Flat Storage Box, No Hinge",18,7,43 59 63 76 84 182 286
physicalOccurrences[].holdingsMeasurements[].type,Audiocassette,17,6,43 59 208 286 306 490
physicalOccurrences[].holdingsMeasurements[].type,"Poster Drawer, Small",17,5,59 76 208 306 490
physicalOccurrences[].holdingsMeasurements[].type,Microfiche Box (also lantern slides),15,7,59 76 169 208 229 268 306
physicalOccurrences[].holdingsMeasurements[].type,5-drawer Hamilton (H),14,2,76 256
physicalOccurrences[].holdingsMeasurements[].type,Drop Front Map Box C,14,2,239 286
physicalOccurrences[].holdingsMeasurements[].type,5 inch single open reel tape,13,6,43 59 76 286 306 490
physicalOccurrences[].holdingsMeasurements[].type,Disk box - 16 inch disks,13,4,59 208 229 306
physicalOccurrences[].holdingsMeasurements[].type,"Microfilm Box, Multiple Reels",13,4,59 169 239 306
physicalOccurrences[].holdingsMeasurements[].type,"Roller Drawer, 4 inch",13,4,59 286 306 490
physicalOccurrences[].holdingsMeasurements[].type,10 1/2 inch single open reel tape,12,4,59 208 306 490
physicalOccurrences[].holdingsMeasurements[].type,Custom Box O,12,2,59 84
physicalOccurrences[].holdingsMeasurements[].type,"Index Card Box, 4 inch",11,5,59 84 466 469 490
physicalOccurrences[].holdingsMeasurements[].type,"Suit Box, 24 inch Thin",11,3,43 59 306
physicalOccurrences[].holdingsMeasurements[].type,"CD Jewel Case, Single Disc",10,3,43 208 306
physicalOccurrences[].holdingsMeasurements[].type,"Index Card Box, 3 x 5 Grey-White",10,4,59 76 306 490
physicalOccurrences[].holdingsMeasurements[].type,16mm x 2200' capacity (round),9,5,208 229 286 306 490
physicalOccurrences[].holdingsMeasurements[].type,Disk box - 12 inch disks,9,5,43 59 208 229 306
physicalOccurrences[].holdingsMeasurements[].type,Extra Large Hamilton (XLH),9,3,59 76 286
physicalOccurrences[].holdingsMeasurements[].type,"Folder, Custom D",9,2,59 306
physicalOccurrences[].holdingsMeasurements[].type,"Photograph, 16 x 20 Corrugated Drop Front",9,5,43 59 84 229 306
physicalOccurrences[].holdingsMeasurements[].type,"Album, Unboxed, Custom",8,2,208 490
physicalOccurrences[].holdingsMeasurements[].type,"Folder, Custom",8,4,59 76 306 490
physicalOccurrences[].holdingsMeasurements[].type,"Index Card Box, 8 x 5",8,3,59 84 229
physicalOccurrences[].holdingsMeasurements[].type,"Letter Archives Box, Narrow 4 inch",8,3,59 84 486
physicalOccurrences[].holdingsMeasurements[].type,"Miscellaneous Box, 8 x 9 Hat",8,4,43 59 256 353
physicalOccurrences[].holdingsMeasurements[].type,"Photograph, 20 x 24 Corrugated Drop Front",8,5,43 76 208 229 306
physicalOccurrences[].holdingsMeasurements[].type,Slide Cabinet,8,3,208 306 490
physicalOccurrences[].holdingsMeasurements[].type,"FRC Carton, Half Size",7,2,59 286
physicalOccurrences[].holdingsMeasurements[].type,Flat Storage Box,7,4,59 76 286 306
physicalOccurrences[].holdingsMeasurements[].type,"Flat Storage Box, Separate Lid",7,5,43 59 76 286 306
physicalOccurrences[].holdingsMeasurements[].type,"Map Case, Single Drawer",7,4,59 208 286 306
physicalOccurrences[].holdingsMeasurements[].type,"Photograph, 11 x 14 Regular Drop Front",7,4,59 208 286 306
physicalOccurrences[].holdingsMeasurements[].type,"Photographic Slide Box, Double",7,2,59 306
physicalOccurrences[].holdingsMeasurements[].type,Catalog Card Drawer,6,3,59 208 306
physicalOccurrences[].holdingsMeasurements[].type,"Clam Shell Box, Old Style",6,1,208
physicalOccurrences[].holdingsMeasurements[].type,Index Card Box,6,3,59 84 268
physicalOccurrences[].holdingsMeasurements[].type,Old Deep Gray (G),6,1,76
physicalOccurrences[].holdingsMeasurements[].type,Tube,6,4,43 59 76 286
physicalOccurrences[].holdingsMeasurements[].type,'Norton' film storage box,5,1,306
physicalOccurrences[].holdingsMeasurements[].type,Bundle,5,3,59 84 286
physicalOccurrences[].holdingsMeasurements[].type,"Miscellaneous Box, Polar 7",5,2,59 76
physicalOccurrences[].holdingsMeasurements[].type,"Roller Drawer, Negatives, F",5,3,59 306 490
physicalOccurrences[].holdingsMeasurements[].type,Suit Box (Large 'Pizza Box'),5,4,59 76 84 208
physicalOccurrences[].holdingsMeasurements[].type,"Suit Box, Large, 30 inch",5,3,76 286 306
physicalOccurrences[].holdingsMeasurements[].type,"Flat Storage Box, Metal Edge Stays",4,2,286 306
physicalOccurrences[].holdingsMeasurements[].type,Legal Archives Box E,4,2,84 306
physicalOccurrences[].holdingsMeasurements[].type,"Legal Archives Box, Oversize (DAVA)",4,4,59 306 353 469
physicalOccurrences[].holdingsMeasurements[].type,"Letter Archives Box, 5 inch",4,3,208 306 490
physicalOccurrences[].holdingsMeasurements[].type,"Miscellaneous Box, Oversize 1",4,1,306
physicalOccurrences[].holdingsMeasurements[].type,"Photograph Box, 5 x 7 x 12",4,3,43 76 306
physicalOccurrences[].holdingsMeasurements[].type,"Photograph, 11 x 14 Corrugated Drop Front",4,3,59 76 208
physicalOccurrences[].holdingsMeasurements[].type,"Volume, A",4,3,43 59 76
physicalOccurrences[].holdingsMeasurements[].type,"5-drawer Gray, Oversized",3,2,59 76
physicalOccurrences[].holdingsMeasurements[].type,Computer Card Box,3,2,84 466
physicalOccurrences[].holdingsMeasurements[].type,Custom Box A1,3,2,59 76
physicalOccurrences[].holdingsMeasurements[].type,Custom Box Y,3,1,59
physicalOccurrences[].holdingsMeasurements[].type,Custom Box Z,3,3,59 182 286
physicalOccurrences[].holdingsMeasurements[].type,"Drop Front Box C, Metal Edge Stays",3,1,239
physicalOccurrences[].holdingsMeasurements[].type,Microfiche Box D,3,2,286 306
physicalOccurrences[].holdingsMeasurements[].type,"Miscellaneous Box, Polar 10",3,3,43 84 466
physicalOccurrences[].holdingsMeasurements[].type,"Negative Box, 8 x 10, Full Lid",3,3,43 76 208
physicalOccurrences[].holdingsMeasurements[].type,Other Container,3,1,306
physicalOccurrences[].holdingsMeasurements[].type,"Photograph, 20 x 24 Regular Drop Front",3,2,59 306
physicalOccurrences[].holdingsMeasurements[].type,"Photograph, 6 x 9 Lig-Free II",3,2,76 286
physicalOccurrences[].holdingsMeasurements[].type,"Post Binder, 4",3,1,306
physicalOccurrences[].holdingsMeasurements[].type,"Poster Folder, Custom",3,3,43 59 208
physicalOccurrences[].holdingsMeasurements[].type,1/2 inch HDCAM SR (large cassette),2,2,286 306
physicalOccurrences[].holdingsMeasurements[].type,2 inch quadruplex,2,2,286 306
physicalOccurrences[].holdingsMeasurements[].type,"Book Style Box, Hinged B",2,1,59
physicalOccurrences[].holdingsMeasurements[].type,Custom Box 138,2,1,59
physicalOccurrences[].holdingsMeasurements[].type,Custom Box F,2,1,59
physicalOccurrences[].holdingsMeasurements[].type,Custom Box K,2,1,59
physicalOccurrences[].holdingsMeasurements[].type,Custom Box L,2,1,59
physicalOccurrences[].holdingsMeasurements[].type,Custom Box N,2,1,59
physicalOccurrences[].holdingsMeasurements[].type,Custom Box S,2,2,208 306
physicalOccurrences[].holdingsMeasurements[].type,Custom Portfolio P1,2,1,59
physicalOccurrences[].holdingsMeasurements[].type,Custom Portfolio P3,2,1,59
physicalOccurrences[].holdingsMeasurements[].type,Drop Front Box I,2,2,59 306
physicalOccurrences[].holdingsMeasurements[].type,Flat Storage Box 4,2,2,84 306
physicalOccurrences[].holdingsMeasurements[].type,Flat Storage Box 56,2,2,286 306
physicalOccurrences[].holdingsMeasurements[].type,Flat Storage Box 6,2,1,169
physicalOccurrences[].holdingsMeasurements[].type,"Flat Storage Box, Hinged",2,2,286 306
physicalOccurrences[].holdingsMeasurements[].type,"Flat Storage Box, Metal Edge Stays, Separate Lid",2,2,59 286
physicalOccurrences[].holdingsMeasurements[].type,"Flat Storage Box, No Hinge, B",2,1,84
physicalOccurrences[].holdingsMeasurements[].type,"Legal Archives Box, Wide",2,2,76 84
physicalOccurrences[].holdingsMeasurements[].type,"Letter Archives Box, Wide",2,1,59
physicalOccurrences[].holdingsMeasurements[].type,"Microfiche/Lantern Slide Box, Short Lid Old",2,1,208
physicalOccurrences[].holdingsMeasurements[].type,Packing Box 3,2,1,306
physicalOccurrences[].holdingsMeasurements[].type,"Photograph Box, 12 x 5.75, Grey",2,1,182
physicalOccurrences[].holdingsMeasurements[].type,"Photograph, 14 x 16 Corrugated Drop Front",2,1,84
physicalOccurrences[].holdingsMeasurements[].type,"Photograph, 5 x 7 Negative Half-Size",2,2,268 306
physicalOccurrences[].holdingsMeasurements[].type,"Photograph, 6 x 9 Lig-Free II Long Top",2,2,76 306
physicalOccurrences[].holdingsMeasurements[].type,"Photograph, Flat Storage, Small",2,1,84
physicalOccurrences[].holdingsMeasurements[].type,"Ring Binder, 2.5 inch",2,1,59
physicalOccurrences[].holdingsMeasurements[].type,"Roller Drawer, Negatives, G",2,1,306
physicalOccurrences[].holdingsMeasurements[].type,"Shoebox, 7 inch audioreel (AII style)",2,2,306 469
physicalOccurrences[].holdingsMeasurements[].type,"Suit Box, 22 inch Medium",2,2,76 306
physicalOccurrences[].holdingsMeasurements[].type,"Suit Box, Large, 36 inch, Thin",2,2,59 169
physicalOccurrences[].holdingsMeasurements[].type,"Treaty Box, 1 1/2 inch",2,2,59 306
physicalOccurrences[].holdingsMeasurements[].type,"Treaty Box, 3 inch",2,2,59 306
physicalOccurrences[].holdingsMeasurements[].type,1/2 inch HDCAM (large cassette),1,1,286
physicalOccurrences[].holdingsMeasurements[].type,1/2 inch open reel,1,1,306
physicalOccurrences[].holdingsMeasurements[].type,10-drawer Off-white,1,1,59
physicalOccurrences[].holdingsMeasurements[].type,3 inch single open reel tape,1,1,286
physicalOccurrences[].holdingsMeasurements[].type,"5-drawer Off-white, Inherited",1,1,59
physicalOccurrences[].holdingsMeasurements[].type,70mm medium can (round),1,1,306
physicalOccurrences[].holdingsMeasurements[].type,70mm x 1000’ capacity (round),1,1,76
physicalOccurrences[].holdingsMeasurements[].type,"Aerial Film Can, 500",1,1,76
physicalOccurrences[].holdingsMeasurements[].type,"Aerial Film Can, Standard",1,1,76
physicalOccurrences[].holdingsMeasurements[].type,"Audiocassette Box, 12 inch",1,1,306
physicalOccurrences[].holdingsMeasurements[].type,"Clam Shell Box, Green, Grey, White",1,1,169
physicalOccurrences[].holdingsMeasurements[].type,Custom Box 76,1,1,208
physicalOccurrences[].holdingsMeasurements[].type,Custom Box A2,1,1,84
physicalOccurrences[].holdingsMeasurements[].type,Custom Box Clam Shell 19,1,1,59
physicalOccurrences[].holdingsMeasurements[].type,Custom Box Clam Shell 34,1,1,59
physicalOccurrences[].holdingsMeasurements[].type,Custom Box Clam Shell 44,1,1,84
physicalOccurrences[].holdingsMeasurements[].type,Custom Box Clam Shell 48,1,1,76
physicalOccurrences[].holdingsMeasurements[].type,Custom Box Clam Shell 51,1,1,76
physicalOccurrences[].holdingsMeasurements[].type,Custom Box Clam Shell 53,1,1,59
physicalOccurrences[].holdingsMeasurements[].type,Custom Box Clam Shell 55,1,1,286
physicalOccurrences[].holdingsMeasurements[].type,Custom Box Clam Shell 8,1,1,208
physicalOccurrences[].holdingsMeasurements[].type,Custom Box I,1,1,59
physicalOccurrences[].holdingsMeasurements[].type,Custom Box M,1,1,306
physicalOccurrences[].holdingsMeasurements[].type,Custom Box Q,1,1,59
physicalOccurrences[].holdingsMeasurements[].type,Custom Box U,1,1,59
physicalOccurrences[].holdingsMeasurements[].type,Custom Box V,1,1,306
physicalOccurrences[].holdingsMeasurements[].type,Custom Portfolio,1,1,59
physicalOccurrences[].holdingsMeasurements[].type,Custom Portfolio P2,1,1,59
physicalOccurrences[].holdingsMeasurements[].type,Custom Portfolio P4,1,1,59
physicalOccurrences[].holdingsMeasurements[].type,Custom Portfolio P7,1,1,59
physicalOccurrences[].holdingsMeasurements[].type,Custom Portfolio P8,1,1,59
physicalOccurrences[].holdingsMeasurements[].type,D1/D2,1,1,306
physicalOccurrences[].holdingsMeasurements[].type,Drop Front Box L,1,1,59
physicalOccurrences[].holdingsMeasurements[].type,Drop Front Box S,1,1,59
physicalOccurrences[].holdingsMeasurements[].type,Drop Front Box V,1,1,59
physicalOccurrences[].holdingsMeasurements[].type,"Drop Front Box, Metal Edge Stays",1,1,59
physicalOccurrences[].holdingsMeasurements[].type,Drop Front Map Box D,1,1,43
physicalOccurrences[].holdingsMeasurements[].type,FRC Box,1,1,59
physicalOccurrences[].holdingsMeasurements[].type,Flat Storage Box 1,1,1,286
physicalOccurrences[].holdingsMeasurements[].type,Flat Storage Box 126,1,1,59
physicalOccurrences[].holdingsMeasurements[].type,Flat Storage Box 131,1,1,256
physicalOccurrences[].holdingsMeasurements[].type,Flat Storage Box 134,1,1,59
physicalOccurrences[].holdingsMeasurements[].type,Flat Storage Box 7,1,1,59
physicalOccurrences[].holdingsMeasurements[].type,"Flat Storage Box, No Hinge, E",1,1,59
physicalOccurrences[].holdingsMeasurements[].type,"Flat Storage Box, No Hinge, G",1,1,306
physicalOccurrences[].holdingsMeasurements[].type,"Folder, Custom E",1,1,43
physicalOccurrences[].holdingsMeasurements[].type,"Index Card Box, 4 x 5 Speckled",1,1,59
physicalOccurrences[].holdingsMeasurements[].type,"Ledger Sheet Box, Oversized",1,1,59
physicalOccurrences[].holdingsMeasurements[].type,"Legal Archives Box, LBJ Red",1,1,490
physicalOccurrences[].holdingsMeasurements[].type,"Legal Archives Box, Old Green",1,1,306
physicalOccurrences[].holdingsMeasurements[].type,"Legal Archives Box, Oversize 3",1,1,59
physicalOccurrences[].holdingsMeasurements[].type,"Map Case, Double Drawer",1,1,306
physicalOccurrences[].holdingsMeasurements[].type,Map drawer,1,1,59
physicalOccurrences[].holdingsMeasurements[].type,"Microfilm Box, 16 mm",1,1,84
physicalOccurrences[].holdingsMeasurements[].type,Miscellaneous Box V,1,1,286
physicalOccurrences[].holdingsMeasurements[].type,"Miscellaneous Box, 1",1,1,76
physicalOccurrences[].holdingsMeasurements[].type,"Miscellaneous Box, 3",1,1,59
physicalOccurrences[].holdingsMeasurements[].type,"Miscellaneous Box, Oversize 3",1,1,306
physicalOccurrences[].holdingsMeasurements[].type,"Miscellaneous Box, Polar 9",1,1,84
physicalOccurrences[].holdingsMeasurements[].type,"Newspaper Box, 25 inch Thin",1,1,59
physicalOccurrences[].holdingsMeasurements[].type,"Photograph Box, 4 x 5, Flip Top, Lig Free",1,1,208
physicalOccurrences[].holdingsMeasurements[].type,"Photograph, 8 x 10 Corrugated Drop Front",1,1,306
physicalOccurrences[].holdingsMeasurements[].type,"Photograph, 8 x 10 Regular Drop Front",1,1,306
physicalOccurrences[].holdingsMeasurements[].type,"Photograph, Flat Storage, Grey-White Lift Lid",1,1,76
physicalOccurrences[].holdingsMeasurements[].type,Pizza box (for 16 inch floppy disks),1,1,59
physicalOccurrences[].holdingsMeasurements[].type,"Poster Drawer, Large",1,1,208
physicalOccurrences[].holdingsMeasurements[].type,"Ring Binder, 2 inch",1,1,306
physicalOccurrences[].holdingsMeasurements[].type,"Ring Binder, 3 inch",1,1,306
physicalOccurrences[].holdingsMeasurements[].type,"Roller Drawer, 6 inch",1,1,490
physicalOccurrences[].holdingsMeasurements[].type,"Suit Box (Large, Thin 'Pizza Box')",1,1,84
physicalOccurrences[].holdingsMeasurements[].type,"Suit Box, 20 inch Thick",1,1,76
physicalOccurrences[].holdingsMeasurements[].type,"Treaty Box, 2 inch",1,1,59
physicalOccurrences[].holdingsMeasurements[].type,"Tube, 24 L, 4 W",1,1,59
physicalOccurrences[].holdingsMeasurements[].type,"Tube, 36 L, 4 W",1,1,59
physicalOccurrences[].holdingsMeasurements[].type,"Tube, 48 inch",1,1,76
physicalOccurrences[].holdingsMeasurements[].type,"Tube, 60 L, 6 W",1,1,76
physicalOccurrences[].mediaOccurrences[].generalMediaTypes[],Loose Sheets,137012,22,43 59 63 76 84 169 182 208 229 239 256 268 278 286 306 353 383 420 466 469 486 490
physicalOccurrences[].mediaOccurrences[].generalMediaTypes[],Photographic Materials,29821,14,43 59 76 84 169 208 229 239 286 306 353 469 486 490
physicalOccurrences[].mediaOccurrences[].generalMediaTypes[],Bound Volumes,5645,12,43 59 76 84 169 208 286 306 353 383 469 490
physicalOccurrences[].mediaOccurrences[].generalMediaTypes[],Microform,1832,12,59 63 76 84 169 239 286 306 353 383 466 490
physicalOccurrences[].mediaOccurrences[].generalMediaTypes[],Magnetic Media,1603,12,43 59 76 84 208 229 286 306 383 469 486 490
physicalOccurrences[].mediaOccurrences[].generalMediaTypes[],Motion Picture Film,201,9,43 59 76 84 208 229 286 306 490
physicalOccurrences[].mediaOccurrences[].generalMediaTypes[],Artworks and Graphic Materials,144,9,59 76 169 208 229 286 306 469 490
physicalOccurrences[].mediaOccurrences[].generalMediaTypes[],Artifacts,49,7,43 59 76 84 286 306 466
physicalOccurrences[].mediaOccurrences[].generalMediaTypes[],Optical Disks,43,8,43 59 76 208 229 286 306 490
physicalOccurrences[].mediaOccurrences[].generalMediaTypes[],Grooved Media,18,5,43 59 208 229 306
physicalOccurrences[].mediaOccurrences[].specificMediaType,Paper,703613,22,43 59 63 76 84 169 182 208 229 239 256 268 278 286 306 353 383 420 466 469 486 490
physicalOccurrences[].mediaOccurrences[].specificMediaType,Photographic Print,43544,17,43 59 63 76 84 169 208 229 239 268 286 306 353 466 469 486 490
physicalOccurrences[].mediaOccurrences[].specificMediaType,Bound Volume,8297,17,43 59 63 76 84 169 182 208 229 256 268 286 306 353 466 469 490
physicalOccurrences[].mediaOccurrences[].specificMediaType,Negative,3958,14,43 59 76 84 169 182 208 229 239 268 286 306 469 490
physicalOccurrences[].mediaOccurrences[].specificMediaType,Slide,3719,9,43 59 76 84 208 229 286 306 490
physicalOccurrences[].mediaOccurrences[].specificMediaType,Magnetic Tape Cartridge,2020,4,59 286 306 383
physicalOccurrences[].mediaOccurrences[].specificMediaType,Microfilm,1873,14,59 63 76 84 169 208 239 286 306 353 383 466 469 490
physicalOccurrences[].mediaOccurrences[].specificMediaType,Magnetic Disk,1588,5,59 286 306 383 490
physicalOccurrences[].mediaOccurrences[].specificMediaType,Cards,1235,18,43 59 63 76 84 169 182 208 229 239 256 268 286 306 353 466 469 490
physicalOccurrences[].mediaOccurrences[].specificMediaType,Optical Disk: Compact Disk,367,4,59 208 286 306
physicalOccurrences[].mediaOccurrences[].specificMediaType,Film Reel,283,11,43 59 76 84 182 208 229 286 306 469 490
physicalOccurrences[].mediaOccurrences[].specificMediaType,Video Cassette,155,10,43 59 76 84 208 229 286 306 469 490
physicalOccurrences[].mediaOccurrences[].specificMediaType,Photomechanical Print,141,9,43 59 63 76 208 286 306 469 490
physicalOccurrences[].mediaOccurrences[].specificMediaType,Artifact,108,12,43 59 76 84 182 239 268 286 306 466 469 490
physicalOccurrences[].mediaOccurrences[].specificMediaType,Transparency,100,7,59 76 208 229 286 306 469
physicalOccurrences[].mediaOccurrences[].specificMediaType,Audio Tape/Reel,64,10,43 59 76 84 208 229 286 306 469 490
physicalOccurrences[].mediaOccurrences[].specificMediaType,Magnetic Disk: Floppy Disk,39,6,59 84 286 306 486 490
physicalOccurrences[].mediaOccurrences[].specificMediaType,Audio Cassette,33,8,43 59 76 208 286 306 383 490
physicalOccurrences[].mediaOccurrences[].specificMediaType,Optical Disk: Digital Versatile Disk,29,8,43 59 76 208 229 286 306 490
physicalOccurrences[].mediaOccurrences[].specificMediaType,Audio Disk,28,6,43 59 208 229 306 469
physicalOccurrences[].mediaOccurrences[].specificMediaType,Video Open Reel,21,5,59 208 286 306 490
physicalOccurrences[].mediaOccurrences[].specificMediaType,Artwork,20,7,43 59 76 208 286 306 469
physicalOccurrences[].mediaOccurrences[].specificMediaType,Microfiche,13,5,59 169 286 306 490
physicalOccurrences[].mediaOccurrences[].specificMediaType,Magnetic Tape Reel,7,2,59 306
physicalOccurrences[].mediaOccurrences[].specificMediaType,Filmstrip,5,3,59 208 306
physicalOccurrences[].mediaOccurrences[].specificMediaType,Magnetic Disk: Hard Drive,5,4,59 286 306 490
physicalOccurrences[].mediaOccurrences[].specificMediaType,Magnetic Tape Cassette,3,2,59 286
physicalOccurrences[].mediaOccurrences[].specificMediaType,Networked Storage,2,2,59 306
physicalOccurrences[].mediaOccurrences[].specificMediaType,Parchment,2,2,59 306
physicalOccurrences[].mediaOccurrences[].specificMediaType,Aperture Card,1,1,59
physicalOccurrences[].mediaOccurrences[].specificMediaType,Cylinder,1,1,182
physicalOccurrences[].mediaOccurrences[].specificMediaType,Manual Print,1,1,43
physicalOccurrences[].mediaOccurrences[].specificMediaType,Optical Disk,1,1,286
physicalOccurrences[].referenceUnits[].name,National Archives at College Park - Textual Reference,709321,22,43 59 63 76 84 169 182 208 229 239 256 268 278 286 306 353 383 420 466 469 486 490
physicalOccurrences[].referenceUnits[].name,National Archives at College Park - Still Pictures,40095,15,43 59 63 76 84 169 182 208 229 239 268 286 306 469 490
physicalOccurrences[].referenceUnits[].name,National Archives at College Park - Electronic Records,2768,5,59 286 306 383 490
physicalOccurrences[].referenceUnits[].name,"National Archives at Washington, DC - Textual Reference",823,3,59 76 239
physicalOccurrences[].referenceUnits[].name,National Archives at College Park - Motion Pictures,454,12,43 59 76 84 182 208 229 286 306 383 469 490
physicalOccurrences[].referenceUnits[].name,Harry S. Truman Library,214,2,59 466
physicalOccurrences[].referenceUnits[].name,National Archives at College Park - Cartographic,178,10,43 59 76 84 169 229 239 256 286 306
physicalOccurrences[].referenceUnits[].name,National Archives at Fort Worth,84,1,76
physicalOccurrences[].referenceUnits[].name,John F. Kennedy Library,52,6,59 84 286 306 383 490
physicalOccurrences[].referenceUnits[].name,National Archives at Seattle,9,1,43
physicalOccurrences[].referenceUnits[].name,Lyndon Baines Johnson Library,6,4,43 59 306 383
physicalOccurrences[].referenceUnits[].name,National Archives at Philadelphia,3,1,306
physicalOccurrences[].referenceUnits[].name,Dwight D. Eisenhower Library,2,2,59 306
physicalOccurrences[].referenceUnits[].name,Gerald R. Ford Library,2,1,59
physicalOccurrences[].referenceUnits[].name,Franklin D. Roosevelt Library,1,1,59
recordType,description,751880,22,43 59 63 76 84 169 182 208 229 239 256 268 278 286 306 353 383 420 466 469 486 490
soundType,Sound,13,5,59 84 229 306 469
soundType,Silent,1,1,469
soundType,Silent and Sound,1,1,59
subjects[].authorityType,specificRecordsType,9356,16,43 59 76 84 169 182 208 229 239 286 306 353 383 466 469 490
subjects[].authorityType,geographicPlaceName,9334,17,43 59 76 84 169 182 208 229 239 256 268 286 306 353 466 469 490
subjects[].authorityType,topicalSubject,8151,18,43 59 63 76 84 169 182 208 229 256 286 306 353 383 466 469 486 490
subjects[].authorityType,organization,3836,13,43 59 76 84 169 208 286 306 353 383 466 469 490
subjects[].authorityType,person,1895,12,43 59 76 84 208 239 256 286 306 466 469 490
subjects[].heading,Marshall Plan,1398,4,59 84 286 469
subjects[].heading,Correspondence,1325,12,43 59 76 84 169 208 286 306 353 466 469 490
subjects[].heading,Reports,1304,13,43 59 76 84 169 208 286 306 353 383 466 469 490
subjects[].heading,Memorandums,1188,12,43 59 76 84 208 286 306 353 383 466 469 490
subjects[].heading,Telegrams,710,8,43 59 84 208 286 306 353 469
subjects[].heading,Notes,586,7,43 59 84 306 353 466 469
subjects[].heading,"Lincoln, Abraham, 1809-1865",444,2,59 306
subjects[].heading,Condolence notes,438,2,59 84
subjects[].heading,"Speeches, addresses, etc.",326,6,43 59 84 306 383 490
subjects[].heading,"Clippings (Books, newspapers, etc.)",289,10,43 59 76 84 208 286 306 353 466 469
subjects[].heading,Diplomacy,235,3,59 84 306
subjects[].heading,International relations,224,5,43 59 84 208 306
subjects[].heading,Brazil,212,9,59 76 84 208 229 286 306 469 490
subjects[].heading,Photographs,191,11,59 76 84 208 229 286 306 353 466 469 490
subjects[].heading,Minutes,174,9,43 59 84 169 286 306 353 383 466
subjects[].heading,Lists (Document genres),168,8,43 59 76 286 306 353 383 466
subjects[].heading,Economics,160,6,43 59 84 286 306 469
subjects[].heading,Press releases,141,7,43 59 84 286 306 466 469
subjects[].heading,Agendas,140,8,43 59 286 306 353 383 466 469
subjects[].heading,International trade,126,5,43 59 84 286 306
subjects[].heading,India,120,5,59 84 286 306 469
subjects[].heading,Agriculture,119,9,59 76 84 169 286 306 353 466 469
subjects[].heading,Mexico,118,8,43 59 76 84 229 286 306 469
subjects[].heading,France,114,9,43 59 76 84 169 208 286 306 469
subjects[].heading,Publications,113,5,59 84 286 306 466
subjects[].heading,Soviet Union,106,6,59 84 169 306 353 466
subjects[].heading,Motion pictures,104,10,43 59 76 84 182 208 229 286 306 466
subjects[].heading,Pamphlets,102,4,59 286 306 469
subjects[].heading,Costa Rica,99,8,43 59 76 84 229 286 306 469
subjects[].heading,Education,97,8,59 84 229 286 306 466 469 490
subjects[].heading,Panama,97,7,43 59 76 84 286 306 469
subjects[].heading,Agreements,96,6,43 59 84 286 306 466
subjects[].heading,China,95,7,59 76 84 208 286 306 469
subjects[].heading,Letters (Correspondence),95,7,43 59 76 84 208 286 306
subjects[].heading,Germany,94,8,43 59 84 169 208 286 306 469
subjects[].heading,Japan,93,6,59 84 208 286 306 469
subjects[].heading,Egypt,92,6,59 84 208 286 306 469
subjects[].heading,Austria,91,7,43 59 76 84 286 306 469
subjects[].heading,Pakistan,90,6,59 84 286 306 353 469
subjects[].heading,Dispatches,87,3,43 59 306
subjects[].heading,International conferences,87,5,43 59 84 286 306
subjects[].heading,Thailand,87,6,59 84 286 306 469 490
subjects[].heading,Propaganda,82,6,59 84 208 229 306 466
subjects[].heading,Vietnam,80,7,43 59 84 169 286 306 469
subjects[].heading,Educational exchanges,79,2,59 306
subjects[].heading,United Nations,78,6,43 59 84 286 306 383
subjects[].heading,Communism,77,5,59 84 306 466 469
subjects[].heading,Ecuador,77,9,43 59 76 84 229 286 306 469 490
subjects[].heading,Philippines,77,6,59 84 286 306 469 490
subjects[].heading,Indonesia,76,5,59 84 286 306 469
subjects[].heading,Morocco,76,6,59 84 169 286 306 469
subjects[].heading,Berlin (Germany),75,6,59 84 286 306 466 469
subjects[].heading,Human rights,75,4,59 84 286 306
subjects[].heading,Refugees,73,5,59 84 286 306 466
subjects[].heading,Guatemala,72,6,43 59 84 286 306 469
subjects[].heading,Forms (Documents),71,6,43 59 84 286 306 466
subjects[].heading,Italy,71,9,43 59 76 84 208 239 286 306 469
subjects[].heading,Statements,70,7,43 59 76 84 286 306 466
subjects[].heading,Treaties,70,6,43 59 84 306 383 466
subjects[].heading,Iran,69,6,59 84 286 306 353 469
subjects[].heading,Korea,69,6,59 84 208 286 306 469
subjects[].heading,Maps,69,7,59 76 84 169 306 466 490
subjects[].heading,Newsletters,69,5,59 286 306 353 466
subjects[].heading,Peru,69,8,43 59 76 84 229 286 306 469
subjects[].heading,Turkey,68,5,59 84 286 306 469
subjects[].heading,Exhibitions,66,4,43 59 84 306
subjects[].heading,Transcripts,66,7,43 59 84 286 306 353 466
subjects[].heading,Contracts,65,5,43 59 286 306 469
subjects[].heading,Europe,65,7,59 84 169 286 306 469 490
subjects[].heading,Finance,65,5,43 59 84 286 306
subjects[].heading,Greece,65,6,43 59 84 286 306 469
subjects[].heading,Argentina,64,7,59 76 84 229 286 306 469
subjects[].heading,Bolivia,64,6,59 76 84 229 286 306
subjects[].heading,Canada,64,6,43 59 76 84 286 306
subjects[].heading,Great Britain,63,5,59 84 286 306 469
subjects[].heading,Labor,63,4,59 84 286 306
subjects[].heading,Cuba,62,6,43 59 84 229 286 306
subjects[].heading,Iraq,62,5,59 84 286 306 469
subjects[].heading,Spain,62,7,59 76 84 239 286 306 469
subjects[].heading,War of 1812,62,2,59 76
subjects[].heading,North Atlantic Treaty Organization. (04/04/1949 - ),59,7,43 59 84 306 383 466 469
subjects[].heading,Chile,58,7,59 76 84 229 286 306 469
subjects[].heading,Honduras,58,9,43 59 76 84 229 286 306 469 490
subjects[].heading,Proposals,58,6,43 59 286 306 353 490
subjects[].heading,Dominican Republic,57,5,59 84 286 306 490
subjects[].heading,Jordan,57,5,59 84 286 306 469
subjects[].heading,Afghanistan,56,6,59 84 286 306 469 490
subjects[].heading,Nicaragua,56,8,43 59 76 84 229 286 306 469
subjects[].heading,Colombia,55,8,43 59 76 84 229 286 306 490
subjects[].heading,Haiti,55,5,59 84 286 306 469
subjects[].heading,Books,54,4,59 84 286 306
subjects[].heading,Latin America,54,7,43 59 84 229 306 469 490
subjects[].heading,Lebanon,54,5,59 84 286 306 469
subjects[].heading,Poland,54,7,43 59 84 286 306 466 469
subjects[].heading,Circulars,53,6,43 59 84 286 306 353
subjects[].heading,Drafts (Documents),53,4,43 59 306 466
subjects[].heading,Arms control,52,4,59 84 306 383
subjects[].heading,Health,52,7,59 84 229 286 306 469 490
subjects[].heading,Instructions,52,6,43 59 84 286 306 466
subjects[].heading,Israel,50,5,59 84 286 306 469
subjects[].heading,National Aeronautics and Space Administration. Apollo 11 (Spacecraft) 1969-1969,50,1,306
subjects[].heading,Paraguay,50,7,59 76 84 229 286 306 490
subjects[].heading,Radio broadcasting,50,4,43 59 229 306
subjects[].heading,"World War, 1939-1945",50,6,59 84 169 208 306 466
subjects[].heading,Burma,49,7,59 84 169 208 286 306 469
subjects[].heading,International agencies,49,3,59 84 286
subjects[].heading,Political affairs,49,4,59 84 306 466
subjects[].heading,Summaries,49,4,43 59 286 306
subjects[].heading,Venezuela,49,7,59 76 84 229 286 306 469
subjects[].heading,Yugoslavia,49,5,59 84 286 306 469
subjects[].heading,Science,48,5,43 59 84 286 306
subjects[].heading,Passports,47,2,59 84
subjects[].heading,Technology,47,4,59 84 286 306
subjects[].heading,Congo (Democratic Republic),46,5,59 84 286 306 469
subjects[].heading,El Salvador,46,6,43 59 84 229 286 306
subjects[].heading,Portugal,46,5,59 84 286 306 469
subjects[].heading,Sri Lanka,46,6,59 84 286 306 469 490
subjects[].heading,Germany (West),45,5,59 84 286 306 466
subjects[].heading,Hungary,45,8,43 59 76 84 286 306 466 469
subjects[].heading,Meetings,45,5,59 84 286 306 353
subjects[].heading,Nepal,45,6,59 84 286 306 469 490
subjects[].heading,Tunisia,45,5,59 84 286 306 469
subjects[].heading,Brochures,44,3,43 59 306
subjects[].heading,Budget,44,5,59 84 286 306 469
subjects[].heading,Cambodia,44,7,59 84 169 286 306 469 490
subjects[].heading,Ghana,43,6,59 84 286 306 469 490
subjects[].heading,Petroleum,43,6,59 76 84 169 306 469
subjects[].heading,Posters,43,6,59 208 229 286 306 490
subjects[].heading,International boundaries,42,3,43 59 76
subjects[].heading,Switzerland,42,4,59 84 286 306
subjects[].heading,Africa,41,5,59 286 306 469 490
subjects[].heading,Belgium,41,6,59 84 169 286 306 469
subjects[].heading,Middle East,41,5,59 84 286 306 469
subjects[].heading,Foreign aid,40,5,59 84 286 306 469
subjects[].heading,Kenya,40,6,59 84 286 306 469 490
subjects[].heading,Shanghai (China),40,2,59 84
subjects[].heading,Vouchers,40,5,43 59 84 286 306
subjects[].heading,Laos,39,6,59 84 169 286 306 469
subjects[].heading,Economic assistance,38,5,59 84 286 306 469
subjects[].heading,Economic development,38,6,59 84 286 306 469 486
subjects[].heading,Ethiopia,38,6,59 84 286 306 469 490
subjects[].heading,Liberia,38,6,59 84 286 306 469 490
subjects[].heading,Romania,38,6,43 59 84 286 306 466
subjects[].heading,Czechoslovakia,37,4,59 84 306 466
subjects[].heading,Disarmament,37,6,43 59 84 306 383 466
subjects[].heading,Prisoners of war,37,4,59 84 306 466
subjects[].heading,U.S. Information Agency. Voice of America. (08/01/1953 - 04/01/1978),37,2,59 306
subjects[].heading,Military assistance,36,3,43 59 84
subjects[].heading,Netherlands,36,6,59 84 169 286 306 469
subjects[].heading,Nigeria,36,5,59 84 286 306 469
subjects[].heading,Questionnaires,36,5,59 286 306 353 466
subjects[].heading,Schedules (Time plans),36,3,59 306 466
subjects[].heading,Training,36,5,59 286 306 469 490
subjects[].heading,Uruguay,36,7,59 76 84 229 286 306 469
subjects[].heading,"Black Tom Explosion, 1916",35,1,76
subjects[].heading,Email,35,3,59 84 286
subjects[].heading,Indexes (Reference sources),35,5,59 76 84 208 306
subjects[].heading,Jamaica,35,5,59 84 286 306 490
subjects[].heading,"Kingsland Explosion, Lyndhurst, N.J., 1917",35,1,76
subjects[].heading,Public opinion,35,2,59 306
subjects[].heading,United States,35,5,59 76 208 286 306
subjects[].heading,Visas,35,4,59 84 306 353
subjects[].heading,Congresses and conventions,34,4,59 84 286 306
subjects[].heading,Libya,34,7,43 59 84 286 306 353 469
subjects[].heading,Programs,34,2,59 306
subjects[].heading,Taiwan,34,5,59 84 286 306 469
subjects[].heading,Sudan,33,5,59 84 286 306 469
subjects[].heading,Technical assistance,33,6,43 59 84 286 306 469
subjects[].heading,Transportation,33,6,59 84 229 286 306 469
subjects[].heading,Charts (graphic documents),32,4,59 84 306 353
subjects[].heading,Diplomatic and consular service,32,2,59 84
subjects[].heading,Narcotics,32,4,59 84 286 306
subjects[].heading,Organizational charts,32,3,59 286 306
subjects[].heading,Press,32,4,59 84 286 306
subjects[].heading,Australia,31,5,43 59 84 286 306
subjects[].heading,Guyana,31,5,59 76 84 286 306
subjects[].heading,International economic relations,31,4,59 84 306 353
subjects[].heading,Law and legislation,31,2,59 306
subjects[].heading,Sweden,31,3,59 84 306
subjects[].heading,Syria,31,5,59 84 286 306 469
subjects[].heading,Tanzania,31,6,59 84 286 306 469 490
subjects[].heading,Bangladesh,30,4,59 84 286 469
subjects[].heading,Briefs,30,3,59 84 306
subjects[].heading,Brussels (Belgium),30,3,59 84 306
subjects[].heading,Claims involving the Federal Government,30,1,76
subjects[].heading,Industries,30,6,59 84 286 306 466 469
subjects[].heading,"Katyn Massacre, Katyn, Russia, 1940",30,4,59 84 306 466
subjects[].heading,Manuals,30,4,59 286 306 490
subjects[].heading,Norway,30,4,59 84 286 306
subjects[].heading,Reparations,30,4,43 59 84 466
subjects[].heading,Somalia,30,6,43 59 84 286 306 469
subjects[].heading,Bulgaria,29,6,43 59 84 286 306 466
subjects[].heading,Organization of American States,29,5,43 59 84 286 306
subjects[].heading,Policy papers,29,3,59 306 466
subjects[].heading,Senegal,29,5,59 84 169 286 306
subjects[].heading,South Africa,29,5,59 84 286 306 490
subjects[].heading,Student exchange programs,29,2,59 306
subjects[].heading,Trade policy,29,5,59 84 286 306 469
subjects[].heading,Announcements,28,5,59 76 286 306 466
subjects[].heading,Asia,28,5,59 286 306 469 490
subjects[].heading,Cold War,28,3,59 306 383
subjects[].heading,Regulations,28,2,59 306
subjects[].heading,Surveys,28,4,59 84 286 306
subjects[].heading,Yemen (Republic),28,5,59 84 286 306 469
subjects[].heading,Cyprus,27,5,59 84 286 306 469
subjects[].heading,"Nixon, Richard M. (Richard Milhous), 1913-1994",27,3,59 84 306
subjects[].heading,African Americans,26,9,59 63 76 84 208 229 286 306 469
subjects[].heading,Articles,26,6,43 59 76 84 306 466
subjects[].heading,Cultural relations,26,3,59 306 466
subjects[].heading,Culture,26,4,59 84 286 306
subjects[].heading,Finland,26,4,43 59 84 306
subjects[].heading,Nuclear energy,26,3,59 84 306
subjects[].heading,"Vietnam War, 1961-1975",26,4,43 59 84 306
subjects[].heading,Zimbabwe,26,5,59 84 286 306 469
subjects[].heading,Communist countries,25,2,59 306
subjects[].heading,"Kennedy, John F. (John Fitzgerald), 1917-1963",25,2,59 306
subjects[].heading,"Policy, Government",25,4,59 84 286 306
subjects[].heading,Visits of state,25,2,59 306
subjects[].heading,Housing,24,4,59 286 306 466
subjects[].heading,Legislation,24,5,59 286 306 466 490
subjects[].heading,Repatriation,24,3,59 84 306
subjects[].heading,Singapore,24,5,59 84 286 306 469
subjects[].heading,"United Nations Educational, Scientific and Cultural Organization.",24,5,43 59 84 286 306
subjects[].heading,Administration,23,5,59 84 286 306 469
subjects[].heading,Citizenship,23,4,59 84 306 466
subjects[].heading,Exports,23,7,43 59 84 286 306 469 486
subjects[].heading,Hong Kong (China),23,4,59 84 306 469
subjects[].heading,London (England),23,4,43 59 84 306
subjects[].heading,Malaysia,23,5,59 84 286 306 469
subjects[].heading,New Zealand,23,5,43 59 84 286 306
subjects[].heading,Barbados,22,4,59 84 286 306
subjects[].heading,Bibliographies,22,3,59 286 306
subjects[].heading,Commissions,22,1,59
subjects[].heading,Denmark,22,4,59 84 286 306
subjects[].heading,Fisheries,22,4,59 76 84 286
subjects[].heading,"Johnson, Lyndon B. (Lyndon Baines), 1908-1973",22,3,59 84 306
subjects[].heading,Mali,22,4,59 84 286 306
subjects[].heading,Periodicals,22,2,59 306
subjects[].heading,Politics and government,22,3,59 84 306
subjects[].heading,Resolutions,22,3,43 59 306
subjects[].heading,Saudi Arabia,22,5,59 84 286 306 469
subjects[].heading,Statistics,22,5,43 59 286 306 466
subjects[].heading,"Aeronautics, Commercial",21,5,43 59 84 466 469
subjects[].heading,Algeria,21,5,59 84 286 306 469
subjects[].heading,Assassination,21,3,59 84 306
subjects[].heading,Banks and banking,21,5,59 84 286 306 466
subjects[].heading,Cameroon,21,5,59 84 286 306 490
subjects[].heading,Claims,21,4,59 76 84 306
subjects[].heading,Intelligence,21,4,59 84 208 306
subjects[].heading,Luxembourg,21,5,59 84 169 286 306
subjects[].heading,Public relations,21,4,59 84 286 306
subjects[].heading,Sierra Leone,21,6,59 84 286 306 469 490
subjects[].heading,Uganda,21,5,59 84 286 306 469
subjects[].heading,War crimes,21,3,59 84 466
subjects[].heading,Aeronautics,20,5,43 59 84 306 466
subjects[].heading,Biography,20,3,43 59 306
subjects[].heading,Cote d'Ivoire,20,5,43 59 84 286 306
subjects[].heading,Emigration and immigration,20,3,59 84 306
subjects[].heading,Iceland,20,5,59 84 286 306 469
subjects[].heading,Invitations,20,2,59 306
subjects[].heading,Libraries,20,4,59 286 306 466
subjects[].heading,Madagascar,20,6,59 84 286 306 469 490
subjects[].heading,Russia,20,5,59 84 256 286 306
subjects[].heading,Rwanda,20,4,59 286 306 490
subjects[].heading,Tacna (Peru),20,2,76 84
subjects[].heading,"Albright, Madeleine Korbel, 1937-",19,1,59
subjects[].heading,Applications,19,5,59 84 286 306 466
subjects[].heading,Economic policy,19,4,59 84 286 306
subjects[].heading,"Eisenhower, Dwight D. (Dwight David), 1890-1969",19,5,59 84 208 306 466
subjects[].heading,International cultural affairs,19,3,59 84 306
subjects[].heading,Nuclear nonproliferation,19,2,59 84
subjects[].heading,Telecommunication,19,6,43 59 84 286 306 469
subjects[].heading,Terrorism,19,4,59 84 286 306
subjects[].heading,World Health Organization,19,4,43 59 84 286
subjects[].heading,Card indexes,18,5,59 76 84 208 466
subjects[].heading,Colonies,18,3,43 59 306
subjects[].heading,Committees,18,2,59 306
subjects[].heading,Diplomatic negotiations,18,3,59 84 383
subjects[].heading,Economic conditions,18,3,59 84 306
subjects[].heading,Eswatini,18,2,84 286
subjects[].heading,Geneva (Switzerland),18,5,43 59 84 286 306
subjects[].heading,Government publications,18,1,306
subjects[].heading,Paris (France),18,5,43 59 84 306 469
subjects[].heading,United Nations. General Assembly,18,4,43 59 84 306
subjects[].heading,Belize,17,4,59 84 286 306
subjects[].heading,Burkina Faso,17,5,59 84 286 306 490
subjects[].heading,Elections,17,4,59 84 286 306
subjects[].heading,General Agreement on Tariffs and Trade. (1947 - ca. 1994),17,3,43 59 84
subjects[].heading,Korea (South),17,5,59 84 286 306 469
subjects[].heading,"Laws, statutes, etc.",17,3,59 84 466
subjects[].heading,Nutrition,17,2,59 286
subjects[].heading,Organisation for Economic Co-operation and Development. (09/30/1961 - ),17,4,43 59 84 286
subjects[].heading,Public health,17,5,59 286 306 466 469
subjects[].heading,Translations,17,2,59 306
subjects[].heading,U.S. Information Agency. (08/01/1953 - 04/01/1978),17,5,43 59 84 286 306
subjects[].heading,United Nations. Economic and Social Council. (1946 - ),17,4,43 59 84 286
subjects[].heading,Burundi,16,4,59 84 286 306
subjects[].heading,Chad,16,4,59 84 286 306
subjects[].heading,Cultural diplomacy,16,3,59 84 306
subjects[].heading,Department of State.~. Voice of America. (12/31/1945 - 08/01/1953),16,3,59 208 306
subjects[].heading,Grants and fellowships,16,3,59 286 306
subjects[].heading,Itineraries,16,4,59 84 286 306
subjects[].heading,Malawi,16,5,59 286 306 469 490
subjects[].heading,"Mutual security program, 1951-",16,2,59 306
subjects[].heading,Natural gas,16,2,59 84
subjects[].heading,Psychological warfare,16,3,59 208 306
subjects[].heading,Puerto Rico,16,3,59 286 306
subjects[].heading,Radio,16,6,43 59 208 286 306 466
subjects[].heading,"Rusk, Dean, 1909-1994",16,2,59 306
subjects[].heading,Trinidad,16,4,59 84 286 306
subjects[].heading,Annual reports,15,3,59 286 306
subjects[].heading,Botswana,15,4,59 84 286 490
subjects[].heading,Broadcasting,15,3,43 59 306
subjects[].heading,Department of State. Agency for International Development. (1961 - 10/01/1979),15,3,59 84 306
subjects[].heading,Economic Cooperation Administration. (1948 - 12/30/1951),15,3,59 84 306
subjects[].heading,International Atomic Energy Agency. (07/29/1957 - ),15,2,59 84
subjects[].heading,Legal documents,15,2,59 306
subjects[].heading,Moscow (Russia),15,3,59 84 306
subjects[].heading,Niger,15,3,59 286 306
subjects[].heading,Population,15,3,59 286 306
subjects[].heading,Proceedings,15,3,59 286 306
subjects[].heading,Publishers and publishing,15,4,59 84 286 306
subjects[].heading,Radio Free Europe,15,2,59 306
subjects[].heading,Ambassadors,14,2,59 84
subjects[].heading,Bremen (Germany),14,3,59 84 466
subjects[].heading,Commerce,14,3,59 84 466
subjects[].heading,"Dulles, John Foster, 1888-1959",14,4,59 84 306 466
subjects[].heading,Guatemala (Guatemala),14,4,59 84 286 306
subjects[].heading,Guidelines,14,5,59 286 306 353 466
subjects[].heading,International Committee of the Red Cross,14,3,59 84 286
subjects[].heading,"Investments, Foreign",14,2,59 84
subjects[].heading,"Kissinger, Henry, 1923-2023",14,2,59 84
subjects[].heading,Management,14,4,59 84 286 306
subjects[].heading,National security,14,3,59 84 306
subjects[].heading,Peace,14,3,59 286 306
subjects[].heading,"Philip, Prince, consort of Elizabeth II, Queen of Great Britain, 1921-2021",14,1,59
subjects[].heading,Position papers,14,3,59 84 306
subjects[].heading,Research,14,3,59 286 306
subjects[].heading,Sanitation,14,3,59 286 469
subjects[].heading,Ships,14,4,59 76 84 466
subjects[].heading,Southeast Asia Treaty Organization. (02/19/1955 - 06/30/1977),14,5,43 59 84 306 469
subjects[].heading,Taipei (Taiwan),14,2,84 306
subjects[].heading,Travel,14,4,59 84 286 306
subjects[].heading,Vienna (Austria),14,2,59 84
subjects[].heading,Agricultural Trade Development and Assistance Act of 1954,13,4,59 286 306 469
subjects[].heading,Benin,13,5,59 84 286 306 490
subjects[].heading,Biographies,13,2,59 306
subjects[].heading,Bremerhaven (Germany),13,2,84 466
subjects[].heading,Chronologies,13,2,59 306
subjects[].heading,Cologne (Germany),13,1,84
subjects[].heading,Communication,13,5,59 169 208 286 306
subjects[].heading,Exchange of persons programs,13,1,306
subjects[].heading,Imports,13,6,43 59 84 286 306 469
subjects[].heading,Indochina,13,4,59 84 306 469
subjects[].heading,Inspections,13,3,59 306 466
subjects[].heading,"Kennedy, Robert F. (Robert Francis), 1925-1968",13,2,59 306
subjects[].heading,Labor unions,13,5,59 84 286 306 466
subjects[].heading,Logs (Records),13,4,59 84 208 306
subjects[].heading,Military bases,13,3,59 84 306
subjects[].heading,Montreal (Québec),13,3,43 84 306
subjects[].heading,Nuclear weapons,13,3,59 84 306
subjects[].heading,Resumes,13,2,286 306
subjects[].heading,Rural development,13,2,286 469
subjects[].heading,Togo,13,3,59 286 306
subjects[].heading,Trieste (Italy),13,4,43 59 84 239
subjects[].heading,Zambia,13,4,59 286 306 490
subjects[].heading,"Acheson, Dean, 1893-1971",12,1,59
subjects[].heading,Angola,12,4,59 84 286 306
subjects[].heading,Arms transfers,12,2,59 84
subjects[].heading,Bills (legislative records),12,2,59 306
subjects[].heading,Birth control,12,1,286
subjects[].heading,Buenos Aires (Argentina),12,3,59 84 306
subjects[].heading,Civil rights,12,2,59 306
subjects[].heading,Engineering,12,4,59 84 286 469
subjects[].heading,Faxes,12,2,59 286
subjects[].heading,Food aid,12,5,59 84 286 306 469
subjects[].heading,Frankfurt am Main (Germany),12,1,84
subjects[].heading,Government reorganization,12,2,59 306
subjects[].heading,History,12,2,84 306
subjects[].heading,Kuwait,12,4,59 84 306 469
subjects[].heading,Law of the sea,12,1,59
subjects[].heading,Laws,12,4,59 286 306 466
subjects[].heading,Martinique,12,3,59 84 306
subjects[].heading,Mass media,12,3,59 286 306
subjects[].heading,"Military assistance, American",12,3,59 84 469
subjects[].heading,Organisation for European Economic Co-operation. (04/16/1948 - 09/1961),12,3,59 84 469
subjects[].heading,Outer space,12,3,59 84 306
subjects[].heading,Panama Canal (Panama),12,4,59 84 286 306
subjects[].heading,Railroads,12,6,43 59 84 169 286 469
subjects[].heading,Small business,12,1,286
subjects[].heading,South America,12,5,59 229 286 306 490
subjects[].heading,Tunis (Tunisia),12,3,59 84 306
subjects[].heading,UNICEF,12,6,43 59 84 286 306 469
subjects[].heading,United Nations Relief and Rehabilitation Administration,12,3,43 59 84
subjects[].heading,Washington (D.C.),12,5,43 59 84 182 306
subjects[].heading,AFL-CIO,11,1,306
subjects[].heading,Albania,11,2,84 306
subjects[].heading,Amendments,11,3,59 286 306
subjects[].heading,Appropriations and expenditures,11,4,59 286 306 490
subjects[].heading,Budgets,11,3,59 286 306
subjects[].heading,Casablanca (Morocco),11,2,84 306
subjects[].heading,Defenses,11,4,59 84 286 466
subjects[].heading,Democracy,11,3,59 286 306
subjects[].heading,Employees,11,5,59 84 286 306 466
subjects[].heading,Energy development,11,5,59 84 286 306 469
subjects[].heading,European Economic Community. (1958 - 1967),11,3,59 84 306
subjects[].heading,Gambia,11,2,59 286
subjects[].heading,Helsinki (Finland),11,3,59 84 306
subjects[].heading,International expositions,11,2,59 306
subjects[].heading,"King, Martin Luther, Jr., 1929-1968",11,3,59 84 306
subjects[].heading,Latvia,11,4,84 256 286 306
subjects[].heading,Leaflets,11,1,306
subjects[].heading,Loans,11,4,59 84 286 469
subjects[].heading,Mexico City (Mexico),11,2,84 306
subjects[].heading,National Aeronautics and Space Administration. Apollo 11 (Spacecraft) (1969 - 1969),11,2,84 306
subjects[].heading,Palestine,11,4,59 84 306 469
subjects[].heading,Procedures,11,3,59 286 306
subjects[].heading,Registers (Lists),11,2,59 466
subjects[].heading,Roads,11,4,59 84 286 469
subjects[].heading,Scholarships,11,2,59 286
subjects[].heading,Seattle (Wash.),11,2,43 59
subjects[].heading,Shipping,11,5,59 84 286 306 469
subjects[].heading,Tangier (Morocco),11,1,84
subjects[].heading,Television broadcasting,11,1,306
subjects[].heading,"Truman, Harry S., 1884-1972",11,4,59 208 286 306
subjects[].heading,United Nations Conference on Trade and Development,11,3,59 84 286
subjects[].heading,United States-Soviet relations,11,2,59 84
subjects[].heading,Whaling,11,2,43 59
subjects[].heading,Zurich (Switzerland),11,2,59 84
subjects[].heading,Algiers (Algeria),10,2,84 306
subjects[].heading,Art,10,2,59 306
subjects[].heading,Audits,10,2,59 286
subjects[].heading,Briefs (Legal documents),10,3,59 76 306
subjects[].heading,Catalogs,10,2,59 306
subjects[].heading,Certificates,10,4,59 76 84 306
subjects[].heading,East Asia,10,3,59 306 469
subjects[].heading,Embassy buildings,10,2,59 353
subjects[].heading,Employment,10,4,43 59 286 466
subjects[].heading,Equipment and supplies,10,2,84 306
subjects[].heading,Festivals,10,2,59 306
subjects[].heading,Food,10,5,59 84 286 306 469
subjects[].heading,Food and Agriculture Organization of the United Nations,10,4,43 59 84 286
subjects[].heading,Forests and forestry,10,2,286 469
subjects[].heading,Form letters,10,2,59 84
subjects[].heading,Grenada,10,4,59 84 286 306
subjects[].heading,Histories,10,1,59
subjects[].heading,Ho Chi Minh City (Vietnam),10,2,84 306
subjects[].heading,International cooperation,10,3,43 59 306
subjects[].heading,International development,10,4,59 84 286 306
subjects[].heading,Ireland,10,4,59 84 286 306
subjects[].heading,Irrigation,10,3,59 286 469
subjects[].heading,Lesotho,10,2,84 286
subjects[].heading,Mauritania,10,4,59 286 306 469
subjects[].heading,Music,10,2,59 306
subjects[].heading,Oman,10,4,59 286 306 469
subjects[].heading,Personnel management,10,4,59 84 286 306
subjects[].heading,Population Council,10,1,286
subjects[].heading,Rabat (Morocco),10,3,84 286 306
subjects[].heading,"Reagan, Ronald, 1911-2004",10,2,59 306
subjects[].heading,Recife (Brazil),10,1,84
subjects[].heading,Subcontracts,10,1,286
subjects[].heading,Tariff,10,4,59 84 286 306
subjects[].heading,Trade agreements,10,2,59 306
subjects[].heading,United Nations. Economic Commission for Europe,10,3,43 59 84
subjects[].heading,"Vance, Cyrus R. (Cyrus Roberts), 1917-2002",10,2,59 84
subjects[].heading,Affidavits,9,4,59 76 84 306
subjects[].heading,Buildings,9,2,59 306
subjects[].heading,Calcutta (India),9,1,84
subjects[].heading,Censorship,9,3,59 84 306
subjects[].heading,Central America,9,3,59 286 490
subjects[].heading,Ciudad Juarez (Mexico),9,2,59 84
subjects[].heading,Concentration camps,9,2,59 84
subjects[].heading,Developing countries,9,3,59 286 306
subjects[].heading,Dhahran (Saudi Arabia),9,2,59 84
subjects[].heading,Dinners and dining,9,2,59 306
subjects[].heading,Emergency management,9,4,59 84 286 306
subjects[].heading,Engineering drawings,9,2,59 306
subjects[].heading,Foreign economic affairs,9,3,43 59 84
subjects[].heading,Guinea,9,4,59 84 286 306
subjects[].heading,Hamburg (Germany),9,1,84
subjects[].heading,Hearings,9,2,59 306
subjects[].heading,International Monetary Fund. (07/1944 - ),9,3,43 59 84
subjects[].heading,International organization,9,2,59 84
subjects[].heading,Interviews,9,3,59 306 490
subjects[].heading,Investments,9,3,59 84 286
subjects[].heading,Jakarta Barat (Indonesia),9,2,84 306
subjects[].heading,"Kennedy, John F. (John Fitzgerald), 1917- 1963",9,2,59 306
subjects[].heading,"Khrushchev, Nikita Sergeevich, 1894-1971",9,2,59 306
subjects[].heading,Korea (North),9,2,59 306
subjects[].heading,Literacy,9,4,59 286 306 466
subjects[].heading,Malta,9,3,59 84 306
subjects[].heading,Membership lists,9,2,59 306
subjects[].heading,Monetary policy,9,3,59 84 286
subjects[].heading,Munich (Germany),9,2,84 306
subjects[].heading,National Academy of Sciences. (03/03/1863 - ),9,3,59 286 306
subjects[].heading,Prisons,9,3,59 84 466
subjects[].heading,Research (Document genres),9,2,306 466
subjects[].heading,Rio de Janeiro (Brazil),9,3,76 84 306
subjects[].heading,Sagua la Grande (Cuba),9,1,84
subjects[].heading,Space programs,9,2,59 306
subjects[].heading,Sports,9,3,43 306 466
subjects[].heading,Textiles,9,3,59 84 306
subjects[].heading,Trade shows,9,1,306
subjects[].heading,Translating and interpreting,9,2,59 306
subjects[].heading,U.S. Information Agency. Voice of America. (08/24/1982 - 09/06/1995),9,1,306
subjects[].heading,Vancouver (B.C.),9,2,84 306
subjects[].heading,Vietnam (Republic),9,2,59 84
subjects[].heading,Water resources development,9,3,59 286 469
subjects[].heading,Aden (Yemen),8,3,59 84 306
subjects[].heading,Alaska,8,3,59 76 306
subjects[].heading,Antarctica,8,4,43 59 84 306
subjects[].heading,Antofagasta (Chile),8,1,84
subjects[].heading,Armaments,8,3,59 306 466
subjects[].heading,Bahamas,8,4,59 84 286 306
subjects[].heading,Bangkok (Thailand),8,3,59 84 306
subjects[].heading,Bern (Switzerland),8,2,43 84
subjects[].heading,Blueprints,8,3,43 59 306
subjects[].heading,"Bordeaux (Aquitaine, France)",8,1,84
subjects[].heading,Boundaries,8,4,43 59 76 256
subjects[].heading,Bridgetown (Barbados),8,2,84 286
subjects[].heading,"Bush, George, 1924-2018",8,2,59 306
subjects[].heading,Cairo (Egypt),8,2,84 286
subjects[].heading,"Carter, Jimmy, 1924-2024",8,4,59 84 286 306
subjects[].heading,Central Treaty Organization. (08/19/1959 - 05/1979),8,5,59 84 286 306 469
subjects[].heading,Community development,8,3,59 286 469
subjects[].heading,Curaçao,8,3,59 84 306
subjects[].heading,Damascus (Syria),8,2,84 306
subjects[].heading,Diplomats,8,2,59 306
subjects[].heading,"Elizabeth II, Queen of Great Britain, 1926-2022",8,1,59
subjects[].heading,Espionage,8,3,59 286 306
subjects[].heading,"Europe, Eastern",8,3,59 84 306
subjects[].heading,"Expo 67 (Montréal, Québec)",8,1,306
subjects[].heading,Extradition,8,3,59 84 466
subjects[].heading,Firearms,8,2,59 466
subjects[].heading,Fliers (Printed matter),8,2,59 306
subjects[].heading,General Agreement on Tariffs and Trade (1947),8,1,59
subjects[].heading,"Herter, Christian Archibald, 1895-1966",8,1,59
subjects[].heading,International Court of Justice,8,2,59 84
subjects[].heading,International law,8,2,59 84
subjects[].heading,International policy,8,1,306
subjects[].heading,Investigations,8,3,59 84 306
subjects[].heading,Kingston (Jamaica),8,2,84 306
subjects[].heading,Kinshasa (Congo),8,2,84 306
subjects[].heading,Language and education,8,3,59 286 306
subjects[].heading,Manila (Philippines),8,4,43 59 84 306
subjects[].heading,Manpower planning,8,2,286 306
subjects[].heading,Medical care,8,4,59 286 306 490
subjects[].heading,Minerals,8,5,59 84 169 286 469
subjects[].heading,Nairobi (Kenya),8,3,59 84 306
subjects[].heading,Negotiation,8,2,59 84
subjects[].heading,News photographs,8,2,59 306
subjects[].heading,Panama (Panama),8,4,59 84 286 306
subjects[].heading,Papua New Guinea,8,3,59 84 286
subjects[].heading,Pardon,8,2,59 466
subjects[].heading,Physical sciences,8,1,84
subjects[].heading,Postcards,8,3,76 306 466
subjects[].heading,Public administration,8,3,59 286 469
subjects[].heading,Québec (Québec),8,2,76 84
subjects[].heading,Receipts (Acknowledgments),8,3,59 76 306
subjects[].heading,Receptions,8,1,59
subjects[].heading,Religion,8,4,59 84 306 466
subjects[].heading,Safehaven (Program),8,1,84
subjects[].heading,Santiago (Chile),8,3,59 84 306
subjects[].heading,Serial publications,8,2,59 306
subjects[].heading,Shelf lists,8,4,59 208 286 306
subjects[].heading,São Paulo (Brazil),8,2,84 306
subjects[].heading,Tables (Systematic lists),8,3,76 84 306
subjects[].heading,Taxation,8,3,59 84 286
subjects[].heading,Television,8,2,286 306
subjects[].heading,Texas,8,4,59 76 84 306
subjects[].heading,Tibet Autonomous Region (China),8,2,59 306
subjects[].heading,Tokyo (Japan),8,3,59 84 306
subjects[].heading,Vaccination,8,3,59 286 306
subjects[].heading,"Visitors, Foreign",8,2,59 306
subjects[].heading,Volunteers,8,2,306 490
subjects[].heading,War criminals,8,4,59 84 208 466
subjects[].heading,Youth,8,3,59 84 306
subjects[].heading,Administrative records,7,2,59 306
subjects[].heading,Alliance for Progress,7,3,59 286 306
subjects[].heading,Armed forces,7,2,59 84
subjects[].heading,Armenia,7,3,59 286 490
subjects[].heading,Awards,7,3,59 84 306
subjects[].heading,"Baker, James Addison, 1930-",7,3,59 84 306
subjects[].heading,Bergen (Norway),7,2,43 84
subjects[].heading,Calendars,7,2,59 306
subjects[].heading,Central African Republic,7,5,59 84 286 306 490
subjects[].heading,Cornell University,7,2,59 286
subjects[].heading,Dhaka (Bangladesh),7,1,84
subjects[].heading,East-West trade,7,4,59 84 466 469
subjects[].heading,Energy industries,7,3,59 84 286
subjects[].heading,Export controls,7,3,59 84 466
subjects[].heading,Florence (Italy),7,3,59 84 239
subjects[].heading,"Franklin, Benjamin, 1706-1790",7,3,59 76 306
subjects[].heading,Germany (East),7,3,59 84 306
subjects[].heading,"Gorbachev, Mikhail Sergeevich, 1931-2022",7,2,59 306
subjects[].heading,Guaymas (Mexico),7,1,84
subjects[].heading,Hawaii,7,3,59 84 306
subjects[].heading,International Bank for Reconstruction and Development. (12/27/1945 - ),7,1,59
subjects[].heading,International Civil Aviation Organization.,7,3,43 59 84
subjects[].heading,International Labour Organisation (1919 - ),7,3,43 59 84
subjects[].heading,International Refugee Organization. (1946 - 1952),7,2,59 84
subjects[].heading,"Iran Hostage Crisis, 1979-1981",7,2,59 353
subjects[].heading,Johns Hopkins University,7,1,286
subjects[].heading,Karachi (Pakistan),7,3,84 286 306
subjects[].heading,Law,7,2,59 286
subjects[].heading,Legal matters,7,2,59 306
subjects[].heading,Lithuania,7,3,256 286 306
subjects[].heading,Liverpool (England),7,1,84
subjects[].heading,Maritime law,7,1,59
subjects[].heading,Melbourne (Vic.),7,2,43 84
subjects[].heading,Montevideo (Uruguay),7,2,84 306
subjects[].heading,Namibia,7,2,59 84
subjects[].heading,Natural resources,7,4,59 84 286 469
subjects[].heading,Naturalization,7,2,59 306
subjects[].heading,News bulletins,7,2,59 306
subjects[].heading,North Atlantic Council. (1949 - ),7,2,59 84
subjects[].heading,"Oswald, Lee Harvey, 1939-1963",7,3,59 84 306
subjects[].heading,Ottawa (Ont.),7,3,59 84 306
subjects[].heading,Pan American Health Organization,7,3,43 59 286
subjects[].heading,Pest control,7,2,286 469
subjects[].heading,Petitions,7,4,59 76 84 306
subjects[].heading,Poverty,7,3,59 286 306
subjects[].heading,Prague (Czech Republic),7,2,84 306
subjects[].heading,Pretoria (South Africa),7,3,84 286 306
subjects[].heading,Radio programs,7,1,306
subjects[].heading,Restitution,7,3,59 84 466
subjects[].heading,Rhodesia (Region),7,4,59 84 286 306
subjects[].heading,"Rogers, William P. (William Pierce), 1913-2001",7,1,59
subjects[].heading,"Roosevelt, Theodore, 1858-1919",7,1,59
subjects[].heading,Sailors,7,2,59 84
subjects[].heading,Saint John (N.B.),7,1,84
subjects[].heading,San José (Costa Rica),7,1,84
subjects[].heading,Santo Domingo (Dominican Republic),7,4,59 84 286 306
subjects[].heading,Schools,7,4,59 286 306 490
subjects[].heading,Scripts (Documents),7,3,59 286 306
subjects[].heading,Sofia (Bulgaria),7,3,84 286 306
subjects[].heading,Southeast Asia,7,3,59 286 306
subjects[].heading,Students,7,2,59 306
subjects[].heading,Suez (Egypt),7,1,84
subjects[].heading,Suriname,7,4,59 84 286 306
subjects[].heading,Thessaloníki (Greece),7,2,84 306
subjects[].heading,Toronto (Ont.),7,1,84
subjects[].heading,Ukraine,7,2,286 306
subjects[].heading,Weapons,7,2,59 466
subjects[].heading,Women in development,7,2,286 306
subjects[].heading,Wood products,7,2,286 469
subjects[].heading,Accra (Ghana),6,2,84 306
subjects[].heading,Agricultural research,6,1,286
subjects[].heading,"American Civil War, 1861-1865",6,2,59 76
subjects[].heading,American National Red Cross (04/17/1893 - 02/12/1978),6,2,43 84
subjects[].heading,Ankara (Turkey),6,2,84 306
subjects[].heading,"Antananarivo (Antananarivo, Madagascar)",6,2,84 306
subjects[].heading,Antigua,6,4,59 84 286 306
subjects[].heading,Arica (Chile),6,2,76 84
subjects[].heading,Arts,6,3,59 76 306
subjects[].heading,Barcelona (Spain),6,2,84 306
subjects[].heading,Basrah (Iraq),6,1,84
subjects[].heading,Beijing (China),6,3,59 84 306
subjects[].heading,Beirut (Lebanon),6,3,59 84 306
subjects[].heading,Biological warfare,6,2,59 306
subjects[].heading,Birmingham (England),6,1,84
subjects[].heading,Bombay (India),6,1,84
subjects[].heading,Budapest (Hungary),6,2,84 306
subjects[].heading,Bylaws,6,2,59 306
subjects[].heading,Caracas (Venezuela),6,2,84 306
subjects[].heading,Communists,6,2,59 306
subjects[].heading,"Cuban Missile Crisis, 1962",6,3,59 84 306
subjects[].heading,Dakar (Senegal),6,2,84 306
subjects[].heading,Dar es Salaam (Tanzania),6,3,84 286 306
subjects[].heading,Depositions,6,2,59 306
subjects[].heading,Diplomatic privileges and immunities,6,2,59 306
subjects[].heading,Directories,6,2,59 306
subjects[].heading,Disaster relief,6,2,286 469
subjects[].heading,Dublin (Ireland),6,1,84
subjects[].heading,England,6,2,59 84
subjects[].heading,Eritrea,6,3,43 59 84
subjects[].heading,Executive orders,6,2,59 306
subjects[].heading,Floods,6,4,59 286 306 469
subjects[].heading,"Ford, Gerald R., 1913-2006",6,1,59
subjects[].heading,Funchal (Madeira Islands),6,1,84
subjects[].heading,Genoa (Italy),6,3,59 84 239
subjects[].heading,Gibraltar,6,2,59 84
subjects[].heading,Gold,6,2,59 84
subjects[].heading,"Gromyko, Andrei Andreevich, 1909-",6,2,59 84
subjects[].heading,Guayaquil (Ecuador),6,2,84 306
subjects[].heading,"Haig, Alexander Meigs, 1924-2010",6,1,59
subjects[].heading,Hamilton (Bermuda Islands),6,1,84
subjects[].heading,Harbors,6,3,59 84 169
subjects[].heading,Hospitals,6,3,59 84 286
subjects[].heading,"Humphrey, Hubert Horatio, Jr., 1911-1978",6,2,59 286
subjects[].heading,Industrialization,6,2,59 286
subjects[].heading,Inheritance and succession,6,2,59 84
subjects[].heading,Intergovernmental Committee for European Migration (1952 - 1980),6,4,43 59 84 306
subjects[].heading,International Communication Agency. Voice of America. (04/01/1978 - 08/24/1982),6,1,306
subjects[].heading,Invoices,6,4,43 59 306 469
subjects[].heading,Istanbul,6,1,84
subjects[].heading,Journals (Periodicals),6,3,59 306 353
subjects[].heading,Kingston-Upon-Hull (Englan),6,1,84
subjects[].heading,La Paz (Bolivia),6,2,84 286
subjects[].heading,Legal correspondence,6,3,59 76 306
subjects[].heading,Livestock,6,3,59 286 469
subjects[].heading,Lyon (France),6,1,84
subjects[].heading,Madras (India),6,1,84
subjects[].heading,Manchester (England),6,1,84
subjects[].heading,Marseilles (France),6,1,84
subjects[].heading,Menus,6,2,59 306
subjects[].heading,Mexicali (Mexico),6,1,84
subjects[].heading,Michigan State University,6,1,286
subjects[].heading,Motion picture film,6,2,286 306
subjects[].heading,Nanjing Shi (China),6,2,59 84
subjects[].heading,Naples (Italy),6,3,59 76 84
subjects[].heading,National Aeronautics and Space Administration. (10/01/1958 - ),6,4,59 84 286 306
subjects[].heading,Newspapers,6,2,59 306
subjects[].heading,Nuclear energy safety measures,6,2,59 84
subjects[].heading,Nuevo Laredo (Mexico),6,1,84
subjects[].heading,Osaka (Japan),6,2,84 306
subjects[].heading,Outlines,6,3,59 306 490
subjects[].heading,Palermo (Italy),6,2,59 84
subjects[].heading,People-to-People (Organization),6,1,306
subjects[].heading,Phnom Penh (Cambodia),6,2,84 306
subjects[].heading,Piedras Negras (Mexico),6,1,84
subjects[].heading,Plans (Reports),6,1,306
subjects[].heading,Plymouth (England),6,1,84
subjects[].heading,Political refugees,6,3,59 84 466
subjects[].heading,Port of Spain (Trinidad and Tobago),6,1,84
subjects[].heading,Portraits,6,2,59 306
subjects[].heading,Poznan (Poland),6,2,84 306
subjects[].heading,President (1963-1969 : Johnson). President's Commission on the Assassination of President John F. Kennedy. (11/30/1963 -…,6,2,59 306
subjects[].heading,Proclaimed list of certain blocked nationals,6,1,84
subjects[].heading,Range management,6,2,286 469
subjects[].heading,"Rowan, Carl Thomas, 1925-2000",6,1,306
subjects[].heading,Saint John's (N.L.),6,1,84
subjects[].heading,San Salvador (El Salvador),6,2,84 306
subjects[].heading,Satellites,6,2,286 306
subjects[].heading,Seoul (Korea),6,3,59 84 306
subjects[].heading,"Shenyang gu gong (Shenyang, Liaoning Sheng, China)",6,1,84
subjects[].heading,Shipbuilding,6,1,466
subjects[].heading,Steel industry and trade,6,3,59 286 466
subjects[].heading,Strasbourg (France),6,1,84
subjects[].heading,Student movements,6,3,59 84 306
subjects[].heading,Talking points,6,1,59
subjects[].heading,Tripoli (Libya),6,4,59 84 306 353
subjects[].heading,United Nations. Economic and Social Council. Economic Commission for Asia and the Far East. (1947 - 1974),6,3,43 59 84
subjects[].heading,University of Wisconsin,6,2,59 286
subjects[].heading,Valencia (Spain),6,1,84
subjects[].heading,Waterways,6,3,59 169 469
subjects[].heading,Welfare,6,5,59 84 286 306 466
subjects[].heading,Women,6,3,59 286 466
subjects[].heading,Abstracts,5,3,59 286 306
subjects[].heading,Adelaide (S. Aust.),5,1,84
subjects[].heading,Albums,5,3,59 76 306
subjects[].heading,Apartheid,5,2,59 306
subjects[].heading,Architectural drawings,5,1,306
subjects[].heading,Archives,5,2,59 84
subjects[].heading,Asuncion (Paraguay),5,2,59 84
subjects[].heading,Auditing,5,2,59 306
subjects[].heading,Authorizations,5,1,306
subjects[].heading,Bahrain,5,3,59 84 306
subjects[].heading,Basel (Switzerland),5,1,84
subjects[].heading,Bilbao (Spain),5,1,84
subjects[].heading,"Brezhnev, Leonid Il'ich, 1906-",5,3,59 84 306
subjects[].heading,Business,5,3,59 286 306
subjects[].heading,CARE Inc.,5,2,286 306
subjects[].heading,Cartagena (Colombia),5,1,84
subjects[].heading,Chaco Boreal (Paraguay and Bolivia),5,1,76
subjects[].heading,"Chihuahua (Chihuahua, Mexico)",5,2,76 84
subjects[].heading,Children,5,4,59 286 306 490
subjects[].heading,"Cleveland, Grover, 1837-1908",5,1,59
subjects[].heading,Coal,5,3,59 466 469
subjects[].heading,Colombo (Sri Lanka),5,2,84 306
subjects[].heading,Columbia University,5,1,286
subjects[].heading,Congo (Brazzaville),5,2,286 306
subjects[].heading,Constitutions,5,2,59 306
subjects[].heading,Copenhagen (Denmark),5,3,43 59 84
subjects[].heading,Copyright,5,3,59 84 306
subjects[].heading,Cork (Ireland),5,1,84
subjects[].heading,Debt,5,3,59 84 286
subjects[].heading,Department of Agriculture. (1862 - ),5,3,59 286 306
subjects[].heading,Department of Defense. (09/18/1947 - ),5,2,59 306
subjects[].heading,Department of Defense. Joint Chiefs of Staff. (09/17/1947 - ),5,1,59
subjects[].heading,Department of Health and Human Services. Public Health Service. Centers for Disease Control. (10/14/1980 - 1992),5,1,286
subjects[].heading,Department of State. (09/1789 - ),5,4,59 76 286 306
subjects[].heading,"Development Alternatives, Inc.",5,1,286
subjects[].heading,Development Loan Fund (U.S.),5,3,59 306 469
subjects[].heading,Düsseldorf (Germany),5,1,84
subjects[].heading,Enemy property,5,2,59 84
subjects[].heading,Environmental protection,5,3,59 84 286
subjects[].heading,European Community,5,2,59 306
subjects[].heading,"Exchanges, Literary and scientific",5,2,59 306
subjects[].heading,Exhibits (Court),5,4,59 76 306 466
subjects[].heading,Food relief,5,2,59 286
subjects[].heading,Foreign exchange,5,4,59 84 286 306
subjects[].heading,Fortaleza (Brazil),5,1,84
subjects[].heading,Fraud,5,2,59 306
subjects[].heading,French West Africa,5,4,59 286 306 469
subjects[].heading,Gabon,5,4,59 84 286 306
subjects[].heading,Guadalajara (N.C.),5,1,84
subjects[].heading,Guangzhou (China),5,1,84
subjects[].heading,Halifax (N.S.),5,1,84
subjects[].heading,Harvard Institute for International Development,5,1,286
subjects[].heading,Hesse (Germany : State),5,1,466
subjects[].heading,Hà Noi (Vietnam),5,1,84
subjects[].heading,Insurance,5,3,59 84 306
subjects[].heading,International Whaling Commission. (12/02/1946 - ),5,3,43 59 84
subjects[].heading,International education,5,2,59 306
subjects[].heading,International travel,5,3,59 84 306
subjects[].heading,Issuances,5,1,306
subjects[].heading,Jazz,5,1,306
subjects[].heading,Job descriptions,5,4,43 59 286 306
subjects[].heading,Johannesburg (South Africa),5,2,84 306
subjects[].heading,Kennedy Round negotiations,5,2,59 306
subjects[].heading,"Korean War, 1950-1953",5,2,59 306
subjects[].heading,Kuala Lumpur (Malaysia),5,2,84 306
subjects[].heading,Lagos (Nigeria),5,3,43 84 306
subjects[].heading,Land reform,5,2,84 286
subjects[].heading,Le Havre (France),5,2,76 84
subjects[].heading,Legislative hearings,5,3,59 306 490
subjects[].heading,Lisbon (Portugal),5,1,84
subjects[].heading,Literature,5,2,59 306
subjects[].heading,"Luanda (Luanda, Angola)",5,1,84
subjects[].heading,Lumber,5,2,84 469
subjects[].heading,Luncheons,5,1,59
subjects[].heading,Madrid (Spain),5,3,84 239 306
subjects[].heading,Maine,5,2,59 76
subjects[].heading,Malaria,5,3,59 286 469
subjects[].heading,Manpower,5,4,43 59 286 306
subjects[].heading,Manufacturing industries,5,3,84 306 466
subjects[].heading,Mauritius,5,4,59 84 286 469
subjects[].heading,Medan (Indonesia),5,1,84
subjects[].heading,Medellín (Colombia),5,1,84
subjects[].heading,Medicine,5,3,84 208 306
subjects[].heading,Messages,5,2,59 286
subjects[].heading,Micronesia,5,2,59 84
subjects[].heading,Milan (Italy),5,2,84 239
subjects[].heading,Military courts,5,1,466
subjects[].heading,Minorities,5,2,84 306
subjects[].heading,Missing in action,5,1,59
subjects[].heading,New Delhi (India),5,3,59 84 306
subjects[].heading,New York (N.Y.),5,2,59 306
subjects[].heading,Newcastle-upon-Tyne (England),5,1,84
subjects[].heading,Ocean,5,3,59 84 306
subjects[].heading,Operating manuals,5,2,59 306
subjects[].heading,Oslo (Norway),5,1,84
subjects[].heading,Pacific Ocean,5,1,59
subjects[].heading,Pan American Union,5,3,43 59 286
subjects[].heading,Paper,5,3,59 84 469
subjects[].heading,Patents,5,2,84 466
subjects[].heading,Performing arts,5,1,306
subjects[].heading,"Porto Alegre (Rio Grande do Sul, Brazil)",5,1,84
subjects[].heading,Power resources,5,2,84 286
subjects[].heading,Presidents,5,2,59 306
subjects[].heading,Publicity,5,3,43 59 306
subjects[].heading,Qingdao (China),5,1,84
subjects[].heading,Quito (Ecuador),5,4,59 84 286 306
subjects[].heading,Radio stations,5,1,306
subjects[].heading,Reviews,5,2,286 306
subjects[].heading,"Rundfunk im Amerikanischen Sektor (Berlin, Germany)",5,1,306
subjects[].heading,Saint Lucia,5,3,84 286 306
subjects[].heading,"Santos (Sao Paulo, Brazil)",5,1,84
subjects[].heading,Seville (Spain),5,1,84
subjects[].heading,Steel,5,2,59 466
subjects[].heading,Strategic Arms Limitation Talks,5,2,59 84
subjects[].heading,Strikes and lockouts,5,3,59 84 466
subjects[].heading,Suez Canal (Egypt),5,1,59
subjects[].heading,Summit meetings,5,2,59 306
subjects[].heading,Sydney (N.S.W.),5,1,84
subjects[].heading,Tenerife (Canary Islands),5,1,84
subjects[].heading,Territorial waters,5,2,59 84
subjects[].heading,Theater,5,2,59 306
subjects[].heading,Timber,5,3,59 466 469
subjects[].heading,Tobago (Trinidad and Tobago),5,3,59 84 306
subjects[].heading,Tourism,5,4,59 229 286 306
subjects[].heading,United Nations. Office of the United Nations High Commissioner for Refugees. (12/14/1950 - ),5,3,59 84 286
subjects[].heading,Valletta (Malta),5,1,84
subjects[].heading,"Vaughn, Jack Hood.",5,2,306 490
subjects[].heading,Venice (Italy),5,3,84 239 306
subjects[].heading,Vientiane (Laos : Municipality),5,3,84 286 306
subjects[].heading,Vietnam (Democratic Republic),5,2,59 84
subjects[].heading,Vladivostok (Russia),5,2,59 84
subjects[].heading,Water projects,5,3,59 286 469
subjects[].heading,Winnipeg (Man.),5,1,84
subjects[].heading,Zagreb (Croatia),5,2,84 306
subjects[].heading,AIDS (Disease),4,1,286
subjects[].heading,"Adenauer, Konrad, 1876-1967",4,2,59 306
subjects[].heading,Adoption,4,1,466
subjects[].heading,Aerial photographs,4,3,59 239 306
subjects[].heading,Aerogrammes,4,1,59
subjects[].heading,"Agua Prieta (Sonora, Mexico)",4,1,84
subjects[].heading,"Allen, George V. (George Venable), 1903-1970",4,1,306
subjects[].heading,American Jewish Joint Distribution Committee,4,3,84 286 469
subjects[].heading,"American National Exhibition (1959 : Moscow, Russia)",4,1,306
subjects[].heading,Amsterdam (Netherlands),4,1,84
subjects[].heading,Anniversaries,4,2,306 490
subjects[].heading,Arequipa (Peru),4,1,84
subjects[].heading,Auckland (N.Z.),4,1,84
subjects[].heading,Baden-Baden (Germany),4,2,59 84
subjects[].heading,Baghdad (Iraq),4,2,84 306
subjects[].heading,Barranquilla (Colombia),4,1,84
subjects[].heading,Belgrade (Serbia),4,2,84 306
subjects[].heading,"Bradford (West Yorkshire, England)",4,1,84
subjects[].heading,Brasília (Brazil),4,2,59 84
subjects[].heading,"Bunche, Ralph J. (Ralph Johnson), 1904-1971",4,2,59 306
subjects[].heading,Business enterprises,4,1,306
subjects[].heading,Canals,4,1,59
subjects[].heading,Cape Town (South Africa),4,1,84
subjects[].heading,Cape Verde,4,3,59 84 286
subjects[].heading,Cardiff (Wales),4,1,84
subjects[].heading,Cartels,4,1,466
subjects[].heading,Certificates of incorporation,4,2,59 306
subjects[].heading,Charters,4,3,59 286 306
subjects[].heading,Cherbourg (France),4,1,84
subjects[].heading,Chicago (Ill.),4,2,43 59
subjects[].heading,Chongqing (China),4,1,84
subjects[].heading,Civil defense,4,2,84 469
subjects[].heading,Coal trade,4,4,43 59 286 469
subjects[].heading,Colombo Plan. (ca. 1950 - ),4,3,43 59 469
subjects[].heading,Commercial products,4,1,59
subjects[].heading,Containment (International relations),4,2,59 84
subjects[].heading,Contraception,4,1,286
subjects[].heading,Cost and standard of living,4,3,59 306 466
subjects[].heading,Cotton,4,2,59 286
subjects[].heading,Crises,4,1,59
subjects[].heading,Defectors,4,2,59 306
subjects[].heading,Demonstrations,4,1,306
subjects[].heading,Denazification,4,3,43 59 466
subjects[].heading,Department of State. Peace Corps. (03/03/1961 - 07/01/1971),4,3,59 84 286
subjects[].heading,Digests (Periodicals),4,2,59 306
subjects[].heading,Diseases,4,3,59 286 490
subjects[].heading,Dominica,4,2,286 306
subjects[].heading,"Eagleburger, Lawrence S., 1930-",4,1,59
subjects[].heading,Earthquakes,4,3,59 286 469
subjects[].heading,"Ellington, Duke, 1899-1974",4,1,306
subjects[].heading,Emigration and immigration law,4,2,59 306
subjects[].heading,Estimates,4,2,59 306
subjects[].heading,Estonia,4,4,84 256 286 306
subjects[].heading,Euratom (1958 - ca. 1966),4,2,59 306
subjects[].heading,European Coal and Steel Community,4,3,59 84 466
subjects[].heading,Evacuation of civilians,4,2,59 84
subjects[].heading,Fishing,4,2,59 84
subjects[].heading,Florida,4,1,59
subjects[].heading,Foreign Assistance Act of 1961,4,2,59 286
subjects[].heading,Futures Group.,4,1,286
subjects[].heading,"Gaulle, Charles de, 1890-1970",4,2,59 306
subjects[].heading,Gaza Strip,4,2,59 286
subjects[].heading,Germans,4,2,59 466
subjects[].heading,Glasgow (Scotland),4,1,84
subjects[].heading,"Glenn, John, 1921-2016",4,2,59 306
subjects[].heading,Government programs,4,2,59 286
subjects[].heading,Governmental investigations,4,2,59 306
subjects[].heading,Great Seal of the United States,4,1,59
subjects[].heading,Göteborg (Sweden),4,1,84
subjects[].heading,Hamilton (Ont.),4,1,84
subjects[].heading,"Hammarskjöld, Dag, 1905-1961",4,2,59 306
subjects[].heading,Havana (Cuba),4,2,84 306
subjects[].heading,Hijacking of aircraft,4,1,59
subjects[].heading,"Hungarian revolution, 1956",4,2,59 306
subjects[].heading,"Hussein, King of Jordan, 1935-1999",4,2,59 469
subjects[].heading,Inter-American Commission of Women,4,3,43 59 84
subjects[].heading,International Bureau of Education,4,2,59 84
subjects[].heading,International Radio Consultative Committee.,4,3,43 84 306
subjects[].heading,International Telecommunications Satellite Organization.,4,2,59 84
subjects[].heading,International Telegraph Consultative Committee.,4,3,43 59 84
subjects[].heading,International monetary fund,4,2,59 84
subjects[].heading,International trusteeships,4,1,59
subjects[].heading,Iskenderun (Turkey),4,1,84
subjects[].heading,"Jonestown Mass Suicide, Jonestown, Guyana, 1978",4,3,59 84 286
subjects[].heading,Journals (Accounts),4,2,59 76
subjects[].heading,Kidnapping,4,1,59
subjects[].heading,Kobe-shi (Japan),4,1,84
subjects[].heading,Leadership,4,3,59 286 306
subjects[].heading,Ledgers (Account books),4,2,59 306
subjects[].heading,Libraries and information services,4,2,59 306
subjects[].heading,Louisiana,4,1,59
subjects[].heading,Lusitania (Steamship),4,1,76
subjects[].heading,Luxembourg (Luxembourg),4,1,84
subjects[].heading,Malay Peninsula,4,4,59 84 306 469
subjects[].heading,Maracaibo (Venezuela),4,1,84
subjects[].heading,Marketing,4,1,286
subjects[].heading,"Marshall, George C. (George Catlett), 1880-1959",4,1,59
subjects[].heading,Massachusetts Institute of Technology,4,2,59 286
subjects[].heading,"Matamoros (Tamaulipas, Mexico)",4,1,84
subjects[].heading,Medical research,4,3,59 286 306
subjects[].heading,Medical sciences,4,2,84 286
subjects[].heading,Membership,4,3,59 84 306
subjects[].heading,Metals,4,3,59 84 286
subjects[].heading,Military government,4,1,466
subjects[].heading,Military readiness,4,2,59 84
subjects[].heading,Mines and mineral resources,4,3,59 84 306
subjects[].heading,Montana,4,1,76
subjects[].heading,Motion picture industry,4,1,306
subjects[].heading,Muscat (Oman),4,3,59 84 469
subjects[].heading,Narcotics traffickers,4,1,59
subjects[].heading,Nassau (Bahamas),4,2,84 306
subjects[].heading,Natural resources management,4,2,59 286
subjects[].heading,Navigation,4,2,43 59
subjects[].heading,"Nehru, Jawaharlal, 1889-1964",4,2,59 306
subjects[].heading,Niagara Falls (Ont.),4,1,84
subjects[].heading,Nice (France),4,1,84
subjects[].heading,"Nixon, Pat, 1912-1993",4,2,59 306
subjects[].heading,"Nogales (Veracruz-Llave, Mexico)",4,1,84
subjects[].heading,Notebooks,4,2,59 76
subjects[].heading,Notifications,4,3,59 286 306
subjects[].heading,Nouméa (New Caledonia),4,1,84
subjects[].heading,Nuclear disarmament,4,1,59
subjects[].heading,Ohio State University,4,1,286
subjects[].heading,"Onassis, Jacqueline Kennedy, 1929-1994",4,2,59 306
subjects[].heading,Ontario,4,2,76 84
subjects[].heading,Operations research,4,1,286
subjects[].heading,Organisation for Economic Co-operation and Development. Development Assistance Committee (09/1961 - ),4,2,59 286
subjects[].heading,Paramaribo (Suriname),4,2,59 84
subjects[].heading,Personnel records,4,2,59 306
subjects[].heading,Plans (Drawings),4,2,43 59
subjects[].heading,Police,4,3,59 306 466
subjects[].heading,Port Said (Egypt),4,1,84
subjects[].heading,"Porter, Marina Oswald, 1941-",4,2,59 306
subjects[].heading,Postal service,4,1,84
subjects[].heading,"Powell, Colin Luther, 1937-2021",4,2,59 306
subjects[].heading,President (1953-1961 : Eisenhower). National Security Council. (1953 - 1961),4,2,59 306
subjects[].heading,President (1961-1963 : Kennedy). National Security Council. (1961 - 1963),4,1,59
subjects[].heading,Press conferences,4,1,59
subjects[].heading,Prisoners,4,2,59 84
subjects[].heading,Proclamations,4,3,59 76 306
subjects[].heading,Progress reports,4,2,286 306
subjects[].heading,Public opinion polls,4,2,229 306
subjects[].heading,"Pueblo Incident, 1968",4,2,59 306
subjects[].heading,Purdue University,4,1,286
subjects[].heading,Race relations,4,3,59 84 306
subjects[].heading,Radio Martí Program (U.S.),4,1,306
subjects[].heading,Regina (Sask.),4,1,84
subjects[].heading,Research grants,4,2,286 306
subjects[].heading,Restitution and indemnification claims (1933- ),4,3,59 84 466
subjects[].heading,"Rice, Condoleezza, 1954-",4,1,59
subjects[].heading,Rules (Instructions),4,2,59 306
subjects[].heading,Security measures,4,2,59 306
subjects[].heading,"Security, International",4,2,59 306
subjects[].heading,"Shultz, George Pratt, 1920-2021",4,1,59
subjects[].heading,Singapore (Singapore Island : City),4,1,84
subjects[].heading,Slavery,4,2,59 76
subjects[].heading,Soviet dissidents,4,2,59 306
subjects[].heading,"Spiers, Ronald I. (Ronald Ian), 1925-2021",4,2,59 84
subjects[].heading,Standard Oil Company,4,2,76 306
subjects[].heading,Stuttgart (Germany),4,1,84
subjects[].heading,Sugar,4,2,43 59
subjects[].heading,Surabaya (Indonesia),4,1,84
subjects[].heading,Suva (Fiji),4,2,84 306
subjects[].heading,TV Marti (U.S.),4,1,306
subjects[].heading,"Tampico (Tamaulipas, Mexico)",4,1,84
subjects[].heading,Tarabulus (Libya : Province),4,3,43 59 84
subjects[].heading,Teaching,4,2,286 306
subjects[].heading,Territories and possessions,4,1,59
subjects[].heading,Turin (Italy),4,2,84 239
subjects[].heading,U.S. Information Agency. Advisory Commission on Information. (08/01/1953 - 03/31/1978),4,1,306
subjects[].heading,United Nations. Economic Commission for Africa,4,2,59 286
subjects[].heading,University of Minnesota,4,1,286
subjects[].heading,"Veracruz (Veracruz-Llave, Mexico)",4,1,84
subjects[].heading,Vice-Presidents,4,2,59 306
subjects[].heading,Vigo (Spain),4,1,84
subjects[].heading,Vitória (Brazil),4,1,84
subjects[].heading,War,4,1,59
subjects[].heading,Warsaw (Poland),4,2,84 306
subjects[].heading,Water-supply,4,2,59 286
subjects[].heading,Wellington (N.Z.),4,1,84
subjects[].heading,Wildlife conservation,4,3,43 59 286
subjects[].heading,Wood,4,1,469
subjects[].heading,World Health Assembly.,4,2,59 84
subjects[].heading,World Vision International.,4,1,286
subjects[].heading,"World War, 1914-1918",4,4,59 182 256 306
subjects[].heading,Yaoundé (Cameroon),4,3,84 286 306
subjects[].heading,Abidjan (Côte d’Ivoire),3,3,43 286 306
subjects[].heading,"Adams, Ansel, 1902-1984",3,1,306
subjects[].heading,"Africa, North",3,2,59 306
subjects[].heading,Africare (Organization),3,1,286
subjects[].heading,Agricultural credit,3,1,286
subjects[].heading,Agriculture and state,3,2,84 286
subjects[].heading,Air bases,3,2,59 84
subjects[].heading,Airports,3,3,59 466 469
subjects[].heading,Aleppo (Syria),3,1,84
subjects[].heading,Alexandria (Egypt),3,1,84
subjects[].heading,Alexandria (Va.),3,1,59
subjects[].heading,American Public Health Association,3,1,286
subjects[].heading,Ammunition,3,2,59 466
subjects[].heading,Animals,3,3,84 306 469
subjects[].heading,Antwerp (Belgium),3,1,84
subjects[].heading,"Arbitration, International",3,2,59 76
subjects[].heading,Architecture,3,2,59 306
subjects[].heading,"Armstrong, Louis, 1901-1971",3,1,306
subjects[].heading,Asmara (Eritrea),3,2,84 306
subjects[].heading,Athens (Greece),3,2,84 306
subjects[].heading,Atoms For Peace,3,2,59 306
subjects[].heading,Authors,3,1,306
subjects[].heading,Award presentations,3,2,59 306
subjects[].heading,"Azores, Ilhas dos (Portugal)",3,1,59
subjects[].heading,Balance of payments,3,1,59
subjects[].heading,Bari (Italy),3,1,84
subjects[].heading,Beans,3,1,286
subjects[].heading,Belfast (Northern Ireland),3,1,84
subjects[].heading,Bering Sea,3,2,59 76
subjects[].heading,Berlin Crises,3,2,59 306
subjects[].heading,"Berlin Wall, Berlin, Germany, 1961-1989",3,2,59 306
subjects[].heading,Bermuda Islands,3,3,43 59 306
subjects[].heading,Bibliography,3,2,59 84
subjects[].heading,Biology,3,1,84
subjects[].heading,Bogotá (Colombia),3,3,84 286 306
subjects[].heading,"Brandt, Willy, 1913-1992",3,2,59 306
subjects[].heading,Brazzaville (Congo),3,2,84 306
subjects[].heading,Brisbane (Qld.),3,2,84 306
subjects[].heading,Bristol (England),3,1,84
subjects[].heading,Brno (Czech Republic),3,2,84 306
subjects[].heading,Buenaventura (Colombia),3,1,84
subjects[].heading,Business cards,3,2,59 306
subjects[].heading,Calgary (Alta.),3,1,84
subjects[].heading,Cali (Colombia),3,1,84
subjects[].heading,Canal Zone,3,1,59
subjects[].heading,Canberra (A.C.T.),3,1,84
subjects[].heading,Cannes (France),3,2,84 306
subjects[].heading,Capitalism,3,2,286 306
subjects[].heading,Caribbean Commission.,3,2,43 59
subjects[].heading,Caribbean Sea,3,1,59
subjects[].heading,Caserta (Italy),3,1,84
subjects[].heading,"Castro, Fidel, 1926-2016",3,2,59 306
subjects[].heading,Catholic Relief Services,3,2,59 286
subjects[].heading,Cattle,3,3,59 76 306
subjects[].heading,Central Intelligence Agency. (12/04/1981 - ),3,1,59
subjects[].heading,Civil service,3,3,59 208 306
subjects[].heading,"Clinton, Bill, 1946-",3,2,59 306
subjects[].heading,Cochabamba (Bolivia),3,1,84
subjects[].heading,College students,3,1,306
subjects[].heading,"Commission Established under Article V of the February 2, 1848, Treaty between the United States and Mexico. U.S. Sectio…",3,1,76
subjects[].heading,Commission on Security and Cooperation in Europe. (06/03/1976 - ),3,1,59
subjects[].heading,Commission on the Organization of the Executive Branch of the Federal Government. (1953 - 06/30/1955),3,3,59 306 469
subjects[].heading,Conakry (Guinea),3,2,286 306
subjects[].heading,Congressional committees,3,1,306
subjects[].heading,"Conover, Willis",3,1,306
subjects[].heading,Conservation,3,2,84 286
subjects[].heading,Conservation of natural resources,3,1,59
subjects[].heading,Contractors,3,2,286 466
subjects[].heading,Cotonou (Benin),3,3,84 286 306
subjects[].heading,Council of Foreign Ministers. (07/1945 - ),3,3,43 84 466
subjects[].heading,Council of Foreign Ministers. Meeting (5th : 1947 : London). (11/25/1947 - 12/15/1947),3,1,43
subjects[].heading,Credit unions,3,1,286
subjects[].heading,Crime,3,2,59 306
subjects[].heading,Crops,3,2,286 306
subjects[].heading,Cyrenaica (Libya),3,2,43 84
subjects[].heading,Czech Republic,3,2,59 286
subjects[].heading,"Czechoslovakian crisis, 1968",3,2,59 84
subjects[].heading,Danube River,3,2,43 59
subjects[].heading,Death,3,3,59 84 490
subjects[].heading,Death notices,3,2,59 84
subjects[].heading,Decisions,3,2,59 76
subjects[].heading,Defense industries,3,2,59 469
subjects[].heading,Demographic surveys,3,2,286 306
subjects[].heading,Department of State. Advisory Commission on Educational Exchange. (ca. 1953 - ca. 1961),3,1,306
subjects[].heading,Department of State. Foreign Service Institute. (03/13/1947 - ),3,1,59
subjects[].heading,Department of State. International Cooperation Administration. (06/30/1955 - 11/1961),3,2,59 469
subjects[].heading,Department of State. Office of the Secretary. Senior Interdepartmental Group. (03/02/1966 - 02/07/1969 ?),3,1,59
subjects[].heading,"Department of State. U.S. Embassy, Union of Soviet Socialist Republics. (ca. 12/13/1933 - ca. 01/03/1992)",3,1,59
subjects[].heading,Deportation,3,2,84 306
subjects[].heading,Development Associates.,3,1,286
subjects[].heading,Djibouti,3,1,286
subjects[].heading,Domestic affairs,3,3,59 208 306
subjects[].heading,Draft,3,1,59
subjects[].heading,Droughts,3,2,59 286
subjects[].heading,Drug traffic,3,2,59 84
subjects[].heading,"Durango (Durango, Mexico)",3,1,84
subjects[].heading,Durban (South Africa),3,1,84
subjects[].heading,East-West Center,3,3,59 286 306
subjects[].heading,Ecology,3,2,59 84
subjects[].heading,Economic sanctions,3,1,59
subjects[].heading,Edinburgh (Scotland),3,2,84 306
subjects[].heading,"Education, Higher",3,2,59 286
subjects[].heading,"Eisenhower, Milton Stover, 1899-1985",3,2,59 306
subjects[].heading,Electric power,3,2,59 286
subjects[].heading,Embargo,3,2,59 84
subjects[].heading,Energy policy,3,2,59 84
subjects[].heading,Enslaved persons,3,2,59 76
subjects[].heading,Environmental management,3,2,84 286
subjects[].heading,Environmental policy,3,2,59 84
subjects[].heading,"Erhard, Ludwig, 1897-1977",3,3,59 306 466
subjects[].heading,Excerpts,3,2,59 306
subjects[].heading,Exhibition catalogs,3,1,306
subjects[].heading,"Expo '70 (Osaka, Japan)",3,1,306
subjects[].heading,Fairs,3,2,59 306
subjects[].heading,Family Health International (Organization),3,1,286
subjects[].heading,Fiji,3,3,84 286 490
subjects[].heading,Financial statements,3,3,59 84 466
subjects[].heading,Fishing rights,3,1,59
subjects[].heading,Folk art,3,1,306
subjects[].heading,Ford Foundation,3,1,59
subjects[].heading,Freedom of information,3,1,59
subjects[].heading,Freedom of religion,3,1,59
subjects[].heading,Fuel,3,2,59 84
subjects[].heading,Funeral rites and ceremonies,3,3,59 84 306
subjects[].heading,Gdansk (Poland),3,1,84
subjects[].heading,General Electric Company,3,2,286 306
subjects[].heading,Geography,3,1,306
subjects[].heading,Georgetown (Guyana),3,1,84
subjects[].heading,Gifts,3,2,59 306
subjects[].heading,Grain,3,1,286
subjects[].heading,Grant proposals,3,1,286
subjects[].heading,Grants-in-aid,3,2,59 286
subjects[].heading,Great Lakes (North America),3,1,59
subjects[].heading,Greenland,3,1,59
subjects[].heading,Guided missiles,3,1,59
subjects[].heading,Haifa (Israel),3,1,84
subjects[].heading,"Hess, Rudolf, 1894-1987",3,2,84 306
subjects[].heading,Home economics,3,2,466 469
subjects[].heading,Horn of Africa,3,1,59
subjects[].heading,Humanitarian assistance,3,2,84 286
subjects[].heading,Idaho,3,1,76
subjects[].heading,Immunization,3,2,59 286
subjects[].heading,Insects,3,1,286
subjects[].heading,"Institute of International Education (New York, N.Y.)",3,2,59 306
subjects[].heading,Intellectual property,3,1,84
subjects[].heading,Inter-American Economic and Social Council.,3,2,43 59
subjects[].heading,Intergovernmental Maritime Consultative Organization.,3,2,43 59
subjects[].heading,International Authority of the Ruhr. (04/26/1949 - 05/27/1952),3,2,43 84
subjects[].heading,International Communication Agency. (04/01/1978 - 08/24/1982),3,1,306
subjects[].heading,International Conference on Public Education.,3,2,43 84
subjects[].heading,International Planned Parenthood Federation,3,1,286
subjects[].heading,International Rescue Committee,3,3,59 286 469
subjects[].heading,International Seed Testing Association.,3,2,43 59
subjects[].heading,International Sugar Council,3,2,43 84
subjects[].heading,International Telecommunication Union,3,2,43 84
subjects[].heading,International Wheat Conference.,3,3,43 84 286
subjects[].heading,International Wheat Council.,3,2,43 84
subjects[].heading,International economy,3,3,59 84 306
subjects[].heading,International travel regulations,3,3,59 84 306
subjects[].heading,Iowa State University.,3,1,286
subjects[].heading,Iquitos (Peru),3,1,84
subjects[].heading,Izmir Ili (Turkey),3,1,84
subjects[].heading,"Jackson, Andrew, 1767-1845",3,1,59
subjects[].heading,Japanese,3,1,59
subjects[].heading,"Jefferson, Thomas, 1743-1826",3,1,59
subjects[].heading,Jerusalem,3,2,59 84
subjects[].heading,Jewish-Arab relations,3,1,306
subjects[].heading,Jews,3,1,59
subjects[].heading,"Johnson, Andrew, 1808-1875",3,1,59
subjects[].heading,"Johnson, Lady Bird, 1912-2007",3,2,59 306
subjects[].heading,Journalists,3,1,306
subjects[].heading,Kampala (Uganda),3,2,84 306
subjects[].heading,Karlovy Vary (Czech Republic),3,2,84 306
subjects[].heading,Kathmandu (Nepal),3,1,84
subjects[].heading,Khartoum (Sudan),3,2,59 306
subjects[].heading,Kunming (China),3,1,84
subjects[].heading,Kyrgyzstan,3,2,286 490
subjects[].heading,La Ceiba (Honduras),3,1,84
subjects[].heading,La Guaira (Venezuela),3,1,84
subjects[].heading,Labor disputes,3,3,59 84 306
subjects[].heading,Lahore (Pakistan),3,1,84
subjects[].heading,"Lake Ontario Claims Tribunal, United States and Canada. (10/11/1966 - 09/27/1968)",3,1,76
subjects[].heading,Las Palmas (Canary Islands),3,1,84
subjects[].heading,Law enforcement,3,2,59 466
subjects[].heading,League of Nations,3,1,59
subjects[].heading,Lectures,3,2,59 306
subjects[].heading,Lectures and lecturing,3,2,59 306
subjects[].heading,Leipzig (Germany),3,2,84 306
subjects[].heading,Lend-lease operations (1941-1945),3,2,59 169
subjects[].heading,Library materials,3,1,306
subjects[].heading,Licenses,3,2,306 466
subjects[].heading,Lugano (Switzerland),3,1,84
subjects[].heading,Managua (Nicaragua),3,2,84 306
subjects[].heading,Manuscripts,3,2,59 306
subjects[].heading,Maputo (Mozambique),3,1,84
subjects[].heading,Marriage,3,2,59 286
subjects[].heading,Mass casualties,3,2,84 286
subjects[].heading,Mat trân dân tôc giai phóng miãen nam Viêt Nam,3,2,43 306
subjects[].heading,"Mazatlán (Sinaloa, Mexico)",3,1,84
subjects[].heading,"McCarthy, Joseph, 1908-1957",3,2,59 469
subjects[].heading,Medical assistance,3,3,59 286 490
subjects[].heading,Medical education,3,2,59 286
subjects[].heading,"Melville, Herman, 1819-1891",3,1,306
subjects[].heading,Merchant ships,3,2,59 84
subjects[].heading,Meteorology,3,2,59 84
subjects[].heading,Mexico (Mexico : State),3,1,76
subjects[].heading,Middle East and United States relations,3,2,59 353
subjects[].heading,Military policy,3,1,59
subjects[].heading,Mills and mill-work,3,1,469
subjects[].heading,"Molotov, Vyacheslav Mikhaylovich, 1890-",3,3,59 286 466
subjects[].heading,Mongolia,3,2,59 490
subjects[].heading,"Monroe, James, 1758-1831",3,1,59
subjects[].heading,"Monterrey (Nuevo León, Mexico)",3,1,84
subjects[].heading,Monthly reports,3,2,59 306
subjects[].heading,"Moses, Grandma, 1860-1961",3,1,306
subjects[].heading,Motion pictures and theater,3,1,306
subjects[].heading,Movimento Popular de Libertação de Angola.,3,2,59 84
subjects[].heading,Multilateral forces,3,1,59
subjects[].heading,Murder,3,3,59 76 84
subjects[].heading,"Murrow, Edward R., 1908-1965",3,1,306
subjects[].heading,"Muskie, Edmund Sixtus, 1914-1996",3,1,59
subjects[].heading,Málaga (Spain),3,1,84
subjects[].heading,Mérida (Mexico),3,1,84
subjects[].heading,Nagasaki-shi (Japan),3,1,84
subjects[].heading,Nagoya-shi (Japan),3,1,84
subjects[].heading,National Academy of Sciences. National Research Council. (04/1916 - ),3,1,286
subjects[].heading,National Rural Electric Cooperative Association.,3,1,286
subjects[].heading,National Science Foundation. (1950 - ),3,2,59 286
subjects[].heading,National Telephone Cooperative Association.,3,1,286
subjects[].heading,Netherlands Antilles,3,2,59 84
subjects[].heading,New Hampshire,3,1,76
subjects[].heading,Newspaper columns,3,2,76 466
subjects[].heading,"Ngo, Dinh Diem, 1901-1963",3,3,84 306 469
subjects[].heading,Nontariff trade barriers,3,1,59
subjects[].heading,Norddeutscher Lloyd.,3,1,76
subjects[].heading,North Carolina State University,3,1,286
subjects[].heading,North Macedonia,3,1,286
subjects[].heading,Nottingham (England),3,1,84
subjects[].heading,Nuclear test ban treaties,3,1,59
subjects[].heading,Nuclear testing,3,1,59
subjects[].heading,Nuuk (Greenland),3,1,84
subjects[].heading,Oceanography,3,3,59 84 306
subjects[].heading,Official reports,3,1,59
subjects[].heading,Oil industries,3,3,43 59 286
subjects[].heading,Okinawa (Japan),3,3,59 306 469
subjects[].heading,Olympics,3,2,59 306
subjects[].heading,Organization of African Unity (05/25/1963 - 07/09/2002),3,2,59 84
subjects[].heading,Organization of American States. General Assembly.,3,2,59 84
subjects[].heading,Organization of Petroleum Exporting Countries,3,2,59 84
subjects[].heading,Organizational change,3,1,59
subjects[].heading,Paper products,3,2,286 469
subjects[].heading,Paraná (Brazil : State),3,1,76
subjects[].heading,Passenger lists,3,2,59 84
subjects[].heading,Peace Corps. (1982 - ),3,2,286 306
subjects[].heading,Pennsylvania State University,3,1,286
subjects[].heading,Perth (W.A.),3,1,84
subjects[].heading,Petroleum industry and trade,3,1,84
subjects[].heading,Political asylum,3,1,59
subjects[].heading,Population Reference Bureau.,3,1,286
subjects[].heading,Port Elizabeth (South Africa),3,1,84
subjects[].heading,Port-au-Prince (Haiti),3,1,84
subjects[].heading,Porto (Portugal),3,1,84
subjects[].heading,President (1953-1961 : Eisenhower). National Security Council. Operations Coordinating Board. (02/25/1957 - 01/20/1961),3,2,59 306
subjects[].heading,President (1953-1961 : Eisenhower). President's Committee on International Information Activities. (ca. 01/1953 - 07/195…,3,1,306
subjects[].heading,President (1963-1969 : Johnson). National Security Council. (1963 - 1969),3,1,59
subjects[].heading,President (1974-1977 : Ford). National Security Council. (1974 - 1977),3,1,59
subjects[].heading,President (1977-1981 : Carter). National Security Council. Policy Review Committee. (05/13/1977 - 01/20/1981),3,1,59
subjects[].heading,Presidential campaigns,3,2,59 306
subjects[].heading,Property,3,2,59 306
subjects[].heading,Public buildings,3,2,59 84
subjects[].heading,Puerto Cortés (Honduras),3,1,84
subjects[].heading,Purchase orders,3,2,59 306
subjects[].heading,Purdue Research Foundation.,3,1,286
subjects[].heading,Pátrai (Greece),3,1,84
subjects[].heading,Quarantine,3,1,84
subjects[].heading,"RFE/RL, inc.",3,2,59 306
subjects[].heading,"Radio Liberty (Munich, Germany)",3,1,306
subjects[].heading,Radio frequency,3,1,43
subjects[].heading,Radio scripts,3,2,59 306
subjects[].heading,Rangoon (Burma),3,2,84 306
subjects[].heading,Recognition (International law),3,1,59
subjects[].heading,Recreation,3,1,306
subjects[].heading,Remainders (Estates),3,2,59 76
subjects[].heading,Research Triangle Institute,3,1,286
subjects[].heading,Rio Grande (Colo.-Mexico and Tex.),3,2,59 76
subjects[].heading,Rivers,3,2,43 59
subjects[].heading,"Rockefeller, Nelson A. (Nelson Aldrich), 1908-1979",3,2,59 306
subjects[].heading,Rome (Italy),3,2,43 84
subjects[].heading,"Roosevelt, Eleanor, 1884-1962",3,2,59 208
subjects[].heading,"Roosevelt, Franklin D. (Franklin Delano), 1882-1945",3,2,59 208
subjects[].heading,"Rosario (Santa Fe, Argentina)",3,1,84
subjects[].heading,Rosters,3,2,286 306
subjects[].heading,Rubber Study Group,3,2,59 84
subjects[].heading,Rules of procedure,3,2,43 59
subjects[].heading,Ryukyu Islands,3,1,59
subjects[].heading,Sabotage,3,2,59 76
subjects[].heading,Safety,3,2,59 306
subjects[].heading,Saint Vincent and the Grenadines,3,2,286 306
subjects[].heading,Salina Cruz (Mexico),3,1,84
subjects[].heading,Saline water conversion,3,1,84
subjects[].heading,Salvador (Brazil),3,1,84
subjects[].heading,Salzburg (Austria),3,1,84
subjects[].heading,San Pedro Sula (Honduras),3,1,84
subjects[].heading,Santiago de Cuba (Cuba),3,1,84
subjects[].heading,Sapporo (Japan),3,1,84
subjects[].heading,Science and state,3,3,59 84 286
subjects[].heading,Seeds,3,1,286
subjects[].heading,Seizure of vessels and cargoes,3,2,59 76
subjects[].heading,Sexually transmitted diseases,3,2,59 466
subjects[].heading,Social documentary photographs,3,2,306 469
subjects[].heading,Social history,3,1,59
subjects[].heading,Soil management,3,1,286
subjects[].heading,Solomon Islands,3,3,84 286 306
subjects[].heading,Southampton (England),3,1,84
subjects[].heading,Space flight,3,2,84 306
subjects[].heading,State-War-Navy Coordinating Committee. (12/01/1944 - 11/05/1947),3,1,59
subjects[].heading,"Stevenson, Adlai E. (Adlai Ewing), 1900-1965",3,2,84 306
subjects[].heading,Stockholm (Sweden),3,1,84
subjects[].heading,Suez Canal,3,2,59 84
subjects[].heading,Tabriz (Iran),3,1,84
subjects[].heading,"Taft, William H. (William Howard), 1857-1930",3,1,59
subjects[].heading,"Tapachula (Chiapas, Mexico)",3,1,84
subjects[].heading,Technical reports,3,3,59 286 306
subjects[].heading,Tegucigalpa (Honduras),3,2,84 306
subjects[].heading,Tehran (Iran),3,1,84
subjects[].heading,Tel Aviv (Israel),3,1,84
subjects[].heading,Testimonies,3,2,59 306
subjects[].heading,"Tijuana (Baja California, Mexico)",3,1,84
subjects[].heading,"Torreón (Coahuila, Mexico)",3,1,84
subjects[].heading,Tours,3,1,306
subjects[].heading,Tripartite Commission for the Restitution of Monetary Gold. (09/27/1946 - 09/09/1998),3,2,59 84
subjects[].heading,"Tyler, John, 1790-1862",3,1,59
subjects[].heading,U.S. Advisory Commission on Public Diplomacy. (10/01/1979 - ),3,1,306
subjects[].heading,U.S. Information Agency. (08/24/1982 - 10/01/1999),3,2,286 306
subjects[].heading,United Nations Refugee Fund,3,2,43 59
subjects[].heading,United Nations Relief and Works Agency for Palestine Refugees in the Near East,3,1,59
subjects[].heading,United Nations War Crimes Commission. (10/20/1943 - 05/28/1948),3,1,59
subjects[].heading,United Nations. Economic Commission for Europe. Inland Transport Committee.,3,2,59 84
subjects[].heading,United Nations. Economic Commission for Latin America,3,2,43 59
subjects[].heading,United Nations. Trusteeship Council.,3,2,59 84
subjects[].heading,Universities and colleges,3,2,286 306
subjects[].heading,"University of California, Los Angeles",3,2,286 490
subjects[].heading,University of Florida,3,1,286
subjects[].heading,University of Georgia.,3,1,286
subjects[].heading,University of Illinois (Urbana-Champaign campus),3,1,286
subjects[].heading,University of Kentucky,3,1,286
subjects[].heading,University of Nebraska (Lincoln campus),3,1,286
subjects[].heading,Valparaíso (Chile),3,1,84
subjects[].heading,"Van Buren, Martin, 1782-1862",3,2,59 76
subjects[].heading,Vermont,3,1,76
subjects[].heading,Vichy (France),3,1,84
subjects[].heading,Voluntarism,3,2,306 490
subjects[].heading,Voting,3,2,59 84
subjects[].heading,War casualties,3,1,84
subjects[].heading,War claims,3,2,76 84
subjects[].heading,Water,3,2,59 286
subjects[].heading,Water and Sanitation for Health Project (U.S.),3,1,286
subjects[].heading,Water boundaries,3,1,59
subjects[].heading,Water pollution,3,1,59
subjects[].heading,Water quality management,3,2,59 286
subjects[].heading,Water use,3,1,59
subjects[].heading,Water-power,3,1,59
subjects[].heading,West Bank,3,2,59 286
subjects[].heading,Whales,3,2,43 59
subjects[].heading,Wheat,3,2,286 469
subjects[].heading,"Williams, G. Mennen, 1911-1988",3,2,59 286
subjects[].heading,Women's rights,3,3,59 84 286
subjects[].heading,Wool,3,1,59
subjects[].heading,World Food Programme,3,1,286
subjects[].heading,World politics,3,3,84 286 306
subjects[].heading,"Wright, Frank Lloyd, 1867-1959",3,1,306
subjects[].heading,Yantai (China),3,1,84
subjects[].heading,"Yemen, North",3,3,59 286 306
subjects[].heading,"Yemen, South",3,3,59 286 306
subjects[].heading,Yokohama-shi (Japan),3,1,84
subjects[].heading,Zanzibar (Zanzibar),3,3,59 84 306
subjects[].heading,A.T. International.,2,1,286
subjects[].heading,ACCION International (Organization),2,1,286
subjects[].heading,ANZUS Council.,2,2,59 306
subjects[].heading,Acapulco (Mexico),2,1,84
subjects[].heading,Accidents,2,2,306 490
subjects[].heading,Accounts,2,2,59 84
subjects[].heading,"Ackley, Gardner, 1915-1998",2,2,59 84
subjects[].heading,"Adams, John Quincy, 1767-1848",2,1,59
subjects[].heading,Adana (Turkey),2,1,84
subjects[].heading,Addis Ababa (Ethiopia),2,2,84 306
subjects[].heading,Administrative agencies,2,2,84 182
subjects[].heading,Administrative procedure,2,1,59
subjects[].heading,Adult education,2,2,59 286
subjects[].heading,Advisory Commission on International Educational and Cultural Affairs. (09/21/1961 - 04/01/1978),2,2,59 306
subjects[].heading,Aeronautics law and legislation,2,2,43 84
subjects[].heading,African American soldiers,2,2,208 306
subjects[].heading,African and Malagasy Union,2,1,84
subjects[].heading,Agricultural Cooperative Development International,2,1,286
subjects[].heading,Aguascalientes (Mexico),2,1,84
subjects[].heading,Aircraft,2,1,59
subjects[].heading,Almanacs,2,2,59 306
subjects[].heading,Almería (Spain),2,1,84
subjects[].heading,American Association for the Advancement of Science.,2,1,286
subjects[].heading,American Council on Education,2,2,59 286
subjects[].heading,American Federation of Government Employees,2,1,306
subjects[].heading,American Library Association,2,2,286 306
subjects[].heading,American Red Cross (02/12/1978 - ),2,2,286 306
subjects[].heading,Ancona (Italy),2,2,84 239
subjects[].heading,Anguilla,2,2,84 306
subjects[].heading,Animal population,2,2,43 59
subjects[].heading,Anti-satellite weapons,2,1,59
subjects[].heading,Antigua and Barbuda,2,2,84 286
subjects[].heading,Antilla (Cuba),2,1,84
subjects[].heading,Apia (Samoa),2,1,84
subjects[].heading,Applications for positions,2,2,43 59
subjects[].heading,Appointment to office,2,1,59
subjects[].heading,"Arab-Israeli conflict, 1948-1967",2,2,59 306
subjects[].heading,"Arab-Israeli conflict, 1973-1993",2,2,59 306
subjects[].heading,Arab-Israeli relations,2,1,59
subjects[].heading,"Arbitration, Industrial",2,1,59
subjects[].heading,Armistices,2,2,59 84
subjects[].heading,"Arthur D. Little, Inc.",2,1,286
subjects[].heading,Artificial satellites in telecommunication,2,2,59 306
subjects[].heading,Artists,2,1,306
subjects[].heading,Aruba,2,1,84
subjects[].heading,Asian Institute of Technology,2,1,286
subjects[].heading,Assistance in emergencies,2,1,59
subjects[].heading,Association of Southeast Asian Nations. (08/08/1967 - ),2,1,59
subjects[].heading,"Associations, institutions, etc.",2,1,84
subjects[].heading,Astronautics,2,1,306
subjects[].heading,Astronauts,2,2,59 306
subjects[].heading,Aswan High Dam (Egypt),2,2,59 306
subjects[].heading,Athletics,2,1,306
subjects[].heading,Atomic Energy Commission. (1946 - 01/19/1975),2,2,59 306
subjects[].heading,Atomic bomb,2,2,59 306
subjects[].heading,Atrocities,2,1,59
subjects[].heading,Auburn University,2,1,286
subjects[].heading,Audiences,2,1,306
subjects[].heading,Audiovisual materials,2,2,286 306
subjects[].heading,Automobiles,2,2,59 84
subjects[].heading,Baden-Württemberg (Germany),2,1,466
subjects[].heading,Bahía Blanca (Argentina),2,1,84
subjects[].heading,"Ball, George W. (George Wildman), 1909-1994",2,1,59
subjects[].heading,Baltimore (Md.),2,1,59
subjects[].heading,Bamako (Mali),2,1,306
subjects[].heading,Banghāzī (Libya),2,2,59 306
subjects[].heading,Bangui (Central African Republic),2,2,84 306
subjects[].heading,Bank statements,2,2,84 306
subjects[].heading,"Bao Dai, King of Vietnam, 1913-1997",2,2,59 306
subjects[].heading,Battle casualties,2,2,59 84
subjects[].heading,Bavaria (Germany),2,1,466
subjects[].heading,Beaches,2,1,169
subjects[].heading,Belarus,2,1,286
subjects[].heading,Belo Horizonte (Brazil),2,1,84
subjects[].heading,Belém (Brazil),2,1,84
subjects[].heading,"Benton, William, 1900-1973",2,2,306 466
subjects[].heading,Berlin (Germany : State),2,2,59 466
subjects[].heading,"Bidault, Georges",2,2,286 466
subjects[].heading,Blantyre (Malawi),2,2,84 306
subjects[].heading,Bluefields (Nicaragua),2,1,84
subjects[].heading,Board for International Broadcasting. (10/19/1973 - 09/30/1995),2,2,59 306
subjects[].heading,Bologna (Italy),2,2,84 239
subjects[].heading,"Boma (Bas-Fleuve, Congo)",2,1,84
subjects[].heading,Bonn (Germany),2,2,59 306
subjects[].heading,Bosnia and Herzegovina,2,2,59 84
subjects[].heading,"Bradley, Omar Nelson, 1893-1981",2,2,208 286
subjects[].heading,Brainwashing,2,1,306
subjects[].heading,"Brewster, Kingman, 1919-1988",2,1,84
subjects[].heading,Briefings,2,1,59
subjects[].heading,British Broadcasting Corporation,2,1,306
subjects[].heading,British Columbia,2,2,76 84
subjects[].heading,Broadcast journalism,2,2,208 306
subjects[].heading,Broadcasting policy,2,1,306
subjects[].heading,"Brubeck, Dave",2,1,306
subjects[].heading,"Buchanan, James, 1791-1868",2,1,59
subjects[].heading,Bucharest (Romania),2,2,84 306
subjects[].heading,Bujumbura (Burundi),2,2,84 306
subjects[].heading,"Bulganin, Nikolay Aleksandrovich, 1895-1975",2,2,306 466
subjects[].heading,"Bunker, Ellsworth, 1894-1984",2,2,59 84
subjects[].heading,Burial,2,1,84
subjects[].heading,"Burlingame, Anson, 1820-1870",2,1,59
subjects[].heading,Cabinet officers,2,1,306
subjects[].heading,California,2,2,76 306
subjects[].heading,Cannes Film Festival.,2,2,43 306
subjects[].heading,Capital movements,2,1,59
subjects[].heading,Captions,2,2,59 306
subjects[].heading,Card catalogs,2,1,306
subjects[].heading,Cards,2,2,59 306
subjects[].heading,Caribbean Organization. (1961 - 12/31/1965),2,1,59
subjects[].heading,"Carlucci, Frank Charles, 1930-",2,2,84 286
subjects[].heading,"Carter, Benny",2,1,306
subjects[].heading,Case files,2,2,43 306
subjects[].heading,Cases (Law),2,1,59
subjects[].heading,"Cather, Willa, 1873-1947",2,1,306
subjects[].heading,Cebu City (Philippines),2,1,84
subjects[].heading,Census,2,2,59 84
subjects[].heading,Certifications,2,1,59
subjects[].heading,Ceuta (Spain),2,1,84
subjects[].heading,"Charles III, King of Great Britain, 1948-",2,2,59 84
subjects[].heading,Chemical industry,2,2,306 466
subjects[].heading,Chemical warfare,2,1,59
subjects[].heading,"Chiang, Kai-shek, 1887-1975",2,1,59
subjects[].heading,Child health,2,1,286
subjects[].heading,Christmas,2,2,208 306
subjects[].heading,"Churchill, Winston, Sir, 1874-1965",2,1,59
subjects[].heading,Cienfuegos (Cuba),2,1,84
subjects[].heading,Civil War Claims,2,1,76
subjects[].heading,Civil service appointments,2,1,59
subjects[].heading,Civil war,2,2,59 84
subjects[].heading,Civitavecchia (Italy),2,2,84 239
subjects[].heading,"Cleaver, Eldridge, 1935-",2,1,59
subjects[].heading,Clemency,2,2,84 466
subjects[].heading,Climatic changes,2,2,84 286
subjects[].heading,"Clinton, Hillary Rodham, 1947-",2,1,59
subjects[].heading,Coal mines and mining,2,1,469
subjects[].heading,Coatzacoalcos (Mexico),2,1,84
subjects[].heading,Coffee,2,2,59 84
subjects[].heading,Colonia del Sacramento (Uruguay),2,1,84
subjects[].heading,Colorado State University,2,1,286
subjects[].heading,Colón (Panama),2,1,84
subjects[].heading,Computers,2,2,59 306
subjects[].heading,Confederate States of America. Navy. Alabama (Cruiser). (08/24/1862 - 06/19/1864),2,1,76
subjects[].heading,Conference of European Statisticians.,2,1,84
subjects[].heading,"Conference on the Suez Canal (1956 : London, England)",2,2,59 84
subjects[].heading,Construction projects,2,2,59 306
subjects[].heading,Consultants,2,1,286
subjects[].heading,Cooperative Housing Foundation (U.S.),2,1,286
subjects[].heading,Cooperative League of the U.S.A.,2,1,286
subjects[].heading,Council of Europe,2,1,59
subjects[].heading,Credit,2,2,59 286
subjects[].heading,Criminal court records,2,2,84 466
subjects[].heading,"Dalian (Liaoning Sheng, China)",2,1,84
subjects[].heading,"Dam, Kenneth W., 1932-",2,1,59
subjects[].heading,Dams,2,1,59
subjects[].heading,Dance,2,1,306
subjects[].heading,Dandong Shi (China),2,1,84
subjects[].heading,Declaration of Independence (United States),2,2,59 306
subjects[].heading,Decrees,2,1,59
subjects[].heading,Deeds,2,2,59 306
subjects[].heading,Defense spending,2,2,59 383
subjects[].heading,Democratization,2,1,43
subjects[].heading,Department of Agriculture. Agricultural Research Service. (06/17/1981 - ),2,1,286
subjects[].heading,Department of Defense. Department of the Air Force. (09/26/1947 - ),2,2,59 306
subjects[].heading,Department of Defense. Department of the Army. (09/18/1947 - ),2,2,59 306
subjects[].heading,Department of Defense. Department of the Army. Office of the Chief of Engineers. (09/18/1947 - 06/16/1979),2,1,286
subjects[].heading,Department of Defense. Joint Chiefs of Staff. U.S. Forces in Austria. (09/1947 - 10/25/1955),2,1,59
subjects[].heading,Department of Justice. (07/01/1870 - ),2,2,59 76
subjects[].heading,Department of Labor. (1913 - ),2,2,59 286
subjects[].heading,Department of State. Bureau of European Affairs. Office of German Affairs. Berlin Task Force. (07/25/1961 - ?),2,1,306
subjects[].heading,Department of State. Bureau of Inter-American Affairs. (06/1949 - 01/12/1999),2,1,59
subjects[].heading,Department of State. Bureau of Public Affairs. International Educational Exchange Service. (08/01/1953 - 1956),2,1,306
subjects[].heading,Department of State. International Information Administration. (01/1952 - 08/01/1953),2,1,306
subjects[].heading,Department of State. U.S. Foreign Service. (1924 - ),2,1,59
subjects[].heading,Department of State. U.S. Mission to the United Nations. (04/28/1947 - ),2,2,59 286
subjects[].heading,Department of the Interior. Geological Survey. (1879 - 1992),2,2,59 286
subjects[].heading,Design,2,1,306
subjects[].heading,Detente,2,1,59
subjects[].heading,Development economics,2,1,84
subjects[].heading,"Devres, Incorporated.",2,1,286
subjects[].heading,Diagrams,2,2,43 76
subjects[].heading,"Dickinson, Emily, 1830-1886",2,1,306
subjects[].heading,Diplomatic etiquette,2,2,59 306
subjects[].heading,Disasters,2,1,286
subjects[].heading,Discovery and exploration,2,1,59
subjects[].heading,Discrimination,2,1,59
subjects[].heading,Disease management,2,1,286
subjects[].heading,Drawings,2,2,59 466
subjects[].heading,Dresden (Germany),2,1,84
subjects[].heading,Drugs,2,2,84 306
subjects[].heading,"Duvalier, François, 1907-1971",2,2,59 84
subjects[].heading,"Duvalier, Jean-Claude, 1951-",2,2,59 84
subjects[].heading,"Eden, Anthony, Earl of Avon, 1897-1977",2,1,466
subjects[].heading,Edmonton (Alta.),2,1,84
subjects[].heading,"Education, Elementary",2,2,59 286
subjects[].heading,"Education, Secondary",2,2,59 286
subjects[].heading,"Eichmann, Adolf, 1906-1962",2,2,59 84
subjects[].heading,Eisenhower doctrine,2,2,84 306
subjects[].heading,El Paso County (Tex.),2,1,76
subjects[].heading,Electric power systems,2,2,286 469
subjects[].heading,Employee fringe benefits,2,1,59
subjects[].heading,Energy consumption,2,2,84 286
subjects[].heading,Entertainers,2,1,306
subjects[].heading,Environmental law,2,2,59 84
subjects[].heading,Epidemics,2,2,306 466
subjects[].heading,Evaluation,2,2,59 306
subjects[].heading,Ex-presidents,2,1,59
subjects[].heading,Examinations,2,1,59
subjects[].heading,Exchange,2,2,286 306
subjects[].heading,Executions and executioners,2,1,59
subjects[].heading,Executive departments,2,2,59 306
subjects[].heading,Executive privilege (Government information),2,2,59 306
subjects[].heading,Expeditions and surveys,2,2,43 59
subjects[].heading,"Fairbanks, Morse and Company.",2,1,286
subjects[].heading,Falkland Islands,2,1,59
subjects[].heading,Family,2,2,59 286
subjects[].heading,Farms,2,1,286
subjects[].heading,Fernie (B.C.),2,1,84
subjects[].heading,"Fertility, Human",2,1,286
subjects[].heading,Fezzan (Libya),2,1,43
subjects[].heading,"Finance, Public",2,2,286 466
subjects[].heading,Fishery law and legislation,2,2,43 59
subjects[].heading,"Fitzgerald, Ella",2,1,306
subjects[].heading,"Fitzgerald, F. Scott (Francis Scott), 1896-1940",2,1,306
subjects[].heading,Florida Agricultural and Mechanical University,2,1,286
subjects[].heading,Flow charts,2,1,306
subjects[].heading,Food for the Hungry International (Organization),2,1,286
subjects[].heading,Fort-de-France (Martinique),2,1,84
subjects[].heading,Foundation for International Community Assistance,2,1,286
subjects[].heading,Foynes (Ireland),2,1,84
subjects[].heading,"Franklin Book Programs, inc.",2,2,286 306
subjects[].heading,Fredericton (N.B.),2,1,84
subjects[].heading,Freedom of the press,2,2,59 306
subjects[].heading,Freetown (Sierra Leone),2,2,84 306
subjects[].heading,Freight and freightage,2,2,59 469
subjects[].heading,French Guiana,2,1,59
subjects[].heading,Gaborone (Botswana),2,2,286 306
subjects[].heading,General Agreement on Tariffs and Trade (Organization). Committee II.,2,1,59
subjects[].heading,Genocide,2,1,59
subjects[].heading,"Georgetown (Washington, D.C.)",2,1,59
subjects[].heading,Georgia Institute of Technology,2,1,286
subjects[].heading,Germans in the United States,2,1,59
subjects[].heading,Ghent (Belgium),2,2,59 84
subjects[].heading,"Goring, Hermann, 1893-1946",2,2,59 239
subjects[].heading,Government employees,2,1,59
subjects[].heading,Government missions,2,1,306
subjects[].heading,Government salaries,2,1,59
subjects[].heading,"Grant, Ulysses S., 1822-1885",2,1,59
subjects[].heading,Graphs,2,2,59 306
subjects[].heading,Great Britain. Ministry of Economic Warfare.,2,1,84
subjects[].heading,"Greenhow, Rose O''Neal, 1817-1864",2,1,59
subjects[].heading,Gross national product,2,2,59 286
subjects[].heading,Groundwater,2,1,286
subjects[].heading,Guadeloupe,2,1,59
subjects[].heading,"Guevara, Ernesto, 1928-1967",2,2,59 306
subjects[].heading,Guidebooks,2,1,306
subjects[].heading,Guilin (China),2,1,84
subjects[].heading,Harare (Zimbabwe),2,2,84 286
subjects[].heading,"Harriman, W. Averell (William Averell), 1891-1986",2,1,59
subjects[].heading,"Harrison, William Henry, 1773-1841",2,1,59
subjects[].heading,Harvard University,2,1,286
subjects[].heading,Heads of state,2,2,59 306
subjects[].heading,Health planning,2,2,286 490
subjects[].heading,Heidelberg (Germany),2,1,84
subjects[].heading,"Height, Dorothy I. (Dorothy Irene), 1912-",2,1,59
subjects[].heading,Helicopters,2,2,43 59
subjects[].heading,"Herman, Woody, 1913-1987",2,1,306
subjects[].heading,"Hinton, Deane R. (Deane Roesch), 1923-2017",2,1,84
subjects[].heading,"Hiss, Alger, 1904-1996",2,2,59 84
subjects[].heading,"Holiday, Billie, 1915-1959",2,1,306
subjects[].heading,"Hollister, John B. (John Baker), 1890-1978",2,2,59 469
subjects[].heading,Horta (Portugal),2,1,84
subjects[].heading,Hospital ships,2,2,59 84
subjects[].heading,Hostages,2,2,59 353
subjects[].heading,Huelva (Spain),2,1,84
subjects[].heading,Human reproduction,2,1,286
subjects[].heading,Hunger,2,2,286 306
subjects[].heading,"Hussein, Saddam, 1937-",2,2,84 306
subjects[].heading,Hygiene,2,2,286 466
subjects[].heading,Ibadan (Nigeria),2,2,84 306
subjects[].heading,Icel (Turkey),2,1,84
subjects[].heading,Imperialism,2,2,59 306
subjects[].heading,Import quotas,2,1,59
subjects[].heading,Imprisonment,2,2,59 84
subjects[].heading,Insurgency,2,2,59 84
subjects[].heading,Intellectual cooperation,2,1,59
subjects[].heading,Inter Allied Reparation Agency.,2,2,59 84
subjects[].heading,Inter-American Committee on the Alliance for Progress.,2,1,59
subjects[].heading,Inter-American Development Bank.,2,1,59
subjects[].heading,Inter-American Institute of Agricultural Sciences. (1942 - 1979),2,2,59 286
subjects[].heading,Inter-parliamentary Union,2,2,59 84
subjects[].heading,Interamerican Children's Institute.,2,2,43 59
subjects[].heading,"International Centre for Diarrhoeal Disease Research, Bangladesh.",2,1,286
subjects[].heading,International Confederation of Free Trade Unions,2,1,59
subjects[].heading,International Conference of Social Work,2,2,43 306
subjects[].heading,International Congress of Administrative Sciences,2,2,43 84
subjects[].heading,International Congress of Soil Science,2,2,43 84
subjects[].heading,International Council for the Exploration of the Sea.,2,2,43 59
subjects[].heading,International Energy Agency,2,1,59
subjects[].heading,International Fertility Research Program.,2,1,286
subjects[].heading,International Film Festival.,2,2,43 306
subjects[].heading,International Joint Commission.,2,1,59
subjects[].heading,International Labour Conference,2,1,84
subjects[].heading,International Red Cross and Red Crescent Movement,2,1,59
subjects[].heading,International Rice Research Institute.,2,1,286
subjects[].heading,International Tin Council.,2,1,84
subjects[].heading,International business enterprises,2,2,59 84
subjects[].heading,International finance,2,1,84
subjects[].heading,International obligations,2,2,59 306
subjects[].heading,International relief,2,2,59 84
subjects[].heading,International women's conferences,2,2,59 286
subjects[].heading,Internationale Filmfestspiele Berlin,2,1,306
subjects[].heading,Interrogations,2,1,466
subjects[].heading,Inventories,2,2,59 306
subjects[].heading,Isfahan (Iran),2,1,84
subjects[].heading,Izmir (Turkey),2,2,84 306
subjects[].heading,Jammu and Kashmir (India),2,1,59
subjects[].heading,Jiddah (Saudi Arabia),2,2,59 84
subjects[].heading,John F. Kennedy Center for the Performing Arts (U.S.),2,1,306
subjects[].heading,John Short & Associates.,2,1,286
subjects[].heading,"John Snow, Inc.",2,1,286
subjects[].heading,Johns Hopkins University. School of Hygiene and Public Health.,2,1,286
subjects[].heading,Jordan River,2,2,59 306
subjects[].heading,Jurisdiction (International law),2,1,59
subjects[].heading,Kansas State University,2,1,286
subjects[].heading,"Katzenbach, Nicholas deBelleville, 1922-2012",2,1,59
subjects[].heading,"Kennedy, Edward M. (Edward Moore), 1932-2009",2,2,59 306
subjects[].heading,"King, Rufus, 1755-1827",2,2,59 76
subjects[].heading,Kings and rulers,2,2,59 84
subjects[].heading,Kingston (Ont.),2,1,84
subjects[].heading,Kommunistische Partei Deutschlands,2,1,466
subjects[].heading,La Rochelle (France),2,1,84
subjects[].heading,"Laingen, L. Bruce (Lowell Bruce), 1922-",2,1,59
subjects[].heading,Lakes,2,1,59
subjects[].heading,Land tenure,2,2,286 469
subjects[].heading,Land use maps,2,2,59 76
subjects[].heading,Landscape,2,2,76 306
subjects[].heading,Language and languages,2,2,59 286
subjects[].heading,"Lawrence, Jacob, 1917-2000",2,2,208 306
subjects[].heading,League of Arab States,2,2,59 84
subjects[].heading,Leases,2,1,306
subjects[].heading,Leeds (England),2,1,84
subjects[].heading,Leningrad (Russia),2,2,84 306
subjects[].heading,Letters,2,1,59
subjects[].heading,Libreville (Gabon),2,2,84 306
subjects[].heading,Lima (Peru),2,2,84 306
subjects[].heading,"Limerick (Limerick, Ireland)",2,1,84
subjects[].heading,"Lodge, Henry Cabot, 1902-1985",2,1,59
subjects[].heading,Lomé (Togo),2,2,286 306
subjects[].heading,"Louisiana Purchase Exposition (1904 : Saint Louis, Mo.) (05/01/1904 - 12/01/1904)",2,1,43
subjects[].heading,Lubumbashi (Congo),2,1,84
subjects[].heading,Lumber trade,2,2,59 286
subjects[].heading,Lusaka (Zambia),2,2,59 306
subjects[].heading,"Macmillan, Harold, 1894-",2,1,59
subjects[].heading,"Madison, James, 1751-1836",2,1,59
subjects[].heading,"Makarios III, Archbishop of Cyprus, 1913-1977",2,1,59
subjects[].heading,Malmö (Sweden),2,1,84
subjects[].heading,Malnutrition,2,1,286
subjects[].heading,Manned space flight,2,1,306
subjects[].heading,Manpower policy,2,2,59 286
subjects[].heading,"Mao, Tse-tung, 1893-1976",2,2,59 306
subjects[].heading,"Marcos, Ferdinand E. (Ferdinand Edralin), 1917-1989",2,2,59 286
subjects[].heading,Mariana Islands,2,2,59 239
subjects[].heading,Marriage law,2,1,466
subjects[].heading,Marshall Islands,2,1,59
subjects[].heading,Maryland,2,1,59
subjects[].heading,Mashhad (Iran),2,1,84
subjects[].heading,Master plans,2,1,43
subjects[].heading,Maternal health services,2,1,286
subjects[].heading,"McKinley, William, 1843-1901",2,1,59
subjects[].heading,Medals,2,2,43 59
subjects[].heading,"Medals, badges, decorations, etc.",2,1,59
subjects[].heading,"Mediation, International",2,1,59
subjects[].heading,Melilla (Spain),2,1,84
subjects[].heading,Memorials,2,2,59 76
subjects[].heading,Mendoza (Argentina),2,1,84
subjects[].heading,"Mengele, Josef, 1911-1979 ?",2,2,59 84
subjects[].heading,Michigan,2,1,76
subjects[].heading,Military education,2,1,59
subjects[].heading,Military supplies,2,1,59
subjects[].heading,Military weapons,2,1,59
subjects[].heading,"Mindszenty, József, 1892-1975",2,1,84
subjects[].heading,Minnesota,2,1,76
subjects[].heading,Mississippi State University,2,1,286
subjects[].heading,"Mobutu Sese Seko, 1930-",2,1,84
subjects[].heading,Mogadishu (Somalia),2,1,306
subjects[].heading,Mombasa (Kenya),2,1,84
subjects[].heading,Money,2,2,59 306
subjects[].heading,Monrovia (Liberia),2,2,84 306
subjects[].heading,Monuments,2,2,76 84
subjects[].heading,Motion picture producers and directors,2,1,306
subjects[].heading,Mozambique,2,2,84 286
subjects[].heading,"Mugabe, Robert Gabriel, 1924-",2,2,286 306
subjects[].heading,Music festivals,2,1,306
subjects[].heading,Naha-shi (Japan),2,1,84
subjects[].heading,Narcotics and crime,2,2,59 84
subjects[].heading,Narratives,2,1,59
subjects[].heading,"Nasser, Gamal Abdel, 1918-1970",2,2,59 84
subjects[].heading,National Catholic Welfare Conference,2,2,59 469
subjects[].heading,National Cooperative Business Association (U.S.),2,1,286
subjects[].heading,National Council for International Health (U.S.),2,1,286
subjects[].heading,National Endowment for Democracy (U.S.),2,2,286 306
subjects[].heading,National Foreign Trade Council.,2,1,306
subjects[].heading,National Planning Association,2,2,286 306
subjects[].heading,Nationalism,2,2,59 306
subjects[].heading,"Neurath, Konstantin Hermann Karl, Freiherr von, 1873-1956",2,2,59 84
subjects[].heading,Neutrality,2,1,59
subjects[].heading,New Brunswick,2,1,76
subjects[].heading,New Mexico State University.,2,1,286
subjects[].heading,New Orleans (La.),2,1,59
subjects[].heading,New York,2,2,76 306
subjects[].heading,Newcastle (N.S.W.),2,1,84
subjects[].heading,News agencies,2,2,59 306
subjects[].heading,"Newsom, David D. (David Dunlap), 1918-",2,1,59
subjects[].heading,Nha Trang (Vietnam),2,1,84
subjects[].heading,Niagara River (N.Y. and Ont.),2,1,59
subjects[].heading,Nicosia (Cyprus : Province),2,2,59 84
subjects[].heading,North Atlantic Treaty Organization. Coordinating Committee for Multilateral Export Controls (1950 ? - 03/31/1994),2,1,59
subjects[].heading,North Bay (Ont.),2,1,84
subjects[].heading,North Dakota,2,1,76
subjects[].heading,North and Central America,2,2,286 306
subjects[].heading,Northern Mariana Islands,2,1,59
subjects[].heading,Nuclear explosions,2,1,59
subjects[].heading,Nuclear power plants,2,1,59
subjects[].heading,Nuclear ships,2,1,59
subjects[].heading,Nuclear weapons testing,2,2,306 383
subjects[].heading,Oaths,2,1,59
subjects[].heading,Oceania,2,2,286 306
subjects[].heading,Office for Emergency Management. Office of War Information. (06/13/1942 - 09/15/1945),2,2,208 306
subjects[].heading,"Ontario, Lake (N.Y. and Ont.)",2,2,59 76
subjects[].heading,Opinions,2,1,76
subjects[].heading,Oran (Algeria),2,1,84
subjects[].heading,Ordinances,2,1,59
subjects[].heading,Oregon State University,2,1,286
subjects[].heading,Organisation for Economic Co-operation and Development. Committee for Agriculture,2,1,59
subjects[].heading,Organisation for Economic Co-operation and Development. Committee for Scientific and Technological Policy.,2,2,59 286
subjects[].heading,Organisation for Economic Co-operation and Development. Economic Policy Committee.,2,1,59
subjects[].heading,Organisation for Economic Co-operation and Development. Maritime Transport Committee.,2,1,59
subjects[].heading,Organisation for Economic Co-operation and Development. Special Committee for Oil.,2,1,59
subjects[].heading,Organization of American States. Council.,2,1,59
subjects[].heading,Orientation,2,1,59
subjects[].heading,Ouagadougou (Burkina Faso),2,2,286 306
subjects[].heading,PLAN International USA,2,1,286
subjects[].heading,Painting,2,1,306
subjects[].heading,Palau,2,1,59
subjects[].heading,Palestine Conciliation Commission (12/11/1948 - ?),2,2,59 84
subjects[].heading,Palma de Mallorca (Spain),2,1,84
subjects[].heading,"Palmer, Joseph, II",2,1,59
subjects[].heading,Pan American Highway Congress.,2,2,43 59
subjects[].heading,Pan American Institute of Geography and History. (1929 - ),2,1,59
subjects[].heading,Pan American Sanitary Organization,2,2,43 59
subjects[].heading,Panama Canal Treaties (1977),2,1,59
subjects[].heading,Papeete (French Polynesia),2,1,84
subjects[].heading,Paris Universal Exposition of 1878.,2,1,43
subjects[].heading,"Parker, Charlie, 1920-1955",2,1,306
subjects[].heading,Partido Africano da Independência da Guiné e Cabo Verde.,2,2,59 84
subjects[].heading,Passamaquoddy Bay (N.B. and Me.),2,2,59 76
subjects[].heading,Pathet Lao,2,2,59 84
subjects[].heading,Paul Weir Company.,2,2,286 469
subjects[].heading,"Paz Estenssoro, Víctor, 1907-",2,2,59 84
subjects[].heading,Peace negotiations,2,2,59 306
subjects[].heading,Peace treaties,2,1,59
subjects[].heading,Performance appraisals,2,1,306
subjects[].heading,Personal correspondence,2,2,59 306
subjects[].heading,Photography,2,1,306
subjects[].heading,"Pierce, Franklin, 1804-1869",2,1,59
subjects[].heading,"Pinochet Ugarte, Augusto.",2,2,59 84
subjects[].heading,Plovdiv (Bulgaria),2,1,306
subjects[].heading,"Poe, Edgar Allan, 1809-1849",2,1,306
subjects[].heading,Polar expeditions,2,1,59
subjects[].heading,Poliomyelitis,2,2,59 466
subjects[].heading,Political parties,2,2,84 306
subjects[].heading,"Politics, Practical",2,2,84 466
subjects[].heading,"Polk, James K. (James Knox), 1795-1849",2,1,59
subjects[].heading,Ponta Delgada (Azores),2,1,84
subjects[].heading,Port security,2,1,59
subjects[].heading,Postal Union of the Americas and Spain,2,2,59 84
subjects[].heading,Postal matters,2,1,84
subjects[].heading,Potomac River,2,1,59
subjects[].heading,Power (Mechanics),2,2,84 286
subjects[].heading,Preparatory Commission for the International Refugee Organization,2,2,59 84
subjects[].heading,Preparatory studies,2,1,59
subjects[].heading,Prescott (Ont.),2,1,84
subjects[].heading,President (1945-1953 : Truman). National Security Council. Psychological Strategy Board. (04/04/1951 - 01/20/1953),2,2,59 306
subjects[].heading,President (1953-1961 : Eisenhower). National Security Council. Psychological Strategy Board. (01/20/1953 - 09/03/1953),2,2,84 306
subjects[].heading,President (1953-1961 : Eisenhower). Operations Coordinating Board. (09/02/1953 - 02/25/1957),2,2,84 306
subjects[].heading,President (1953-1961 : Eisenhower). President's Committee on Information Activities Abroad. (12/10/1959 - ca. 1961),2,1,306
subjects[].heading,Presidential assassinations,2,2,59 306
subjects[].heading,Presidential elections,2,1,306
subjects[].heading,Presidential trips,2,2,59 306
subjects[].heading,Press kits,2,2,59 306
subjects[].heading,Primary Health Care Technology Project,2,1,286
subjects[].heading,Printing plates,2,1,59
subjects[].heading,Proceedings (Law),2,2,59 76
subjects[].heading,Procurement and disposal,2,1,306
subjects[].heading,Project Hope.,2,1,286
subjects[].heading,Public Relations Society of America,2,1,306
subjects[].heading,Public officers,2,1,59
subjects[].heading,Public speaking,2,1,306
subjects[].heading,Puerto Cabezas (Nicaragua),2,1,84
subjects[].heading,"Puerto La Cruz (Anzoategui, Venezuela)",2,1,84
subjects[].heading,Punta Arenas (Chile),2,1,84
subjects[].heading,"Qaddafi, Muammar",2,1,59
subjects[].heading,Quarterly reports,2,1,306
subjects[].heading,"Quayle, Dan, 1947-",2,2,59 306
subjects[].heading,Québec,2,1,84
subjects[].heading,Radiation,2,1,59
subjects[].heading,Radio Technical Commission for Marine Services (U.S.),2,1,43
subjects[].heading,Raw materials,2,1,59
subjects[].heading,Reclamation of land,2,2,286 469
subjects[].heading,Reconstruction (1939-1951),2,1,43
subjects[].heading,Reforestation,2,2,469 490
subjects[].heading,"Refugees, Jewish",2,2,59 84
subjects[].heading,Reims (France),2,1,84
subjects[].heading,Reinosa (Mexico),2,1,84
subjects[].heading,Remote sensing,2,1,286
subjects[].heading,Renewable energy sources,2,1,286
subjects[].heading,Resignation,2,1,306
subjects[].heading,Restrictive business practices,2,1,59
subjects[].heading,"Rey, Jean, 1902-",2,1,59
subjects[].heading,Rice,2,1,286
subjects[].heading,"Robinson, Jackie, 1919-1972",2,1,306
subjects[].heading,Rockefeller Foundation,2,1,59
subjects[].heading,Rotterdam (Netherlands),2,1,84
subjects[].heading,Rubber industry and trade,2,1,59
subjects[].heading,Ruhr (Germany : Region),2,2,43 466
subjects[].heading,Rutgers University,2,1,286
subjects[].heading,Saarland (Germany),2,2,43 59
subjects[].heading,Sahara,2,2,59 306
subjects[].heading,Saint Kitts and Nevis,2,2,286 306
subjects[].heading,Saint Stephen (N.B.),2,1,84
subjects[].heading,Saint Thomas (V.I.),2,2,59 84
subjects[].heading,Saint-Pierre and Miquelon,2,2,59 84
subjects[].heading,Salmon,2,2,43 59
subjects[].heading,"Saltillo (Coahuila, Mexico)",2,1,84
subjects[].heading,San Juan (P.R.),2,2,84 306
subjects[].heading,San Luis Potosí (Mexico),2,1,84
subjects[].heading,Santander (Spain),2,1,84
subjects[].heading,"Sargeant, Howland H., 1911-1984",2,1,306
subjects[].heading,Sarnia (Ont.),2,1,84
subjects[].heading,"Saud, King of Saudi Arabia, 1902-1969",2,1,59
subjects[].heading,Sault Sainte Marie (Ont.),2,1,84
subjects[].heading,Save the Children (U.S.),2,1,286
subjects[].heading,Science attachés,2,1,59
subjects[].heading,Screenplays,2,1,306
subjects[].heading,Security (Law),2,2,59 306
subjects[].heading,Security classification (Government documents),2,2,59 84
subjects[].heading,Serbia,2,1,59
subjects[].heading,"Seward, William Henry, 1801-1872",2,1,59
subjects[].heading,Sheet music,2,1,306
subjects[].heading,Sheffield (England),2,1,84
subjects[].heading,"Shelton, Turner B.",2,1,84
subjects[].heading,"Shevardnadze, Eduard Amvrosievich",2,2,59 306
subjects[].heading,"Shriver, Sargent, 1915-2011",2,2,84 490
subjects[].heading,Sicily (Italy),2,1,169
subjects[].heading,Sinai (Egypt),2,1,59
subjects[].heading,Social security,2,1,59
subjects[].heading,Solar energy,2,1,306
subjects[].heading,Soldiers,2,1,59
subjects[].heading,Sonneberg (Germany),2,1,84
subjects[].heading,Space flight to the moon,2,1,306
subjects[].heading,Specialists,2,1,59
subjects[].heading,"Stalin, Joseph, 1879-1953",2,2,306 466
subjects[].heading,Standard Oil Company of California.,2,2,76 286
subjects[].heading,Stanford Research Institute.,2,1,286
subjects[].heading,"Stassen, Harold Edward, 1907-2001",2,1,469
subjects[].heading,State-Army-Navy-Air Force Coordinating Committee. (11/05/1947 - 06/30/1949),2,1,59
subjects[].heading,Sterilization (Birth control),2,1,286
subjects[].heading,Stone and Webster Engineering Corporation.,2,2,286 469
subjects[].heading,Storage,2,2,286 306
subjects[].heading,Strategic Arms Limitation Talks II.,2,1,59
subjects[].heading,Strategy,2,2,59 84
subjects[].heading,"Streibert, Theodore Cuyler, 1899-1987",2,1,306
subjects[].heading,Studies (Visual works),2,2,59 306
subjects[].heading,Subversive activities,2,2,59 306
subjects[].heading,Sudan African National Union,2,2,59 84
subjects[].heading,"Suez Crisis, 1956",2,1,306
subjects[].heading,Surplus agricultural commodities,2,2,59 469
subjects[].heading,Synopses,2,2,43 383
subjects[].heading,Syracuse University,2,1,286
subjects[].heading,TECHNOSERVE (Organization),2,1,286
subjects[].heading,Tajikistan,2,1,286
subjects[].heading,Tarragona (Spain),2,1,84
subjects[].heading,Tax reform,2,2,59 286
subjects[].heading,Teachers,2,1,286
subjects[].heading,Tela (Honduras),2,1,84
subjects[].heading,Telephone directories,2,1,59
subjects[].heading,Television equipment and supplies,2,1,306
subjects[].heading,Television stations,2,1,306
subjects[].heading,"Tet Offensive, 1968",2,2,286 306
subjects[].heading,"Thant, U, 1909-1974",2,2,59 84
subjects[].heading,"Thompson, Llewellyn E., 1904-1972",2,2,84 306
subjects[].heading,"Thoreau, Henry David, 1817-1862",2,1,306
subjects[].heading,Tianjin (China),2,1,84
subjects[].heading,Tickets,2,1,306
subjects[].heading,Timisoara (Romania),2,1,306
subjects[].heading,Timor-Leste,2,2,59 84
subjects[].heading,Tin,2,2,59 306
subjects[].heading,Tobacco,2,2,59 84
subjects[].heading,Trade deficit,2,1,59
subjects[].heading,Trade embargoes,2,2,59 84
subjects[].heading,Transparencies,2,1,306
subjects[].heading,Tripartite Conference on the Suez Canal. (08/01/1956 - 08/02/1956),2,2,43 84
subjects[].heading,"Tsui, Kuo-yin, 1831-1909",2,1,59
subjects[].heading,Tuberculosis,2,2,286 306
subjects[].heading,"U-2 Incident, 1960",2,2,59 306
subjects[].heading,U.S. Congress. (1789 - ),2,1,59
subjects[].heading,U.S. Information Agency. Joint U.S. Public Affairs Office (04/09/1965 - 06/30/1972),2,1,306
subjects[].heading,U.S. International Development Cooperation Agency. Agency for International Development. Bureau for Latin America and th…,2,1,286
subjects[].heading,U.S. International Development Cooperation Agency. Agency for International Development. Bureau for Latin America and th…,2,1,286
subjects[].heading,U.S. Senate. (03/04/1789 - ),2,2,59 306
subjects[].heading,United Nations Commission on the Status of Women.,2,1,59
subjects[].heading,United Nations Conference on the Application of Science and Technology for the Benefit of the Less Developed Areas (1963…,2,1,286
subjects[].heading,United Nations Conference on the Law of the Sea.,2,2,43 59
subjects[].heading,United Nations Peacekeeping Force in Cyprus. (03/04/1964 - ),2,1,59
subjects[].heading,United Nations Truce Supervision Organization. (05/29/1948 - ),2,1,59
subjects[].heading,United Nations. Children Fund,2,2,59 286
subjects[].heading,United Nations. Commission on Human Rights,2,2,59 84
subjects[].heading,United Nations. Commission on International Commodity Trade,2,1,59
subjects[].heading,United Nations. Economic Commission for Latin America.,2,1,59
subjects[].heading,United Nations. European Office.,2,2,43 84
subjects[].heading,United Nations. International Law Commission.,2,2,59 84
subjects[].heading,United Nations. Korean Reconstruction Agency,2,1,59
subjects[].heading,United Nations. Population Commission,2,2,59 84
subjects[].heading,United Nations. Security Council,2,2,59 84
subjects[].heading,United Nations. Special Committee on the Balkans,2,1,84
subjects[].heading,United Nations. Statistical Commission.,2,2,59 84
subjects[].heading,United States Constitution,2,2,59 306
subjects[].heading,Universitas Gadjah Mada,2,1,286
subjects[].heading,"University of California, Berkeley",2,1,286
subjects[].heading,"University of California, Davis",2,2,59 286
subjects[].heading,University of Hawaii (Honolulu),2,1,286
subjects[].heading,"University of Maryland (College Park, Md.)",2,1,286
subjects[].heading,University of Michigan,2,1,286
subjects[].heading,University of Missouri,2,1,286
subjects[].heading,University of North Carolina at Chapel Hill,2,1,286
subjects[].heading,University of Pennsylvania,2,1,286
subjects[].heading,University of Pittsburgh,2,1,286
subjects[].heading,University of Puerto Rico,2,1,286
subjects[].heading,Uranium,2,1,84
subjects[].heading,Urban renewal,2,2,59 286
subjects[].heading,Vandalism,2,1,84
subjects[].heading,Vanuatu,2,2,59 84
subjects[].heading,"Victoria, Queen of Great Britain, 1819-1901",2,1,59
subjects[].heading,Video recordings,2,2,286 306
subjects[].heading,"Villa, Pancho, 1878-1923",2,1,76
subjects[].heading,Vocational education,2,2,229 306
subjects[].heading,W. K. Kellogg Foundation,2,1,59
subjects[].heading,Wages,2,1,466
subjects[].heading,"Waldheim, Kurt.",2,1,59
subjects[].heading,"Walesa, Lech, 1943-",2,1,306
subjects[].heading,Wars,2,1,59
subjects[].heading,"Washington, George, 1732-1799",2,1,59
subjects[].heading,Weeds,2,2,59 286
subjects[].heading,West Indies,2,2,286 306
subjects[].heading,"West Indies, British",2,2,59 306
subjects[].heading,"West Indies, French",2,2,59 306
subjects[].heading,Western European Union. (10/23/1954 - 07/2011),2,1,59
subjects[].heading,"Wick, Charles Z., 1917-2008",2,1,306
subjects[].heading,Wildlife management,2,2,43 59
subjects[].heading,"Wilkins, Roy, 1901-1981",2,2,59 208
subjects[].heading,Windsor (Ont.),2,1,84
subjects[].heading,World Council of Credit Unions,2,1,286
subjects[].heading,World Federation of Trade Unions,2,2,59 84
subjects[].heading,World Meteorological Organization,2,2,43 59
subjects[].heading,World Meteorological Organization.,2,1,84
subjects[].heading,World Power Conference,2,2,43 84
subjects[].heading,"World's Columbian Exposition (1893 : Chicago, Ill.)",2,1,43
subjects[].heading,"Wu, Ting-fang, 1842-1922",2,1,59
subjects[].heading,Wuhan (China),2,1,84
subjects[].heading,YMCA,2,1,286
subjects[].heading,Yale University,2,1,286
subjects[].heading,Yarmouth (N.S.),2,1,84
subjects[].heading,Yearbooks,2,1,306
subjects[].heading,"Yeltsin, Boris Nikolayevich, 1931-2007",2,2,59 306
subjects[].heading,Youth services,2,2,59 466
subjects[].heading,Aachen (Germany),1,1,84
subjects[].heading,Aarau (Switzerland),1,1,84
subjects[].heading,Abandoned farms,1,1,306
subjects[].heading,"Abdülmecit, Sultan of the Turks, 1823-1861",1,1,59
subjects[].heading,Aberdeen (Scotland),1,1,84
subjects[].heading,"Abramowitz, Morton Isaac, 1933-2024",1,1,59
subjects[].heading,Abreu e Lima (Brazil),1,1,84
subjects[].heading,Abruzzo (Italy),1,1,239
subjects[].heading,Abt Associates,1,1,286
subjects[].heading,Academy for Educational Development,1,1,286
subjects[].heading,Acajutla (El Salvador),1,1,84
subjects[].heading,Accident reports,1,1,286
subjects[].heading,Account books,1,1,59
subjects[].heading,Accounting,1,1,59
subjects[].heading,"Achille Lauro Hijacking Incident, 1985",1,1,59
subjects[].heading,"Ackerman, Edward A. (Edward Augustus), 1911-",1,1,286
subjects[].heading,Action Committee for the United States of Europe.,1,1,59
subjects[].heading,Actors,1,1,306
subjects[].heading,Actresses,1,1,306
subjects[].heading,"Adams, Charles Francis, 1807-1886",1,1,59
subjects[].heading,"Adams, John, 1735-1826",1,1,76
subjects[].heading,"Adee, Alvey A. (Alvey Augustus), 1842-1924",1,1,59
subjects[].heading,Administrative orders,1,1,59
subjects[].heading,Administrative regulations,1,1,306
subjects[].heading,"Adolph, Grand Duke of Luxembourg, 1817-1905",1,1,59
subjects[].heading,Adventist Development and Relief Agency,1,1,286
subjects[].heading,Advertisements,1,1,306
subjects[].heading,Advertising,1,1,306
subjects[].heading,"Advisory Commission on International Communications, Cultural, and Educational Affairs. (10/30/1978 - 10/01/1979)",1,1,306
subjects[].heading,Advisory Committee on Voluntary Foreign Aid. (05/15/1946 - ),1,1,286
subjects[].heading,Aeronautics and state,1,1,84
subjects[].heading,Aerospace industries,1,1,466
subjects[].heading,African Development Bank,1,1,286
subjects[].heading,African National Congress,1,1,84
subjects[].heading,Afro-Asian Peoples' Solidarity Conference,1,1,59
subjects[].heading,Agent Orange,1,1,59
subjects[].heading,"Agricultural Missions, Inc. (New York, N.Y.)",1,1,286
subjects[].heading,Agricultural cooperative credit associations,1,1,286
subjects[].heading,Agricultural extension work,1,1,469
subjects[].heading,Agricultural productivity,1,1,286
subjects[].heading,Agrigento (Italy),1,1,84
subjects[].heading,Agronomy,1,1,469
subjects[].heading,Air Afrique.,1,1,59
subjects[].heading,Air pollution,1,1,59
subjects[].heading,Air traffic control,1,1,59
subjects[].heading,Airlines,1,1,84
subjects[].heading,"Airplanes, Military",1,1,59
subjects[].heading,"Akers, Robert W. (Robert Wood), 1905-1998",1,1,306
subjects[].heading,"Alamos Alamos (Nuevo León, Mexico)",1,1,84
subjects[].heading,Alaska International Rail and Highway Commission. (07/30/1957 - 06/16/1961),1,1,43
subjects[].heading,Alba (Italy),1,1,239
subjects[].heading,Albany (W.A.),1,1,84
subjects[].heading,Albert Town (Bahamas),1,1,84
subjects[].heading,"Albert, Prince Consort of Victoria, Queen of Great Britain, 1819-1861",1,1,59
subjects[].heading,Alberta,1,1,76
subjects[].heading,Alberton (P.E.I),1,1,84
subjects[].heading,"Alden, James Madison, 1834-1922",1,1,76
subjects[].heading,"Alderfer, Harold Freed, 1903-",1,1,286
subjects[].heading,"Alexander III, Emperor of Russia, 1845-1894",1,1,59
subjects[].heading,"Alfonso XIII, King of Spain, 1886-1941",1,1,59
subjects[].heading,Algeciras (Spain),1,1,84
subjects[].heading,"Algerian Revolution, 1954-1962",1,1,59
subjects[].heading,"Alhaji, Alhaji Abubakar",1,1,306
subjects[].heading,"Ali, Mohammed, 1946-",1,1,306
subjects[].heading,Alianza Republicana Nacionalista (El Salvador),1,1,59
subjects[].heading,Alicante (Spain),1,1,84
subjects[].heading,Alien labor,1,1,84
subjects[].heading,"Allen, William H.",1,1,286
subjects[].heading,"Allende Gossens, Salvador, 1908-1973",1,1,84
subjects[].heading,Alliances,1,1,59
subjects[].heading,Allianz Versicherungs AG (Germany),1,1,466
subjects[].heading,Allied High Commission for Germany. (09/21/1949 - 05/05/1955),1,1,469
subjects[].heading,"Alston, Charles Henry, 1907-1977",1,1,208
subjects[].heading,Altata (Mexico),1,1,84
subjects[].heading,Aluminum,1,1,59
subjects[].heading,Alumni Federation of Columbia University.,1,1,306
subjects[].heading,"Amador Guerrero, Manuel, 1883-1909",1,1,59
subjects[].heading,"Amapala (Valle, Honduras)",1,1,84
subjects[].heading,Amelia (Italy),1,1,239
subjects[].heading,American Association for the Advancement of Science,1,1,286
subjects[].heading,American Bar Association,1,1,59
subjects[].heading,American Bar Foundation,1,1,286
subjects[].heading,American Committee on Africa,1,1,59
subjects[].heading,American Federation of Labor and Congress of Industrial Organizations.,1,1,59
subjects[].heading,American Friends Service Committee,1,1,84
subjects[].heading,American Hospital Association,1,1,286
subjects[].heading,American Institute for Free Labor Development.,1,1,286
subjects[].heading,American Institute in Taiwan. (1979 - ),1,1,84
subjects[].heading,American Institute of Graphic Arts,1,1,306
subjects[].heading,American Institute of International Law.,1,1,59
subjects[].heading,American Institutes for Research,1,1,286
subjects[].heading,American Jewish Committee,1,1,59
subjects[].heading,American Jewish Conference on Soviet Jewry,1,1,59
subjects[].heading,American Negro Leadership Conference on Africa,1,1,306
subjects[].heading,American Samoa,1,1,286
subjects[].heading,"American School Foundation (Mexico City, Mexico)",1,1,84
subjects[].heading,American Smelting and Refining Company,1,1,76
subjects[].heading,American Society for Public Administration,1,1,286
subjects[].heading,American Society of Agricultural Engineers.,1,1,286
subjects[].heading,American Society of Agricultural Engineers. Winter Meeting,1,1,286
subjects[].heading,American Society of Newspaper Editors,1,1,306
subjects[].heading,American Technical Assistance Corporation.,1,1,286
subjects[].heading,"American University (Washington, D.C.)",1,1,286
subjects[].heading,American University of Beirut,1,1,286
subjects[].heading,American Waltham Watch Company,1,1,84
subjects[].heading,American-Hawaiian Steamship Company.,1,1,76
subjects[].heading,Amherstburg (Ont.),1,1,84
subjects[].heading,Amiens (France),1,1,84
subjects[].heading,"Amin, Idi, 1925-",1,1,286
subjects[].heading,Anagni (Italy),1,1,239
subjects[].heading,"Analysis Group, Inc.",1,1,286
subjects[].heading,Anatomy,1,1,43
subjects[].heading,"Anaya Sanabria, Herbert",1,1,59
subjects[].heading,"Anderson, Marian, 1897-1993",1,1,306
subjects[].heading,"Andrade, Víctor, 1905-",1,1,59
subjects[].heading,Angers (France),1,1,84
subjects[].heading,Anglo-American Caribbean Commission,1,1,59
subjects[].heading,Angra do Heroismo (Azores),1,1,84
subjects[].heading,Animal diseases,1,1,469
subjects[].heading,Animal experimentation,1,1,59
subjects[].heading,Ankara Üniversitesi,1,1,286
subjects[].heading,Annaberg-Buchholz (Germany),1,1,84
subjects[].heading,Annapolis Royal (N.S.),1,1,84
subjects[].heading,"Annenberg, Walter H., 1908-",1,1,84
subjects[].heading,"Antall, József",1,1,306
subjects[].heading,Anti-Ballistic Missile Treaty (1972),1,1,59
subjects[].heading,Antidumping duties,1,1,59
subjects[].heading,Antiquities,1,1,59
subjects[].heading,"Antonelli, Giacomo, 1806-1876",1,1,59
subjects[].heading,Aosta (Italy),1,1,239
subjects[].heading,"Appalachian Environmental Laboratory (Frostburg, Md.)",1,1,286
subjects[].heading,Appeals,1,1,306
subjects[].heading,Appointments,1,1,59
subjects[].heading,Appraisals,1,1,59
subjects[].heading,Appropriate Health Resources & Technologies Action Group.,1,1,286
subjects[].heading,"Aqaba, Gulf of",1,1,59
subjects[].heading,Aquileia (Italy),1,1,239
subjects[].heading,"Aquino, Corazon Cojuangco, 1933-2009",1,1,286
subjects[].heading,Arab Boycott,1,1,59
subjects[].heading,Aracaju (Brazi),1,1,84
subjects[].heading,Archaeology,1,1,59
subjects[].heading,Arendal (Norway),1,1,84
subjects[].heading,Arezzo (Italy),1,1,239
subjects[].heading,Arhus amt (Denmark),1,1,84
subjects[].heading,Arichat (N.S.),1,1,84
subjects[].heading,Arid regions,1,1,59
subjects[].heading,Arkhangelsk (Russia),1,1,84
subjects[].heading,"Arlen, Harold, 1905-1986",1,1,306
subjects[].heading,"Armacost, Michael H.",1,1,59
subjects[].heading,Armco Steel Corporation,1,1,306
subjects[].heading,Armenian Assembly of America.,1,1,286
subjects[].heading,Armenian General Benevolent Union,1,1,286
subjects[].heading,Armenian Relief Society.,1,1,286
subjects[].heading,Armenians,1,1,59
subjects[].heading,"Armitage, Richard",1,1,59
subjects[].heading,Arms Control and Disarmament Agency. ( 09/26/1961 - 04/01/1999),1,1,383
subjects[].heading,Arms Control and Disarmament Agency. (09/26/1961 - 04/01/1999),1,1,59
subjects[].heading,Arms race,1,1,59
subjects[].heading,"Armstrong, Anne Legendre",1,1,84
subjects[].heading,"Armstrong, Neil, 1930-2012",1,1,306
subjects[].heading,Arnold Arboretum,1,1,286
subjects[].heading,Arnprior (Ont.),1,1,84
subjects[].heading,Art and society,1,1,306
subjects[].heading,Art thefts,1,1,84
subjects[].heading,Arthur Young International.,1,1,286
subjects[].heading,Articles of incorporation,1,1,306
subjects[].heading,Artificial satellites,1,1,59
subjects[].heading,Ascoli Piceno (Italy),1,1,239
subjects[].heading,Asian Writers' Conference.,1,1,306
subjects[].heading,Asociación Interciencia.,1,1,286
subjects[].heading,Aspen Institute,1,1,59
subjects[].heading,Assets (Accounting),1,1,466
subjects[].heading,Assisi (Italy),1,1,239
subjects[].heading,Associated Country Women of the World,1,1,43
subjects[].heading,Associated Press,1,1,306
subjects[].heading,"Associates in Rural Development, Inc.",1,1,286
subjects[].heading,Association of Agricultural Development Planners in Africa,1,1,286
subjects[].heading,Association of American Medical Colleges.,1,1,286
subjects[].heading,Association of American Railroads.,1,1,84
subjects[].heading,"Astaire, Fred, 1899-1987",1,1,306
subjects[].heading,Asti (Italy),1,1,239
subjects[].heading,"Astin, Allen Varley, 1904-1984",1,1,286
subjects[].heading,"Asylum, Right of",1,1,84
subjects[].heading,Asyut (Egypt),1,1,84
subjects[].heading,"Atherton, John Carlton, 1900-1952",1,1,208
subjects[].heading,Athlone (Ireland),1,1,84
subjects[].heading,Atlantic States Marine Fisheries Commission,1,1,59
subjects[].heading,Atlas Film Corporation,1,1,306
subjects[].heading,Atlases,1,1,59
subjects[].heading,Attendance lists,1,1,306
subjects[].heading,"Atwood, John Brian, 1942-",1,1,286
subjects[].heading,"Aubrey, Henry G.",1,1,286
subjects[].heading,"Auriol, Vincent, 1884-1966",1,1,59
subjects[].heading,Austria-Hungary,1,1,59
subjects[].heading,Authors and publishers,1,1,306
subjects[].heading,Automation,1,1,286
subjects[].heading,"Automobiles, Electric",1,1,306
subjects[].heading,Autonomy,1,1,59
subjects[].heading,Azerbaijan,1,1,286
subjects[].heading,"Aziz, Tariq",1,1,306
subjects[].heading,Azua de Compostela (Dominican Republic),1,1,84
subjects[].heading,B.F. Goodrich Company.,1,1,306
subjects[].heading,"Baber, Alice.",1,1,306
subjects[].heading,Badalona (Spain),1,1,84
subjects[].heading,Badges,1,1,306
subjects[].heading,Baghdad (Iraq : Province),1,1,59
subjects[].heading,"Baker, Josephine, 1906-1975",1,1,306
subjects[].heading,"Baker, Nancy Kassebaum, 1932-",1,1,84
subjects[].heading,Balama District (Mozambique),1,1,76
subjects[].heading,Balance of trade,1,1,59
subjects[].heading,Balance sheets,1,1,466
subjects[].heading,Balkan Peninsula,1,1,43
subjects[].heading,Ballet,1,1,306
subjects[].heading,Bamberg (Germany),1,1,84
subjects[].heading,Banco Centroamericano de Integración Económica.,1,1,59
subjects[].heading,Bangladesh Fertility Research Programme.,1,1,286
subjects[].heading,Bangladesh Rural Advancement Committee,1,1,286
subjects[].heading,Banjul (Gambia),1,1,84
subjects[].heading,"Baracoa (Guantánamo, Cuba)",1,1,84
subjects[].heading,"Barcelona (Bolivar, Anzoátegui, Venezuela)",1,1,84
subjects[].heading,Barclay & Company.,1,1,286
subjects[].heading,"Barclay, McClelland, 1891-1943",1,1,208
subjects[].heading,Bari Sardo (Italy),1,1,84
subjects[].heading,"Barmen (Wuppertal, Germany)",1,1,84
subjects[].heading,"Barnsley (South Yorkshire, England)",1,1,84
subjects[].heading,"Barre, Raymond",1,1,59
subjects[].heading,"Barrett, Edward W. (Edward Ware), 1910-1989",1,1,306
subjects[].heading,"Barrett, Robert S. (Robert South), 1927-",1,1,84
subjects[].heading,Barrie (Ont.),1,1,84
subjects[].heading,"Barrientos Ortuño, René, 1919-1969",1,1,84
subjects[].heading,"Barrios de Chamorro, Violeta, 1929-",1,1,306
subjects[].heading,"Barrios, Justo Rufino, 1835-1885",1,1,59
subjects[].heading,"Barton, Clara, 1821-1912",1,1,306
subjects[].heading,Baseball,1,1,306
subjects[].heading,Baseball players,1,1,306
subjects[].heading,Baseball teams,1,1,466
subjects[].heading,"Basie, Count, 1904-",1,1,306
subjects[].heading,Basketball,1,1,466
subjects[].heading,Basseterre (Saint Kitts and Nevis),1,1,84
subjects[].heading,Bastia (France),1,1,84
subjects[].heading,Bastimentos (Panama),1,1,84
subjects[].heading,Bataan (Philippines : Province),1,1,59
subjects[].heading,Bathurst Inlet (Nunavut),1,1,84
subjects[].heading,"Batlle Beres, Luis, 1897-1964",1,1,59
subjects[].heading,"Batlle y Ordóñez, José, 1856-1929",1,1,59
subjects[].heading,Battelle Memorial Institute,1,1,286
subjects[].heading,"Baudouin I, King of the Belgians, 1930-1993",1,1,59
subjects[].heading,"Baumgartner, Leona, 1902-",1,1,286
subjects[].heading,Bauxite,1,1,59
subjects[].heading,Bay Bulls (N.L.),1,1,84
subjects[].heading,"Bayer, Herbert, 1900-1985",1,1,208
subjects[].heading,Bayonne (France),1,1,84
subjects[].heading,Bays,1,1,59
subjects[].heading,"Beall, C. C. (Cecil Calvert), 1892-1967",1,1,208
subjects[].heading,"Beatrix, Queen of the Netherlands, 1938-",1,1,59
subjects[].heading,Bechtel Corporation,1,1,286
subjects[].heading,"Beers, Howard W. (Howard Wayland), 1905-",1,1,286
subjects[].heading,Beira (Mozambique),1,1,84
subjects[].heading,Belize City (Belize),1,1,84
subjects[].heading,Belly River (Mont. and Alta.),1,1,59
subjects[].heading,Belmopan (Belize),1,1,286
subjects[].heading,"Ben Bella, Ahmed",1,1,59
subjects[].heading,"Benelli, Giovanni, 1921-1982",1,1,59
subjects[].heading,"Berdanier, Paul Frederick, 1879-1961",1,1,208
subjects[].heading,Bergamo (Italy),1,1,239
subjects[].heading,"Berger, Samuel D. (Samuel David), 1911-",1,1,59
subjects[].heading,"Berle, Milton.",1,1,306
subjects[].heading,"Berlin Blockade, 1948-1949",1,1,466
subjects[].heading,Berlin Conference on West African Affairs. (11/16/1884 - 02/26/1885),1,1,59
subjects[].heading,"Berlin, Irving, 1888-1989",1,1,306
subjects[].heading,"Berlin. Conference, 1954.",1,1,306
subjects[].heading,"Berman, Howard L. (Howard Lawrence), 1941-",1,1,286
subjects[].heading,"Berman, Sam, 1907-1995",1,1,208
subjects[].heading,"Betancourt, Rómulo, 1908-",1,1,59
subjects[].heading,Bethlehem Steel Company.,1,1,76
subjects[].heading,"Bethune, Mary McLeod, 1875-1955",1,1,208
subjects[].heading,Beverages,1,1,84
subjects[].heading,"Bevin, Ernest, 1881-1951",1,1,286
subjects[].heading,Bhutan,1,1,59
subjects[].heading,Biarritz (France),1,1,84
subjects[].heading,Bills of lading,1,1,306
subjects[].heading,"Binder, David.",1,1,306
subjects[].heading,Biomass energy,1,1,286
subjects[].heading,Bissau (Guinea-Bissau),1,1,286
subjects[].heading,"Bitterman, Mary, 1944-",1,1,306
subjects[].heading,"Biya, Paul, 1933-",1,1,306
subjects[].heading,Bizerte (Tunisia),1,1,84
subjects[].heading,Black Panther Party,1,1,59
subjects[].heading,"Black River (Saint Elizabeth, Jamaica : Town)",1,1,84
subjects[].heading,Black market,1,1,466
subjects[].heading,"Blair House (Washington, D.C.)",1,1,59
subjects[].heading,"Blake, Eubie, 1883-",1,1,306
subjects[].heading,"Blakey, Art, 1919-",1,1,306
subjects[].heading,"Block, Herbert Lawrence, 1909-2001",1,1,208
subjects[].heading,Blockades,1,1,59
subjects[].heading,Bloemfontein (South Africa),1,1,84
subjects[].heading,"Blossom, Earl, 1891-1970",1,1,208
subjects[].heading,Board of Foreign Scholarships. (1946 - 02/16/1990),1,1,306
subjects[].heading,Boards of trade,1,1,466
subjects[].heading,"Bográn, Luis, 1849-1895",1,1,59
subjects[].heading,"Bolaños Geyer, Enrique.",1,1,59
subjects[].heading,"Bolen, David B. (David Benjamin), 1923-",1,1,84
subjects[].heading,"Bolton, Frances Payne Bingham, 1885-1977",1,1,59
subjects[].heading,Bombings,1,1,84
subjects[].heading,"Bongo, Omar, 1935-",1,1,306
subjects[].heading,"Bonilla, Manuel, 1849-1913",1,1,59
subjects[].heading,"Bonilla, Policarpo.",1,1,59
subjects[].heading,"Bonynge, Robert W. (Robert William), 1863-1939",1,1,76
subjects[].heading,Book catalogs,1,1,306
subjects[].heading,Book industries and trade,1,1,306
subjects[].heading,Books and reading,1,1,306
subjects[].heading,"Bormann, Martin, 1900-1945",1,1,59
subjects[].heading,Borneo,1,1,306
subjects[].heading,"Bosch, Robert, 1861-1942",1,1,59
subjects[].heading,Bouaké (Côte d'Ivoire),1,1,306
subjects[].heading,Boulogne-sur-Mer (France),1,1,84
subjects[].heading,"Boumédiene, Houari, 1927-",1,1,59
subjects[].heading,"Bourguiba, Habib, 1903-",1,1,59
subjects[].heading,"Bowen, Ezra.",1,1,76
subjects[].heading,"Boxer Rebellion, China, 1899-1901",1,1,59
subjects[].heading,"Boyce, Christopher John.",1,1,286
subjects[].heading,Bracciano (Italy),1,1,239
subjects[].heading,Bracero Program,1,1,59
subjects[].heading,"Bradfield, Richard, 1896-1981",1,1,286
subjects[].heading,Brake (Germany),1,1,84
subjects[].heading,Brandeis University.,1,1,286
subjects[].heading,Brantford (Ont.),1,1,84
subjects[].heading,Braunschweig (Germany),1,1,84
subjects[].heading,"Bray, Charles.",1,1,306
subjects[].heading,"Bredo, William",1,1,286
subjects[].heading,Breisach am Rhein (Germany),1,1,466
subjects[].heading,Bremen (Germany : State),1,1,466
subjects[].heading,Brescia (Italy),1,1,239
subjects[].heading,Bressanone (Italy),1,1,239
subjects[].heading,Brest (France),1,1,84
subjects[].heading,Bribery,1,1,59
subjects[].heading,"Bricker, John W. (John William), 1893-1986",1,1,59
subjects[].heading,Bridges,1,1,169
subjects[].heading,Bridgewater (N.S.),1,1,84
subjects[].heading,"Briefing, Military",1,1,59
subjects[].heading,Brighton (England),1,1,84
subjects[].heading,Brindisi (Italy),1,1,84
subjects[].heading,Bristol Bay (Alaska),1,1,59
subjects[].heading,British,1,1,59
subjects[].heading,Broadcasters,1,1,306
subjects[].heading,Brockville (Ont.),1,1,84
subjects[].heading,"Brodolini, Giacomo, 1920-1969",1,1,59
subjects[].heading,"Brokaw, Tom",1,1,84
subjects[].heading,"Bronk, Detlev W. (Detlev Wulf), 1897-1975",1,1,286
subjects[].heading,Bronze medals,1,1,43
subjects[].heading,Brookings Institution,1,1,286
subjects[].heading,"Brooks, Norman H.",1,1,286
subjects[].heading,"Brother's Brother Foundation (Pittsburgh, Pa.)",1,1,286
subjects[].heading,Brown & Root Overseas.,1,1,286
subjects[].heading,"Brown, Clifford",1,1,306
subjects[].heading,"Bruce, Lenny.",1,1,59
subjects[].heading,"Bruner, Jerome S. (Jerome Seymour)",1,1,286
subjects[].heading,"Bryan, William Jennings, 1860-1925",1,1,59
subjects[].heading,"Bryce, Murray D.",1,1,286
subjects[].heading,"Brzezinski, Zbigniew K., 1928-2017",1,1,84
subjects[].heading,"Bstan-dzin-rgya-mtsho, Dalai Lama XIV, 1935-",1,1,59
subjects[].heading,Bucaramanga (Colombia),1,1,84
subjects[].heading,Buchanan (Liberia),1,1,84
subjects[].heading,"Buckley, James Lane, 1923-2023",1,1,84
subjects[].heading,Building,1,1,59
subjects[].heading,Building materials,1,1,59
subjects[].heading,Building repair and reconstruction,1,1,59
subjects[].heading,"Bukovskii, Vladimir Konstantinovich, 1942-",1,1,59
subjects[].heading,Bulawayo (Zimbabwe),1,1,306
subjects[].heading,"Bullitt, William C. (William Christian), 1891-1967",1,1,59
subjects[].heading,"Bundy, William P. (William Putnam), 1917-2000",1,1,59
subjects[].heading,"Bureau of Social Science Research (Washington, D.C.)",1,1,286
subjects[].heading,Bureau of the Budget. (07/01/1939 - 07/01/1970),1,1,286
subjects[].heading,"Burnett, Leo Nobles, 1891-1971",1,1,208
subjects[].heading,"Burnham, Forbes, 1923-",1,1,286
subjects[].heading,Burns and Roe.,1,1,286
subjects[].heading,"Burns, R. Nicholas, 1956-",1,1,59
subjects[].heading,"Burslem (Stoke-on-Trent, England)",1,1,84
subjects[].heading,"Burton, Glenn W. (Glenn Willard), 1910-",1,1,286
subjects[].heading,"Bush, George Walker, 1946-",1,1,59
subjects[].heading,Business and Industry Advisory Committee,1,1,59
subjects[].heading,"Byrd, Charlie, 1925-",1,1,306
subjects[].heading,CEOSS.,1,1,286
subjects[].heading,COMSAT Corporation,1,1,59
subjects[].heading,Cabano (Québec),1,1,84
subjects[].heading,Cabinet,1,1,59
subjects[].heading,"Cabot, John M. (John Moors), 1901-1981",1,1,59
subjects[].heading,Caen (France),1,1,84
subjects[].heading,Cagliari (Italy),1,1,84
subjects[].heading,Caibarién (Cuba),1,1,84
subjects[].heading,Calais (France),1,1,84
subjects[].heading,Caldera (Chile),1,1,84
subjects[].heading,California Institute of Technology,1,1,286
subjects[].heading,California Texas Oil Corporation.,1,1,306
subjects[].heading,Callao (Peru),1,1,84
subjects[].heading,"Calles, Plutarco Elías, 1877-1945",1,1,84
subjects[].heading,Camagüey (Cuba),1,1,84
subjects[].heading,Cambridge Conference,1,1,59
subjects[].heading,Cambridge Seven Associates.,1,1,306
subjects[].heading,Camp David Agreements,1,1,59
subjects[].heading,Campbellton (N.B.),1,1,84
subjects[].heading,"Campeche (Campeche, Mexico)",1,1,84
subjects[].heading,Camps,1,1,466
subjects[].heading,Canadians,1,1,59
subjects[].heading,Canal Zone Government. (07/01/1951 - 10/01/1979),1,1,59
subjects[].heading,Cananea (Mexico),1,1,84
subjects[].heading,Cancer,1,1,286
subjects[].heading,"Canham, Erwin D. (Erwin Dain), 1904-1982",1,1,306
subjects[].heading,Canso (N.S.),1,1,84
subjects[].heading,Capital investments,1,1,59
subjects[].heading,"Capra, Frank, 1897-1991",1,1,306
subjects[].heading,Cargo handling,1,1,469
subjects[].heading,Caribbean Community.,1,1,286
subjects[].heading,Caricatures and cartoons,1,1,306
subjects[].heading,"Carini (Sicily, Italy)",1,1,84
subjects[].heading,Caripito (Venezuela),1,1,84
subjects[].heading,Carlisle (England),1,1,84
subjects[].heading,"Carney, Robert Bostwick, 1895-1990",1,1,59
subjects[].heading,Carnival,1,1,306
subjects[].heading,Carolina Population Center.,1,1,286
subjects[].heading,Carrara (Italy),1,1,84
subjects[].heading,Cartagena (Spain),1,1,84
subjects[].heading,"Carter, Rosalynn, 1927-2023",1,1,59
subjects[].heading,Cartography,1,1,59
subjects[].heading,Casale Monferrato (Italy),1,1,239
subjects[].heading,"Casals, Pablo, 1876-1973",1,1,306
subjects[].heading,Case Western Reserve University,1,1,286
subjects[].heading,"Case, Clifford P. (Clifford Philip), 1904-1982",1,1,59
subjects[].heading,"Cass, Lewis, 1782- 1866",1,1,59
subjects[].heading,Castellammare di Stabia (Italy),1,1,84
subjects[].heading,"Castillo Armas, Carlos, 1914-1957",1,1,306
subjects[].heading,"Castro, Raul H. (Raul Hector), 1916-",1,1,84
subjects[].heading,Cataloging,1,1,306
subjects[].heading,Catania (Italy),1,1,84
subjects[].heading,Catholic Charities USA,1,1,286
subjects[].heading,"Catlin, George, 1796-1872",1,1,306
subjects[].heading,"Catto, Henry Edward, Jr., 1930-2011",1,1,306
subjects[].heading,Caudry (France),1,1,84
subjects[].heading,Cayenne (French Guiana),1,1,84
subjects[].heading,Cayman Islands,1,1,306
subjects[].heading,"Ceausescu, Elena",1,1,306
subjects[].heading,"Ceausescu, Nicolae",1,1,306
subjects[].heading,Center for Development Information and Evaluation (U.S.),1,1,286
subjects[].heading,Center for International Health Information,1,1,286
subjects[].heading,Center for Privatization,1,1,286
subjects[].heading,Central American Research Institute for Industry,1,1,286
subjects[].heading,Central Commission for the Navigation of the Rhine,1,1,84
subjects[].heading,"Central High School (Little Rock, Ark.) integration crisis, 1957",1,1,306
subjects[].heading,Centre for Development and Population Activities,1,1,286
subjects[].heading,Centre for Educational Research and Innovation,1,1,59
subjects[].heading,Centre for Industrial Development (United Nations),1,1,286
subjects[].heading,Centro Agronómico Tropical de Investigación y Enseñanza.,1,1,286
subjects[].heading,Centro Peruano de Investigaciones Biológicas y Promoción Social,1,1,286
subjects[].heading,Centro de Apoyo de Lactancia Materna,1,1,286
subjects[].heading,"Cerník, Oldrich.",1,1,84
subjects[].heading,Certificates of registry,1,1,76
subjects[].heading,Cesena (Italy),1,1,239
subjects[].heading,Ceylon Institute of Scientific and Industrial Research,1,1,286
subjects[].heading,"Chaco Peace Conference (1935-1939 : Buenos Aires, Argentina)",1,1,43
subjects[].heading,"Chambers, Richard Munsell, 1909-1963",1,1,208
subjects[].heading,"Chamizal Treaty, 1963",1,1,59
subjects[].heading,"Chamoun, Camille, 1900-",1,1,84
subjects[].heading,Champerico (Guatemala),1,1,84
subjects[].heading,"Champlain, Lake",1,1,59
subjects[].heading,"Chanaral (Chanaral, Chile)",1,1,84
subjects[].heading,"Chance, Fred, 1911-",1,1,208
subjects[].heading,"Chang, Yen Hoon, -1900",1,1,59
subjects[].heading,"Changsha (Hunan Sheng, China)",1,1,84
subjects[].heading,Chania (Greece),1,1,84
subjects[].heading,Channel Port aux Basques (Nfld.),1,1,84
subjects[].heading,Channels,1,1,59
subjects[].heading,Charities,1,1,306
subjects[].heading,"Charities, Medical",1,1,306
subjects[].heading,Charleroi (Belgium),1,1,84
subjects[].heading,"Charles IV, King of Spain, 1748-1819",1,1,59
subjects[].heading,"Charles T. Main, Inc.",1,1,286
subjects[].heading,Charlottetown (P.E.I.),1,1,84
subjects[].heading,"Charnay, Désiré, 1828-1915",1,1,59
subjects[].heading,Chase Manhattan Bank,1,1,306
subjects[].heading,"Chatham (Kent, England)",1,1,84
subjects[].heading,Chatham (Ont.),1,1,84
subjects[].heading,"Checchi and Company Consulting, Inc.",1,1,286
subjects[].heading,"Checchi, Vincent",1,1,286
subjects[].heading,Checkbooks,1,1,306
subjects[].heading,Checklists,1,1,59
subjects[].heading,Checks,1,1,306
subjects[].heading,"Chehab, Fuad, 1902-1973",1,1,84
subjects[].heading,Chemainus (B.C.),1,1,84
subjects[].heading,Chemicals,1,1,59
subjects[].heading,Chemnitz (Germany),1,1,84
subjects[].heading,Chemonics (Firm),1,1,286
subjects[].heading,"Chen, Lan-pin",1,1,59
subjects[].heading,"Chenery, Hollis Burnley",1,1,286
subjects[].heading,"Cheng, Tsao Ju, 1824-",1,1,59
subjects[].heading,"Cheng, Tsao Ju, b. 1824",1,1,59
subjects[].heading,"Chesapeake and Ohio Canal (Md. and Washington, D.C.)",1,1,59
subjects[].heading,Chiang Mai (Thailand),1,1,84
subjects[].heading,"Chiclayo (Lambayeque, Peru)",1,1,84
subjects[].heading,"Chien, Chi-chen",1,1,306
subjects[].heading,Child care,1,1,286
subjects[].heading,Child labor,1,1,59
subjects[].heading,Child nutrition,1,1,286
subjects[].heading,Child welfare,1,1,466
subjects[].heading,Children's Hospital of Buffalo,1,1,286
subjects[].heading,Children's Vaccine Initiative,1,1,286
subjects[].heading,"Chiles, Lawton Mainor, Jr., 1930-1998",1,1,286
subjects[].heading,Chisinau (Moldova),1,1,59
subjects[].heading,"Chita (Chitinskaia oblast, Russia)",1,1,84
subjects[].heading,Chittagong (Bangladesh),1,1,84
subjects[].heading,Cholera,1,1,286
subjects[].heading,"Chou, En-lai, 1898-1976",1,1,306
subjects[].heading,Christchurch (N.Z.),1,1,84
subjects[].heading,"Christian VII, King of Denmark and Norway, 1749-1808",1,1,59
subjects[].heading,"Christian VIII, King of Denmark and Norway, 1786-1848",1,1,59
subjects[].heading,Christiansted (V.I.),1,1,84
subjects[].heading,"Christie, Gordon",1,1,76
subjects[].heading,Christmas cards,1,1,306
subjects[].heading,"Christopher, Warren, 1925-2011",1,1,59
subjects[].heading,Chulalongkonmahawitthayalai,1,1,286
subjects[].heading,Chuquicamata (Chile),1,1,84
subjects[].heading,"Church, Frank Forrester, III, 1924-1984",1,1,286
subjects[].heading,Cipher and telegraph codes,1,1,59
subjects[].heading,Citizen suits (Civil procedure),1,1,306
subjects[].heading,Citizens Democracy Corps,1,1,286
subjects[].heading,City of London (England),1,1,84
subjects[].heading,Ciudad Bolivar (Venezuela),1,1,84
subjects[].heading,Ciudad Obregón (Mexico),1,1,84
subjects[].heading,Ciudad del Carmen (Mexico),1,1,84
subjects[].heading,Civic improvement,1,1,286
subjects[].heading,"Clague, Ewan, 1896-1987",1,1,286
subjects[].heading,"Clawson, Robert Marion, 1905-1998",1,1,286
subjects[].heading,"Clay, Henry, 1777-1852",1,1,76
subjects[].heading,Clemson University,1,1,286
subjects[].heading,Climate,1,1,84
subjects[].heading,Clinton (Ont.),1,1,84
subjects[].heading,"Clooney, Rosemary",1,1,306
subjects[].heading,Cluj-Napoca (Romania),1,1,306
subjects[].heading,Clyde Steamship Company,1,1,76
subjects[].heading,Co Mon,1,1,306
subjects[].heading,"Coahuila (Baja California Norte, Mexico)",1,1,84
subjects[].heading,Coast defenses,1,1,59
subjects[].heading,Coaticook (Québec),1,1,84
subjects[].heading,Cobalt,1,1,59
subjects[].heading,Cobourg (Ont.),1,1,84
subjects[].heading,Coburg (Germany),1,1,84
subjects[].heading,Cocoa,1,1,59
subjects[].heading,Codes (regulations),1,1,59
subjects[].heading,Cognac (France),1,1,84
subjects[].heading,Coke,1,1,469
subjects[].heading,"Collins, J. Lawton (Joseph Lawton), 1896-1987",1,1,59
subjects[].heading,"Colm, Gerhard, 1897-1968",1,1,286
subjects[].heading,"Colombo, Emilio, 1920-",1,1,59
subjects[].heading,"Colonia Santa Rosa (León, Guanajuato, Mexico)",1,1,59
subjects[].heading,Colonization,1,1,84
subjects[].heading,Color lithographs,1,1,43
subjects[].heading,Colorado River (Colo.-Mexico),1,1,59
subjects[].heading,"Columbia Broadcasting System, inc.",1,1,306
subjects[].heading,Columbia River,1,1,59
subjects[].heading,Columbus (N.M.),1,1,76
subjects[].heading,Comic books,1,1,306
subjects[].heading,Comics,1,1,306
subjects[].heading,Command of troops,1,1,59
subjects[].heading,Commentaries,1,1,59
subjects[].heading,Commercial policy,1,1,286
subjects[].heading,Commission Established by an Exchange of Notes between the United States and Great Britain. (1872 - 05/29/1876),1,1,76
subjects[].heading,Commission du Danube,1,1,43
subjects[].heading,Commission of the European Communities,1,1,306
subjects[].heading,"Commission, United States and Mexico, Created under the Claims Convention of July 4, 1868. (1868 - 1876)",1,1,76
subjects[].heading,"Commissions Established under Articles VI and VII of the Treaty of December 24, 1814, between the United States and Grea…",1,1,76
subjects[].heading,Committee for Coordination of Investigations of the Lower Mekong Basin,1,1,286
subjects[].heading,Committee for Economic Development,1,1,59
subjects[].heading,Commonwealth of Independent States,1,1,286
subjects[].heading,Communications Satellite Corporation,1,1,59
subjects[].heading,Communist Party of America,1,1,306
subjects[].heading,Communist Party of India,1,1,306
subjects[].heading,Communist parties,1,1,306
subjects[].heading,Community centers,1,1,490
subjects[].heading,Community organizations,1,1,59
subjects[].heading,"Compton, Wilson Martindale, 1890-1967",1,1,306
subjects[].heading,Concepción (Chile),1,1,84
subjects[].heading,Confederate sympathizers,1,1,59
subjects[].heading,Conference for the Limitation of Naval Armament. (06/20/1927 - 08/04/1927),1,1,59
subjects[].heading,Conference for the Reduction and Limitation of Armaments. (02/08/1932 - 05/01/1937),1,1,59
subjects[].heading,Conference on International Economic Cooperation (1975 : Paris). (12/16/1975 - 12/16/1975),1,1,84
subjects[].heading,Conference on Laos. (1961 : Geneva). (05/10/1961 - 05/21/1961),1,1,59
subjects[].heading,Conference on Security and Cooperation in Europe. (07/1973 - 01/01/1995),1,1,59
subjects[].heading,Conference on the United Nations of the Next Decade,1,1,306
subjects[].heading,Conference on the Uses of Radioisotopes in Animal Biology and the Medical Sciences (1961 : Mexico),1,1,43
subjects[].heading,Confession,1,1,306
subjects[].heading,Confirmation,1,1,59
subjects[].heading,"Connally, John Bowden, 1917-1993",1,1,306
subjects[].heading,"Connally, Nellie, 1919-",1,1,306
subjects[].heading,Consejo Nacional de Producción (Costa Rica),1,1,286
subjects[].heading,Consejo Superior Universitario Centroamericano.,1,1,59
subjects[].heading,Conservation and natural resources,1,1,43
subjects[].heading,Consortium for International Crop Protection.,1,1,286
subjects[].heading,"Constanta, a (Romania)",1,1,84
subjects[].heading,Constitutional amendments,1,1,59
subjects[].heading,Construction drawings,1,1,306
subjects[].heading,Consulting Assistance on Economic Reform (Project),1,1,286
subjects[].heading,Consumer price indexes,1,1,286
subjects[].heading,Consumption (Economics),1,1,59
subjects[].heading,"Conte, Silvio O. (Silvio Ottavio), 1921-1991",1,1,286
subjects[].heading,Continental shelf,1,1,59
subjects[].heading,Contraceptive Prevalence Survey Project.,1,1,286
subjects[].heading,Contract documents,1,1,306
subjects[].heading,Conversation,1,1,84
subjects[].heading,Cookshire (Québec),1,1,84
subjects[].heading,"Coolidge, Calvin, 1872-1933",1,1,76
subjects[].heading,Cooperative Resources International,1,1,286
subjects[].heading,Cooperative societies,1,1,286
subjects[].heading,Copper,1,1,59
subjects[].heading,Coquimbo (Chile),1,1,84
subjects[].heading,Coral reefs and islands,1,1,306
subjects[].heading,"Corea, Chick",1,1,306
subjects[].heading,Corinto (Nicaragua),1,1,84
subjects[].heading,Corn,1,1,286
subjects[].heading,Corn and Sorghum Research Conference.,1,1,286
subjects[].heading,Cornell University. Division of Nutritional Sciences.,1,1,286
subjects[].heading,Cornwall (Ont.),1,1,84
subjects[].heading,Coro (Venezuela),1,1,84
subjects[].heading,Coronel (Chile),1,1,84
subjects[].heading,Corsica (France),1,1,169
subjects[].heading,Cortona (Italy),1,1,239
subjects[].heading,"Corvalán, Luis Alberto",1,1,59
subjects[].heading,"Cosmos Club (Washington, D.C.)",1,1,286
subjects[].heading,"Coteau-Station (Les Coteaux, Québec)",1,1,84
subjects[].heading,Council for Mutual Economic Assistance,1,1,84
subjects[].heading,Council of Foreign Ministers. Deputies for the Former Italian Colonies. (10/03/1947 - 09/01/1948),1,1,43
subjects[].heading,Council of Foreign Ministers. Deputy Foreign Ministers Meeting (1951 : Paris). (01/1951 - 06/1951),1,1,43
subjects[].heading,Council of Foreign Ministers. Meeting (1955 : Geneva). (10/26/1955 - 11/16/1955),1,1,59
subjects[].heading,Council of Foreign Ministers. Meeting (1959 : Geneva). (05/11/1959 - 06/20/1959),1,1,59
subjects[].heading,Council of Foreign Ministers. Meeting (1959 : Geneva). (07/13/1959 - 08/05/1959),1,1,59
subjects[].heading,Council of Foreign Ministers. Meeting (4th : 1947 : Moscow). (03/10/1947 - 04/25/1947),1,1,43
subjects[].heading,Council on Foreign Relations.,1,1,59
subjects[].heading,Council on International Nontheatrical Events,1,1,306
subjects[].heading,Counterinsurgency,1,1,306
subjects[].heading,Credit Union National Association,1,1,286
subjects[].heading,Cremona (Italy),1,1,239
subjects[].heading,Crew lists,1,1,84
subjects[].heading,Criminal law,1,1,466
subjects[].heading,Criminal procedure,1,1,466
subjects[].heading,Criminals,1,1,59
subjects[].heading,Crop science,1,1,286
subjects[].heading,"Cuban Revolution, 1959",1,1,306
subjects[].heading,Cultural policy,1,1,306
subjects[].heading,"Cultural property, Protection of",1,1,59
subjects[].heading,Cumberland (B.C.),1,1,84
subjects[].heading,Cuna International,1,1,286
subjects[].heading,Curitiba (Brazil),1,1,84
subjects[].heading,"Curry, John Steuart, 1897-1946",1,1,208
subjects[].heading,Customs administration,1,1,59
subjects[].heading,Cuxhaven (Germany),1,1,84
subjects[].heading,"Cyprus Crisis, 1963",1,1,306
subjects[].heading,"Czermanski, Zdzislaw, 1896-1970",1,1,208
subjects[].heading,Cádiz (Spain),1,1,84
subjects[].heading,Cárdenas (Cuba),1,1,84
subjects[].heading,Córdoba (Argentina),1,1,84
subjects[].heading,Córdoba (Spain),1,1,84
subjects[].heading,DAC Working Party on Financial Aspects of Development Assistance,1,1,286
subjects[].heading,"DHR, Incorporated.",1,1,286
subjects[].heading,Daguerreotypes,1,1,59
subjects[].heading,Dallas (Tex.),1,1,306
subjects[].heading,Damage reports,1,1,59
subjects[].heading,"Daniel, Lewis C., 1901-1952",1,1,208
subjects[].heading,Danishgah-i Tihran.,1,1,286
subjects[].heading,"Darby, William J. (William Jefferson), 1913-",1,1,286
subjects[].heading,Dartmouth Conference,1,1,59
subjects[].heading,Data processing,1,1,306
subjects[].heading,Databases,1,1,59
subjects[].heading,David (Panama),1,1,306
subjects[].heading,"Davis, Angela Yvonne, 1944-",1,1,84
subjects[].heading,"Davis, Benjamin O. (Benjamin Oliver), Jr., 1912-2002",1,1,208
subjects[].heading,"Davis, Elmer Holmes, 1890-1958",1,1,306
subjects[].heading,"Davis, Floyd MacMillan, 1896-1966",1,1,208
subjects[].heading,"Davis, Ruth A., 1942-",1,1,59
subjects[].heading,Dawson (Yukon),1,1,84
subjects[].heading,"De Pree, Willard A. (Willard Ames), 1928-",1,1,59
subjects[].heading,"De Valera, Eamonn, 1882-1975",1,1,59
subjects[].heading,"De Vos, Peter J. (Peter Jon), 1938-",1,1,84
subjects[].heading,"DeMille, Cecil B. (Cecil Blount), 1881-1959",1,1,306
subjects[].heading,Death certificates,1,1,84
subjects[].heading,Debits and debiting,1,1,466
subjects[].heading,Debts,1,1,59
subjects[].heading,Decentralization: Finance and Management Project,1,1,286
subjects[].heading,Declarations,1,1,59
subjects[].heading,Dedication services,1,1,59
subjects[].heading,"Dees, Bowen C. (Bowen Causey), 1917-",1,1,286
subjects[].heading,Defensive (Military science),1,1,84
subjects[].heading,Deforestation,1,1,286
subjects[].heading,Demilitarized zones,1,1,59
subjects[].heading,Demographic Information Services Center.,1,1,286
subjects[].heading,Denia (Spain),1,1,84
subjects[].heading,"Denktas, Rauf R.",1,1,59
subjects[].heading,Denver Research Institute.,1,1,286
subjects[].heading,Department of Agriculture. Agricultural Research Service. (11/02/1953 - 01/24/1978),1,1,286
subjects[].heading,Department of Agriculture. Commodity Credit Corporation. (06/30/1945 - ),1,1,59
subjects[].heading,Department of Agriculture. Farm Security Administration. (06/29/1945 - 11/01/1946),1,1,208
subjects[].heading,Department of Agriculture. Forest Service. (07/01/1905 - ),1,1,306
subjects[].heading,Department of Commerce. Bureau of Public Roads. (08/20/1949 - 04/01/1967),1,1,469
subjects[].heading,Department of Commerce. Bureau of the Census. (08/04/1975 - ),1,1,286
subjects[].heading,Department of Commerce. National Bureau of Standards. (1934 - 08/23/1988),1,1,286
subjects[].heading,Department of Commerce. Reconstruction Finance Corporation. Defense Supplies Corporation. (02/24/1942 - 07/01/1945),1,1,84
subjects[].heading,Department of Commerce. Weather Bureau. (06/30/1940 - 07/13/1965),1,1,469
subjects[].heading,Department of Defense. Defense Mapping Agency. (01/01/1972 - 10/01/1996),1,1,286
subjects[].heading,Department of Defense. Department of the Air Force. Air Research and Development Command. (09/16/1950 - 04/01/1961),1,1,466
subjects[].heading,Department of Defense. Department of the Army. Military District of Washington. U.S. Army Band. (09/18/1947 - 07/01/1971…,1,1,306
subjects[].heading,Department of Defense. Department of the Army. Seventh Army. Special Services Section. (11/1950 - ca. 12/1967),1,1,306
subjects[].heading,Department of Defense. Department of the Navy. (09/18/1947 - ),1,1,306
subjects[].heading,Department of Defense. Department of the Navy. Bigelow (Destroyer). (11/08/1957 - 11/05/1982),1,1,306
subjects[].heading,Department of Defense. European Command. (03/15/1947 - 08/01/1952),1,1,59
subjects[].heading,Department of Defense. Joint Chiefs of Staff. National Military Command Center. (10/01/1962 - ),1,1,59
subjects[].heading,Department of Defense. Uniformed Services University of the Health Sciences. (09/21/1972 - ),1,1,286
subjects[].heading,Department of Energy. (10/01/1977 - ),1,1,286
subjects[].heading,Department of Energy. Brookhaven National Laboratory. (10/01/1977 - ),1,1,286
subjects[].heading,Department of Health and Human Services. Public Health Service. National Institutes of Health. National Institute on Dru…,1,1,286
subjects[].heading,Department of Health and Human Services. Public Health Service. National Institutes of Health. National Institute on Dru…,1,1,286
subjects[].heading,"Department of Health, Education, and Welfare. (04/11/1953 - 05/04/1980)",1,1,286
subjects[].heading,"Department of Health, Education, and Welfare. Office of Education. (04/11/1953 - 07/01/1972)",1,1,306
subjects[].heading,"Department of Health, Education, and Welfare. Public Health Service. National Institutes of Health. (04/11/1953 - 05/04/…",1,1,286
subjects[].heading,Department of Justice. Bureau of Investigation. (03/16/1909 - 03/02/1934),1,1,76
subjects[].heading,Department of Justice. Federal Bureau of Investigation. (07/01/1935 - ),1,1,59
subjects[].heading,Department of State. Advisory Committee on the Arts. (1956 - 07/18/1973),1,1,59
subjects[].heading,Department of State. Agency for International Development. Mission to the Gambia. (1961 - ?),1,1,59
subjects[].heading,Department of State. Agency for International Development. USAID Mission to Kenya. (11/04/1961 - 10/01/1979),1,1,286
subjects[].heading,Department of State. Bureau for International Narcotics Matters. (02/06/1979 - 02/10/1995),1,1,286
subjects[].heading,Department of State. Bureau of Intelligence and Research. (1957 - ),1,1,59
subjects[].heading,Department of State. Bureau of Inter-American Affairs. Office of Caribbean and Mexican Affairs. (1959 - ca. 1964),1,1,59
subjects[].heading,Department of State. Bureau of Public Affairs. International Information and Educational Exchange Program. (1949 - 1952),1,1,84
subjects[].heading,Department of State. Bureau of Public Affairs. Office of International Information. Division of International Broadcasti…,1,1,306
subjects[].heading,Department of State. Bureau of Trade Relations. (07/01/1903 - 09/12/1912),1,1,59
subjects[].heading,Department of State. Committee on Attestation. (1942 - ),1,1,306
subjects[].heading,Department of State. Economic Warfare Planning Committee. (12/01/1948 - ca. 1951),1,1,59
subjects[].heading,Department of State. Institute of Inter-American Affairs. (04/10/1946 - 1953),1,1,59
subjects[].heading,Department of State. Interagency Indochina Task Force. (04/18/1975 - 07/21/1975),1,1,59
subjects[].heading,Department of State. International Cooperation Administration. Mission to Chile. (06/30/1955 - 11/03/1961),1,1,286
subjects[].heading,Department of State. International Cooperation Administration. Mission to Greece. (06/30/1955 - 11/03/1961),1,1,286
subjects[].heading,Department of State. International Cooperation Administration. Mission to Jordan. (06/30/1955 - 11/03/1961),1,1,469
subjects[].heading,Department of State. International Cooperation Administration. Mission to Panama. (06/30/1955 - 11/03/1961),1,1,286
subjects[].heading,Department of State. International Cooperation Administration. Mission to Paraguay. (06/30/1955 - 11/03/1961),1,1,286
subjects[].heading,Department of State. International Cooperation Administration. Mission to Thailand. (06/30/1955 - 11/03/1961),1,1,286
subjects[].heading,Department of State. International Cooperation Administration. U.S. Operations Mission to Bolivia. (06/30/1955 - 11/03/1…,1,1,286
subjects[].heading,Department of State. International Cooperation Administration. U.S. Operations Mission to Brazil. (06/30/1955 - 11/03/19…,1,1,286
subjects[].heading,Department of State. International Cooperation Administration. U.S. Operations Mission to Israel. (06/30/1955 - 11/03/19…,1,1,286
subjects[].heading,Department of State. International Cooperation Administration. U.S. Operations Mission to Laos. (06/30/1955 - 11/03/1961…,1,1,286
subjects[].heading,Department of State. International Cooperation Administration. U.S. Operations Mission to Lebanon. Natural Resources Div…,1,1,469
subjects[].heading,Department of State. International Cooperation Administration. U.S. Operations Mission to Vietnam. (06/30/1955 - 11/03/1…,1,1,286
subjects[].heading,Department of State. International Information Administration. International Press Service. (1952 - 1953),1,1,306
subjects[].heading,Department of State. International Information Administration. Office of the Administrator. (1952 - 08/01/1953),1,1,306
subjects[].heading,Department of State. Office of the Assistant Secretary for Public Affairs. Office of International Information. Division…,1,1,306
subjects[].heading,Department of State. Office of the Secretary. Executive Secretariat. Operations Center. (1964 - ),1,1,59
subjects[].heading,Department of State. Office of the Special Assistant for Intelligence. (1949 - 10/10/1957),1,1,59
subjects[].heading,Department of State. Office of the U.S. High Commissioner for Austria. (09/20/1950 - 07/27/1955),1,1,59
subjects[].heading,Department of State. Office of the U.S. High Commissioner for Germany. (09/21/1949 - 05/05/1955),1,1,59
subjects[].heading,"Department of State. Office of the U.S. High Commissioner for Germany. U.S. Element, Military Security Board. (09/21/194…",1,1,466
subjects[].heading,Department of State. Office of the Under Secretary of State. Office of the Special Coordinator on Relief to Civilian Vic…,1,1,84
subjects[].heading,Department of State. Policy Committee on Arms and Armaments. (05/1946 - 1949),1,1,59
subjects[].heading,"Department of State. Prencinradio, Inc. (08/1945 - ca. 1946)",1,1,469
subjects[].heading,"Department of State. U.S. Consulate General, Leningrad, Soviet Union. (1972 - 1991)",1,1,59
subjects[].heading,"Department of State. U.S. Consulate, Geneva, Switzerland. (ca. 03/04/1855 - 1975)",1,1,43
subjects[].heading,"Department of State. U.S. Consulate, Moscow, Russia. ca. 1/1/1857-1919",1,1,59
subjects[].heading,"Department of State. U.S. Consulate, Riga, Latvia. 11/1918-1940",1,1,59
subjects[].heading,"Department of State. U.S. Consulate, Tampico, Mexico. (ca. 05/29/1824 - 1967)",1,1,76
subjects[].heading,"Department of State. U.S. Embassy, Algeria. (09/29/1962 - 06/10/1967)",1,1,59
subjects[].heading,"Department of State. U.S. Embassy, Austria. (11/28/1951 - )",1,1,84
subjects[].heading,"Department of State. U.S. Embassy, China. (09/17/1935 - 02/28/1979)",1,1,59
subjects[].heading,"Department of State. U.S. Embassy, Cyprus. (08/16/1960 - )",1,1,59
subjects[].heading,"Department of State. U.S. Embassy, France. (05/06/1893 - 11/08/1942)",1,1,59
subjects[].heading,"Department of State. U.S. Embassy, Israel. (03/28/1949 - )",1,1,59
subjects[].heading,"Department of State. U.S. Embassy, Libya. (09/25/1954 - 05/02/1980)",1,1,59
subjects[].heading,"Department of State. U.S. Embassy, Sudan. (02/15/1956 - 06/06/1967)",1,1,59
subjects[].heading,"Department of State. U.S. Embassy, Sudan. (07/25/1972 - 02/07/1996)",1,1,59
subjects[].heading,"Department of State. U.S. Interests Section, Sudan. (08/14/1967 - 07/25/1972)",1,1,59
subjects[].heading,Department of State. U.S. Mission to the European Communities. (1961 - 05/09/1994),1,1,306
subjects[].heading,Department of State. U.S. Mission to the North Atlantic Treaty Organization and European Regional Organizations. (1953 -…,1,1,306
subjects[].heading,Department of Transportation. Federal Aviation Administration. (04/01/1967 - ),1,1,84
subjects[].heading,Department of Transportation. U.S. Coast Guard. (04/01/1967 - 03/01/2003),1,1,59
subjects[].heading,Department of the Interior. Bureau of Mines. (04/23/1934 - 05/18/1992),1,1,286
subjects[].heading,Department of the Interior. Bureau of Reclamation. (06/20/1923 - 11/06/1979),1,1,286
subjects[].heading,Department of the Interior. Fish and Wildlife Service. Office of the Director. (07/01/1940 - 11/06/1956),1,1,59
subjects[].heading,Department of the Interior. National Park Service. (08/25/1916 - 08/10/1933),1,1,306
subjects[].heading,Department of the Treasury. Bureau of Customs. (03/03/1927 - 08/01/1973),1,1,59
subjects[].heading,Derby (England),1,1,84
subjects[].heading,Derry (Northern Ireland),1,1,84
subjects[].heading,Dese (Ethiopia),1,1,306
subjects[].heading,Deseronto (Ont.),1,1,84
subjects[].heading,Design Center (Firm),1,1,286
subjects[].heading,Detention of persons,1,1,59
subjects[].heading,Detroit River (Mich. and Ont.),1,1,59
subjects[].heading,"Deuschle, Kurt W.",1,1,286
subjects[].heading,Deutsches Rotes Kreuz (Germany : West),1,1,466
subjects[].heading,Development Sciences Inc.,1,1,286
subjects[].heading,Development and Resources Corporation,1,1,286
subjects[].heading,Development banks,1,1,59
subjects[].heading,"Devlin, Harry, 1918-",1,1,208
subjects[].heading,Diamonds,1,1,84
subjects[].heading,Digby (N.S.),1,1,84
subjects[].heading,Dijon (France),1,1,84
subjects[].heading,Dire Dawa (Ethiopia),1,1,306
subjects[].heading,Discrimination in employment,1,1,286
subjects[].heading,"Disney, Walt, 1901-1966",1,1,306
subjects[].heading,Dissertations,1,1,59
subjects[].heading,Divorce,1,1,466
subjects[].heading,"Dixon, Jeremiah",1,1,59
subjects[].heading,Djibouti (Djibouti),1,1,84
subjects[].heading,"Dobriansky, Paula",1,1,59
subjects[].heading,"Dobrynin, Anatoly Fedorovich, 1919-2010",1,1,59
subjects[].heading,Docks,1,1,466
subjects[].heading,Documentary films,1,1,306
subjects[].heading,"Doe, Samuel K. (Samuel Kanyon)",1,1,306
subjects[].heading,"Dole, Sanford B. (Sanford Ballard), 1844-1926",1,1,59
subjects[].heading,Dollar diplomacy,1,1,59
subjects[].heading,Domestic relations,1,1,286
subjects[].heading,"Donitz, Karl, 1891-1980",1,1,84
subjects[].heading,"Donovan, Hamester & Rattien.",1,1,286
subjects[].heading,"Douglas, Aaron, 1899-1979",1,1,208
subjects[].heading,"Douglass Crockwell, Spencer, 1904-1968",1,1,208
subjects[].heading,Dover (England),1,1,84
subjects[].heading,"Dowling, Robert",1,1,306
subjects[].heading,Drama,1,1,306
subjects[].heading,Drawing,1,1,306
subjects[].heading,Dredging,1,1,59
subjects[].heading,Drought relief,1,1,286
subjects[].heading,Drug abuse prevention,1,1,286
subjects[].heading,"Dubcek, Alexander, 1921-",1,1,84
subjects[].heading,"Dubos, René J. (René Jules), 1901-",1,1,286
subjects[].heading,"Duffy, Edmund, 1899-1962",1,1,208
subjects[].heading,Duke University,1,1,286
subjects[].heading,"Dulles, Allen Welsh, 1893-1969",1,1,59
subjects[].heading,Dumbarton Oaks Conference (1944). (08/21/1944 - 08/29/1944),1,1,59
subjects[].heading,Dundee (Scotland),1,1,84
subjects[].heading,Dunedin (N.Z.),1,1,84
subjects[].heading,Dunfermline (Scotland),1,1,84
subjects[].heading,Dunkerque (France),1,1,84
subjects[].heading,Dunmore Town (Bahamas),1,1,84
subjects[].heading,"Dunn, Alan, 1900-1974",1,1,208
subjects[].heading,"Dunn, James C. (James Clement), 1890-1979",1,1,84
subjects[].heading,"Dyckman, John W.",1,1,286
subjects[].heading,Dynatech Corporation,1,1,286
subjects[].heading,Dynatech R/D Company.,1,1,286
subjects[].heading,"Dynatech Scientific, Inc.",1,1,286
subjects[].heading,Earth Day,1,1,59
subjects[].heading,Earth Resources Survey Program (U.S.),1,1,286
subjects[].heading,Earthquake prediction,1,1,84
subjects[].heading,East London (South Africa),1,1,84
subjects[].heading,East-West Population Institute.,1,1,286
subjects[].heading,"East-West Trade Relations Act, 1966",1,1,59
subjects[].heading,Easter Island,1,1,84
subjects[].heading,Eastern Michigan University,1,1,286
subjects[].heading,"Easum, Donald B. (Donald Boyd), 1923-",1,1,59
subjects[].heading,"Eban, Abba Solomon, 1915-",1,1,59
subjects[].heading,Ebola virus disease,1,1,490
subjects[].heading,"Echandi Jiménez, Mario.",1,1,59
subjects[].heading,"Eckstine, Billy",1,1,306
subjects[].heading,Economic Community of West African States. (05/28/1975 - ),1,1,286
subjects[].heading,Economic Development Foundation (Philippines),1,1,286
subjects[].heading,Economic stabilization,1,1,286
subjects[].heading,Economic zones (Law of the sea),1,1,59
subjects[].heading,Ecosystem management,1,1,286
subjects[].heading,Edirne (Turkey),1,1,84
subjects[].heading,"Education, Art",1,1,306
subjects[].heading,"Education, Bilingual",1,1,306
subjects[].heading,"Educational Services, Inc.",1,1,286
subjects[].heading,"Egger, Rowland, 1908-",1,1,59
subjects[].heading,Eibenstock (Germany),1,1,84
subjects[].heading,Eisenhower family,1,1,306
subjects[].heading,"Eisenhower, Barbara Jean Thompson, 1926-",1,1,306
subjects[].heading,"Eisenhower, David, 1948-",1,1,306
subjects[].heading,"Eisenhower, John S. D. (John Sheldon Doud), 1922-",1,1,306
subjects[].heading,"Eisenhower, Julie Nixon, 1948-",1,1,306
subjects[].heading,"Eisenhower, Mamie Doud, 1896-1979",1,1,306
subjects[].heading,"Eizenstat, Stuart, 1943-",1,1,84
subjects[].heading,Ejército Revolucionario del Pueblo (El Salvador),1,1,59
subjects[].heading,El Paso (Tex.),1,1,59
subjects[].heading,El Paso Natural Gas Company.,1,1,59
subjects[].heading,Elberfeld (Germany),1,1,84
subjects[].heading,"Elbrick, Charles Burke, 1908-1983",1,1,59
subjects[].heading,Electricity,1,1,306
subjects[].heading,Electrification,1,1,286
subjects[].heading,Elephant Butte Dike (N.M.),1,1,76
subjects[].heading,"Eliot, T. S. (Thomas Stearns), 1888-1965",1,1,286
subjects[].heading,"Ellender, Allen Joseph, 1890-1972",1,1,306
subjects[].heading,Ellis Island (N.J. and N.Y.),1,1,59
subjects[].heading,Elmina (Ghana),1,1,84
subjects[].heading,"Ely, Northcutt, 1903-",1,1,286
subjects[].heading,Elâzig (Turkey),1,1,84
subjects[].heading,"Emblems, National",1,1,59
subjects[].heading,"Emden (Lower Saxony, Germany)",1,1,84
subjects[].heading,Emergency Advisory Committee for Political Defense. (1942 - 1947),1,1,43
subjects[].heading,Employee investigations,1,1,84
subjects[].heading,Employee screening,1,1,306
subjects[].heading,Employee transfers,1,1,306
subjects[].heading,Employment in foreign countries,1,1,306
subjects[].heading,Emporia State University.,1,1,286
subjects[].heading,Empresa Brasileira de Pesquisa Agropecuária,1,1,286
subjects[].heading,English Language Services.,1,1,286
subjects[].heading,"Ensenada (Baja California, Mexico)",1,1,84
subjects[].heading,Enugu (Nigeria),1,1,306
subjects[].heading,Environmental Protection Agency. (12/02/1970 - ),1,1,84
subjects[].heading,Environmental Research Institute of Michigan,1,1,286
subjects[].heading,Epidemiology,1,1,286
subjects[].heading,Equatorial Guinea,1,1,59
subjects[].heading,Erfurt (Germany),1,1,84
subjects[].heading,"Ericksen, George Edward",1,1,286
subjects[].heading,Erie (Pa.),1,1,59
subjects[].heading,Erzurum (Turkey),1,1,84
subjects[].heading,Esbjerg (Denmark),1,1,84
subjects[].heading,"Escalante, Manuel, 1934-",1,1,59
subjects[].heading,Escapes,1,1,306
subjects[].heading,Escuela Agrícola Panamericana,1,1,286
subjects[].heading,"Eshkol, Levi, 1895-1969",1,1,59
subjects[].heading,Esmeraldas (Ecuador),1,1,84
subjects[].heading,Essays,1,1,306
subjects[].heading,Essen (Germany),1,1,84
subjects[].heading,Estate settlement costs,1,1,84
subjects[].heading,"Estrada Cabrera, Manuel, 1857-1924",1,1,59
subjects[].heading,Ethnic groups,1,1,208
subjects[].heading,"Ethridge, Mark F. (Mark Foster), 1896-1981",1,1,306
subjects[].heading,Etiquette,1,1,59
subjects[].heading,European Attache Conference (5th : 1950 : Frankfurt). (05/25/1950 - 05/29/1950),1,1,353
subjects[].heading,European Broadcasting Union,1,1,306
subjects[].heading,European Coal Organisation.,1,1,469
subjects[].heading,European Coal and Steel Community. High Authority.,1,1,59
subjects[].heading,European Common Market Conference (1963 : George Washington University),1,1,59
subjects[].heading,European Economic Community. Council of Ministers,1,1,59
subjects[].heading,European Meeting of Statisticians.,1,1,84
subjects[].heading,European Monetary Agreement (Organization),1,1,59
subjects[].heading,European Organization for Experimental Photogrammetric Research.,1,1,43
subjects[].heading,European Productivity Agency. (1953 - 1961),1,1,469
subjects[].heading,European Recovery Program Manpower Conference (1948 : Rome). U.S. Delegation. (01/29/1948 - 02/09/1948),1,1,43
subjects[].heading,European Union,1,1,84
subjects[].heading,"Everest, Mount (China and Nepal)",1,1,84
subjects[].heading,Evidence,1,1,76
subjects[].heading,"Ewing, Claude H.",1,1,286
subjects[].heading,Executive advisory bodies,1,1,306
subjects[].heading,Exhibit scripts,1,1,43
subjects[].heading,Exhibition records,1,1,306
subjects[].heading,Exiles,1,1,59
subjects[].heading,"Expenditures, Public",1,1,286
subjects[].heading,Explosives,1,1,466
subjects[].heading,Export-Import Bank of Washington. (07/31/1945 - 03/13/1968),1,1,286
subjects[].heading,Export-Import Bank of the United States. (03/13/1968 - ),1,1,59
subjects[].heading,"Exposition universelle et internationale (1958 : Brussels, Belgium)",1,1,59
subjects[].heading,Exterior views,1,1,43
subjects[].heading,Extortion,1,1,306
subjects[].heading,Extraordinary Administrative Radio Conference,1,1,84
subjects[].heading,Fabriano (Italy),1,1,239
subjects[].heading,Factory inspection,1,1,466
subjects[].heading,Faenza (Italy),1,1,239
subjects[].heading,"Fairfax, Wilson Miles Cary.",1,1,59
subjects[].heading,"Faisal, King of Saudi Arabia, 1906-1975",1,1,59
subjects[].heading,"Falkland Islands War, 1982",1,1,59
subjects[].heading,Falmouth (Jamaica),1,1,84
subjects[].heading,Family Planning Association of Sri Lanka.,1,1,286
subjects[].heading,"Fanfani, Amintore.",1,1,59
subjects[].heading,Farm equipment,1,1,286
subjects[].heading,Farm management,1,1,286
subjects[].heading,Farming Systems Support Project.,1,1,286
subjects[].heading,Farnham (Québec),1,1,84
subjects[].heading,Faro (Portugal),1,1,84
subjects[].heading,"Faure, Edgar",1,1,466
subjects[].heading,Federal Council for Science and Technology. (03/13/1959 - 05/11/1976),1,1,59
subjects[].heading,Federal Council on the Arts and the Humanities.,1,1,59
subjects[].heading,Federal Emergency Management Agency. (04/01/1979 - 03/01/2003),1,1,84
subjects[].heading,Federal Loan Agency. Reconstruction Finance Corporation. Defense Supplies Corporation. (08/22/1940 - 02/24/1942),1,1,84
subjects[].heading,Federal Maritime Commission. (08/12/1961 - ),1,1,59
subjects[].heading,Federal Power Commission. (06/10/1920 - 10/01/1977),1,1,59
subjects[].heading,Federal aid to research,1,1,286
subjects[].heading,Federation of Southern Cooperatives,1,1,286
subjects[].heading,"Ferdinand VII, King of Spain, 1784-1833",1,1,59
subjects[].heading,Ferentino (Italy),1,1,239
subjects[].heading,"Ferguson Bryan and Associates, Inc.",1,1,286
subjects[].heading,Ferrol (Spain),1,1,84
subjects[].heading,Fertilizer industry,1,1,469
subjects[].heading,Fes (Morocco),1,1,306
subjects[].heading,Fidenza (Italy),1,1,239
subjects[].heading,Field notes,1,1,76
subjects[].heading,"Figueres Ferrer, Jose, 1906-1990",1,1,59
subjects[].heading,"Fillmore, Millard, 1800-1874",1,1,59
subjects[].heading,Filmstrips,1,1,59
subjects[].heading,Final drafts,1,1,59
subjects[].heading,"Financial institutions, International",1,1,59
subjects[].heading,Financial records,1,1,286
subjects[].heading,"First National City Bank (New York, N.Y.)",1,1,286
subjects[].heading,Fiscal policy,1,1,286
subjects[].heading,"Fischer, Anton Otto, 1882-1962",1,1,208
subjects[].heading,"Fisher, Joseph L.",1,1,286
subjects[].heading,Fishing boats,1,1,59
subjects[].heading,"Fitch, Lyle C. (Lyle Craig)",1,1,286
subjects[].heading,Fiume Veneto (Italy),1,1,84
subjects[].heading,Flags,1,1,59
subjects[].heading,Flensburg (Germany),1,1,84
subjects[].heading,"Flessel, Creig Valentine, 1912-2008",1,1,208
subjects[].heading,Flight,1,1,306
subjects[].heading,Flood control,1,1,59
subjects[].heading,Flood damage,1,1,59
subjects[].heading,Floor plans,1,1,306
subjects[].heading,Flores Island (Azores),1,1,84
subjects[].heading,"Florianópolis (Santa Catarina, Brazil)",1,1,84
subjects[].heading,Florida International University.,1,1,286
subjects[].heading,"Flucke, Harold G., 1895-1970",1,1,208
subjects[].heading,"Flynn, Errol, 1909-1959",1,1,59
subjects[].heading,Foligno (Italy),1,1,239
subjects[].heading,"Fonda, Henry, 1905-1982",1,1,306
subjects[].heading,"Food and Agriculture Organization. International Conference on Weed Control (1st : 1970 : University of California, Davi…",1,1,59
subjects[].heading,Food crops,1,1,286
subjects[].heading,Food industry,1,1,306
subjects[].heading,Football,1,1,306
subjects[].heading,Forced labor,1,1,306
subjects[].heading,Ford Motor Company.,1,1,306
subjects[].heading,Foreign Assistance Act of 1967,1,1,59
subjects[].heading,Foreign Military Assistance Coordinating Committee. (06/15/1949 - 12/19/1950),1,1,59
subjects[].heading,Foreign Operations Administration. (08/01/1953 - 06/30/1955),1,1,59
subjects[].heading,Foreign correspondents,1,1,59
subjects[].heading,Foreign trade promotion,1,1,59
subjects[].heading,Foreign trade regulation,1,1,59
subjects[].heading,Forest conservation,1,1,59
subjects[].heading,Forest fires,1,1,59
subjects[].heading,Forest reserves,1,1,466
subjects[].heading,Foresters,1,1,466
subjects[].heading,Forlì (Italy : Province),1,1,239
subjects[].heading,Fort Erie (Ont.),1,1,84
subjects[].heading,Fort Yuma Reservation (Ariz. and Calif.),1,1,76
subjects[].heading,Forums (Discussion and debate),1,1,59
subjects[].heading,Foundation for Research on Human Behavior.,1,1,286
subjects[].heading,Four Power Commission of Investigation (Former Italian Colonies). (02/10/1947 - 07/31/1948),1,1,43
subjects[].heading,Fox Film Corporation (1915 - 1935),1,1,306
subjects[].heading,"Franklin, John Hope, 1915-2009",1,1,59
subjects[].heading,Frascati (Italy),1,1,239
subjects[].heading,"Fratar, Thomas J.",1,1,286
subjects[].heading,"Frederika, Queen, consort of Paul I, King of the Hellenes, 1917-1981",1,1,59
subjects[].heading,"Frederiksen, Harald D., 1930-",1,1,286
subjects[].heading,Free Europe Committee,1,1,306
subjects[].heading,Free enterprise,1,1,286
subjects[].heading,Free ports and zones,1,1,59
subjects[].heading,Free trade,1,1,286
subjects[].heading,Freedom of speech,1,1,59
subjects[].heading,"Frei Montalva, Eduardo, 1911-",1,1,84
subjects[].heading,Freiburg (Germany : Regierungsbezirk),1,1,84
subjects[].heading,Freie Deutsche Jugend,1,1,466
subjects[].heading,French Cameroons,1,1,286
subjects[].heading,French Equatorial Africa,1,1,286
subjects[].heading,"French and Indian War, 1755-1763",1,1,59
subjects[].heading,French spoliation claims,1,1,76
subjects[].heading,Frente Farabundo Martí para la Liberación Nacional,1,1,59
subjects[].heading,Frente Nacional de Libertação de Angola,1,1,84
subjects[].heading,Fried. Krupp AG,1,1,466
subjects[].heading,"Fuller, R. Buckminster (Richard Buckminster), 1895-",1,1,306
subjects[].heading,Fund raising,1,1,306
subjects[].heading,"Funk, Walther, 1890-1960",1,1,84
subjects[].heading,Furth im Wald (Germany),1,1,84
subjects[].heading,GENESYS Project,1,1,286
subjects[].heading,"Gade, John Allyne, 1875-",1,1,84
subjects[].heading,Gaeta (Italy),1,1,239
subjects[].heading,Galashiels (Scotland),1,1,84
subjects[].heading,"Galbraith, John Kenneth, 1908-2006",1,1,286
subjects[].heading,"Gallagher, John F.",1,1,286
subjects[].heading,"Gallucci, Robert L. (Robert Louis), 1946-",1,1,59
subjects[].heading,Galveston (Tex.),1,1,84
subjects[].heading,"Gamsaxurdia, Zviad",1,1,306
subjects[].heading,"Gandhi, Indira, 1917-1984",1,1,59
subjects[].heading,"Gandhi, Mahatma, 1869-1948",1,1,306
subjects[].heading,Gardens,1,1,59
subjects[].heading,"Gardner, Richard N.",1,1,84
subjects[].heading,"Garner, Erroll",1,1,306
subjects[].heading,"Garrett, John",1,1,84
subjects[].heading,"Garthoff, Raymond L. (Raymond Leonard), 1929-",1,1,59
subjects[].heading,"Garwood, Robert Russell",1,1,286
subjects[].heading,Gaspé (Québec),1,1,84
subjects[].heading,"Geffrard, Fabre Nicolas, 1806-1879",1,1,59
subjects[].heading,"Geis, Irving, 1908-1997",1,1,208
subjects[].heading,"Gelb, Bruce S. (Bruce Stuart), 1927-",1,1,306
subjects[].heading,Gems,1,1,84
subjects[].heading,General Agreement on Tariffs and Trade (Organization). Committee on Trade and Development,1,1,59
subjects[].heading,General Services Administration. (07/01/1949 - ),1,1,286
subjects[].heading,Geneva Conference (1955). (07/18/1955 - 07/18/1955),1,1,306
subjects[].heading,Geneva Conference on Indochina and Korea. (04/24/1954 - 05/03/1954),1,1,43
subjects[].heading,Genoa (Italy : Province),1,1,306
subjects[].heading,Genoa Conference (1922),1,1,59
subjects[].heading,Geodetic satellites,1,1,59
subjects[].heading,George A. Fuller Company,1,1,306
subjects[].heading,"George I, King of the Hellenes, 1845-1913",1,1,59
subjects[].heading,Georgetown (P.E.I.),1,1,84
subjects[].heading,Georgia (Republic),1,1,286
subjects[].heading,Gera (Germany),1,1,84
subjects[].heading,"Gerard, Sumner Kemble",1,1,84
subjects[].heading,Germany. Oberkommando der Wehrmacht. Amt Ausl/Abw.,1,1,59
subjects[].heading,"Gershwin, George, 1898-1937",1,1,306
subjects[].heading,Gesellschaft für Musikalische Aufführungs- und Mechanische Vervielfältigungsrechte.,1,1,306
subjects[].heading,Gila River (N.M. and Ariz.),1,1,59
subjects[].heading,"Gillespie, Dizzy, 1917-1993",1,1,306
subjects[].heading,"Gillson, Joseph L. (Joseph Lincoln), 1895-",1,1,286
subjects[].heading,"Giusti, George, 1908-1990",1,1,208
subjects[].heading,Glauchau (Germany),1,1,84
subjects[].heading,Glossaries,1,1,59
subjects[].heading,Gloucester (England),1,1,84
subjects[].heading,"Gloyna, Earnest F.",1,1,286
subjects[].heading,Goderich (Ont.),1,1,84
subjects[].heading,"Goetz, William, 1903-",1,1,306
subjects[].heading,Golan Heights,1,1,59
subjects[].heading,Gold standard,1,1,59
subjects[].heading,"Goldwater, Barry M. (Barry Morris), 1909-1998",1,1,306
subjects[].heading,Gonaïves (Haiti),1,1,84
subjects[].heading,Gonder Kifle Hager (Ethiopia),1,1,306
subjects[].heading,"Gonzalez Videla, Gabriel, 1898-",1,1,59
subjects[].heading,"Gonzalez, Xavier, 1898-1993",1,1,208
subjects[].heading,Good neighbor policy,1,1,229
subjects[].heading,"Goodman, Benny, 1909-1986",1,1,306
subjects[].heading,Government aid,1,1,59
subjects[].heading,Government commissioners,1,1,306
subjects[].heading,Government contractors,1,1,306
subjects[].heading,Government property,1,1,84
subjects[].heading,Government regulation,1,1,59
subjects[].heading,Governor's Harbour (Bahamas),1,1,84
subjects[].heading,Grain sales,1,1,59
subjects[].heading,Grand Manan Island (N.B.),1,1,84
subjects[].heading,Grand Turk (Turks and Caicos Islands),1,1,84
subjects[].heading,"Grebler, Leo.",1,1,286
subjects[].heading,Greeks,1,1,59
subjects[].heading,"Greene, Warwick, 1879-1929",1,1,256
subjects[].heading,Greenock (Scotland),1,1,84
subjects[].heading,"Gregory, Bruce.",1,1,306
subjects[].heading,Grenoble (France),1,1,84
subjects[].heading,Grenville (Québec),1,1,84
subjects[].heading,"Griffin, R. Allen (Robert Allen), 1893-",1,1,59
subjects[].heading,"Grivas, Georgios, 1898-1974",1,1,59
subjects[].heading,"Grohe, Glenn Ernest, 1912-1956",1,1,208
subjects[].heading,Grosseto (Italy),1,1,239
subjects[].heading,"Grossman, Marc",1,1,59
subjects[].heading,"Groth John August, 1908-1988",1,1,208
subjects[].heading,Group portraits,1,1,306
subjects[].heading,"Gruening, Ernest, 1887-1974",1,1,286
subjects[].heading,Guairá (Paraguay),1,1,59
subjects[].heading,Guanaja Island (Honduras),1,1,84
subjects[].heading,Guanajuato (Mexico),1,1,84
subjects[].heading,Guantánamo Bay (Cuba),1,1,84
subjects[].heading,"Guardiola, Santos, 1816-1862",1,1,59
subjects[].heading,"Guderian, Heinz, 1888-1954",1,1,59
subjects[].heading,Guelph (Ont.),1,1,84
subjects[].heading,Guinea-Bissau,1,1,59
subjects[].heading,"Gustav V, King of Sweden, 1858-1950",1,1,59
subjects[].heading,"Guyol, Nathaniel B., 1908-",1,1,286
subjects[].heading,"Gwathmey, Robert, 1903-1988",1,1,208
subjects[].heading,"Haedo, Eduardo Víctor",1,1,59
subjects[].heading,"Hagan, Robert Mower, 1916-",1,1,286
subjects[].heading,"Hagan, William Arthur, 1893-1963",1,1,286
subjects[].heading,Hague (Netherlands),1,1,59
subjects[].heading,"Haile Selassie I, Emperor of Ethiopia, 1892-1975",1,1,469
subjects[].heading,"Halvorsen, Gail S.",1,1,306
subjects[].heading,"Hamburg-Altona (Hamburg, Germany)",1,1,84
subjects[].heading,"Hamburg-Bremen Steamship Agency (New York, N.Y.)",1,1,469
subjects[].heading,Handicraft,1,1,306
subjects[].heading,"Handley, William Jules, 1918-1979",1,1,84
subjects[].heading,Hanover (Germany : District),1,1,84
subjects[].heading,Harbin (China),1,1,84
subjects[].heading,"Harbison, Frederick Harris.",1,1,286
subjects[].heading,"Hare, Raymond Arthur, 1901-1994",1,1,59
subjects[].heading,Harer (Ethiopia),1,1,306
subjects[].heading,"Harman, Avraham.",1,1,59
subjects[].heading,"Harris, Townsend, 1804-1878",1,1,59
subjects[].heading,"Harrison, Benjamin, 1833-1901",1,1,59
subjects[].heading,"Harrison, Wallace K. (Wallace Kirkman), 1895-",1,1,208
subjects[].heading,Harvard-Radcliffe Orchestra,1,1,59
subjects[].heading,"Hashimi Rafsanjani, Ali Akbar",1,1,306
subjects[].heading,"Hastings, Alcee L.",1,1,59
subjects[].heading,"Havel, Václav, 1936-2011",1,1,306
subjects[].heading,Haverford College.,1,1,286
subjects[].heading,"Havlová, Olga, 1933-1996",1,1,286
subjects[].heading,"Hay, John, 1838-1905",1,1,59
subjects[].heading,Health education,1,1,286
subjects[].heading,Health facilities,1,1,286
subjects[].heading,HealthCom (Program),1,1,286
subjects[].heading,"Healy, Kent T.",1,1,286
subjects[].heading,"Hearst Metrotone News, Inc.",1,1,306
subjects[].heading,Heart Mountain (Wyo.),1,1,59
subjects[].heading,Heating,1,1,286
subjects[].heading,"Heinz, H. J.",1,1,469
subjects[].heading,Helen Keller International. Vitamin A Technical Assistance Program,1,1,286
subjects[].heading,"Helguera, Leon, 1899-1970",1,1,208
subjects[].heading,"Hellenic-American Union (Athens, Greece)",1,1,306
subjects[].heading,Helmand River (Afghanistan),1,1,59
subjects[].heading,Helsingborg (Sweden),1,1,84
subjects[].heading,Helsingør (Denmark),1,1,84
subjects[].heading,Hemp,1,1,286
subjects[].heading,"Hemphill, William R. (William Ross), 1930-",1,1,286
subjects[].heading,"Hendricks, E. L. (Ernest LeRoy), 1909-",1,1,286
subjects[].heading,"Henry, Everett, 1893-1961",1,1,208
subjects[].heading,Hercegovina (Bosnia and Hercegovina),1,1,84
subjects[].heading,Hermosillo (Mexico),1,1,84
subjects[].heading,Hermoupolis (Greece),1,1,84
subjects[].heading,"Herschensohn, Bruce",1,1,306
subjects[].heading,"Herschensohn, Bruce, 1932-",1,1,306
subjects[].heading,"Heston, Charlton, 1923-2008",1,1,306
subjects[].heading,"Hibbs, Ben, 1901-1975",1,1,306
subjects[].heading,"Hickenlooper, Bourke Blakemore, 1896-1971",1,1,286
subjects[].heading,"Hill, Robert C. (Robert Charles), 1917-1978",1,1,84
subjects[].heading,"Hillenbrand, Martin Joseph, 1915-",1,1,306
subjects[].heading,Hilo (Hawaii),1,1,84
subjects[].heading,"Hitler, Adolf, 1889-1945",1,1,306
subjects[].heading,"Ho, Chi Minh, 1890-1969",1,1,84
subjects[].heading,Hobart (Tasmania),1,1,84
subjects[].heading,"Holland, Henry F. (Henry Finch), 1912-1962",1,1,306
subjects[].heading,Holyhead (Wales),1,1,84
subjects[].heading,"Home of the Hirsel, Alec Douglas-Home, Baron, 1903-",1,1,59
subjects[].heading,Homecomings,1,1,59
subjects[].heading,Homosexuality,1,1,286
subjects[].heading,Honda (Colombia),1,1,84
subjects[].heading,Honfleur (France),1,1,84
subjects[].heading,Honolulu (Hawaii),1,1,84
subjects[].heading,"Hoover, J. Edgar (John Edgar), 1895-1972",1,1,306
subjects[].heading,"Hope, Bob, 1903-2003",1,1,306
subjects[].heading,Horgen (Switzerland),1,1,84
subjects[].heading,"Horman, Charles, 1942-1973",1,1,59
subjects[].heading,"Hoselitz, Berthold Frank, 1913-",1,1,286
subjects[].heading,Howard University,1,1,208
subjects[].heading,Hudaydah (Yemen),1,1,84
subjects[].heading,Huddersfield (England),1,1,84
subjects[].heading,"Hughes, Charles Evans, 1862-1948",1,1,59
subjects[].heading,"Hughes, George W. (George Wurtz), 1806-1870",1,1,59
subjects[].heading,Human behavior,1,1,306
subjects[].heading,"Hummel, Arthur W. (Arthur William), 1920-2001",1,1,59
subjects[].heading,"Hunter, Alberta.",1,1,306
subjects[].heading,Hunting,1,1,466
subjects[].heading,Huntingdon (Québec),1,1,84
subjects[].heading,"Huntington, Hezekiah, 1759-1842",1,1,59
subjects[].heading,Huntsville (Ala.),1,1,59
subjects[].heading,"Hurricane Georges, 1998",1,1,286
subjects[].heading,"Hurricane Mitch, 1998",1,1,286
subjects[].heading,"Hursh-César, Gerald.",1,1,306
subjects[].heading,Hydrogen bomb,1,1,59
subjects[].heading,Hydrology,1,1,469
subjects[].heading,"Hyman, Dick, 1927-",1,1,306
subjects[].heading,INTERTECT (Firm),1,1,286
subjects[].heading,Ibiza (Spain),1,1,84
subjects[].heading,"Idiarte Borda, Juan Bautista, 1844-1897",1,1,59
subjects[].heading,"Idris I, King of Libya, 1890-",1,1,59
subjects[].heading,Illinois Institute of Technology.,1,1,286
subjects[].heading,Immigrants,1,1,59
subjects[].heading,Impeachment,1,1,59
subjects[].heading,Impeachments,1,1,59
subjects[].heading,Incorporation,1,1,306
subjects[].heading,Indemnity,1,1,59
subjects[].heading,Indian arts,1,1,306
subjects[].heading,Indian claims,1,1,76
subjects[].heading,Indiana University,1,1,286
subjects[].heading,"Indochinese War, 1946-1954",1,1,59
subjects[].heading,Indonesia. Badan Koordinasi Keluarga Berencana Nasional,1,1,286
subjects[].heading,Indonesia. Badan Penelitian dan Pengembangan Pertanian,1,1,286
subjects[].heading,Indonesians,1,1,84
subjects[].heading,Indus River,1,1,59
subjects[].heading,Industrial arts,1,1,59
subjects[].heading,Industrial property,1,1,84
subjects[].heading,Industrial relations,1,1,59
subjects[].heading,Infant health services,1,1,286
subjects[].heading,Inflation (Finance),1,1,84
subjects[].heading,Information services,1,1,59
subjects[].heading,Information storage and retrieval systems,1,1,59
subjects[].heading,Inheritance and transfer tax,1,1,84
subjects[].heading,Innsbruck (Austria),1,1,84
subjects[].heading,"Inouye, Daniel Ken, 1924-2012",1,1,59
subjects[].heading,Insect control,1,1,469
subjects[].heading,Institut agronomique et vétérinaire Hassan II.,1,1,286
subjects[].heading,"Institute for Resource Development/Westinghouse (Columbia, Md.)",1,1,286
subjects[].heading,Institute of African American Relations (U.S.),1,1,306
subjects[].heading,Institute of Cultural Affairs.,1,1,286
subjects[].heading,"Institute of Fundamental Studies, Sri Lanka.",1,1,286
subjects[].heading,Institute of Medical Research (Papua New Guinea),1,1,286
subjects[].heading,Institute of Nutrition of Central America and Panama,1,1,286
subjects[].heading,Institute on Economic Development,1,1,469
subjects[].heading,Instituto Centroamericano de Administración de Empresas.,1,1,286
subjects[].heading,Instituto Ecuatoriano de Seguridad Social.,1,1,286
subjects[].heading,Instituto Venezolano de Investigaciones Científicas.,1,1,286
subjects[].heading,Instituto de Investigaciones Eléctricas (Mexico),1,1,286
subjects[].heading,Instituto de Investigación Nutricional (Peru),1,1,286
subjects[].heading,"Insurance, Marine",1,1,84
subjects[].heading,"Integrated Development Systems (Kathmandu, Nepal)",1,1,286
subjects[].heading,Inter-American Association of Broadcasters.,1,1,43
subjects[].heading,Inter-American Bar Association.,1,1,43
subjects[].heading,Inter-American Conference for the Maintenance of Peace. (12/01/1936 - 12/22/1936),1,1,43
subjects[].heading,Inter-American Council of Jurists.,1,1,59
subjects[].heading,Inter-American Cultural Council.,1,1,59
subjects[].heading,Inter-American Cultural Council. Committee for Cultural Action.,1,1,59
subjects[].heading,Inter-American Defense Board. (03/30/1942 - ),1,1,43
subjects[].heading,Inter-American Economic and Social Council,1,1,59
subjects[].heading,Inter-American High Commission. (1921 - 1933),1,1,59
subjects[].heading,Inter-American Institute for Cooperation on Agriculture. (1979 - ),1,1,286
subjects[].heading,Inter-American Juridical Committee.,1,1,59
subjects[].heading,Inter-American Nuclear Energy Commission.,1,1,43
subjects[].heading,Inter-American Port and Harbor Conference.,1,1,43
subjects[].heading,Inter-American Statistical Institute,1,1,59
subjects[].heading,Inter-American Statistical Institute.,1,1,43
subjects[].heading,Inter-American Travel Congress,1,1,43
subjects[].heading,Inter-American Tropical Tuna Commission.,1,1,43
subjects[].heading,Intercontinental ballistic missiles,1,1,59
subjects[].heading,"Intercultural Communication, Inc.",1,1,286
subjects[].heading,Interessengemeinschaft Farbenindustrie Aktiengesellschaft,1,1,59
subjects[].heading,Intergovernmental Committee on Refugees. (08/1938 - 06/30/1947),1,1,43
subjects[].heading,Intergovernmental Copyright Committee,1,1,43
subjects[].heading,Intergovernmental Maritime Consultative Organization. Maritime Safety Committee,1,1,59
subjects[].heading,Intergovernmental Oceanographic Commission. (1961 - ),1,1,43
subjects[].heading,Interim Commission for the International Trade Organization,1,1,84
subjects[].heading,Interim Commission of the World Health Organization,1,1,84
subjects[].heading,Interior views,1,1,43
subjects[].heading,Intermediate range ballistic missiles,1,1,59
subjects[].heading,Internal Improvements,1,1,59
subjects[].heading,Internal security,1,1,59
subjects[].heading,International Astronomical Union,1,1,43
subjects[].heading,"International Boundary and Water Commission, United States and Mexico. (02/03/1944 - )",1,1,59
subjects[].heading,"International Boundary and Water Commission, United States and Mexico. U.S. Section",1,1,59
subjects[].heading,International Bureau of Weights and Measures,1,1,43
subjects[].heading,International Business Machines Corporation,1,1,306
subjects[].heading,International Centre for Ethnic Studies,1,1,286
subjects[].heading,International Commission to Observe and Supervise the Sudan Elections. (1953 - 1953),1,1,59
subjects[].heading,International Conference of American States. (4th : 1910 : Buenos Aires). (1910 - 1910),1,1,59
subjects[].heading,International Conference of the Red Cross.,1,1,43
subjects[].heading,International Conference on High Frequency Broadcasting. (ca. 1948 - ca. 1949),1,1,84
subjects[].heading,International Conference on Large High Voltage Electric Systems.,1,1,43
subjects[].heading,International Conference on Maritime Law,1,1,59
subjects[].heading,International Conference on Safety of Life at Sea.,1,1,84
subjects[].heading,"International Conference on Water for Peace (1967 : Washington, D.C.)",1,1,59
subjects[].heading,International Congress Against Alcoholism,1,1,43
subjects[].heading,International Congress of Actuaries.,1,1,43
subjects[].heading,International Congress of Photogrammetry,1,1,43
subjects[].heading,International Congress of Prehistoric and Protohistoric Sciences,1,1,84
subjects[].heading,International Congress of Radiology.,1,1,43
subjects[].heading,International Congress of Refrigeration.,1,1,43
subjects[].heading,International Congress of Zoology.,1,1,43
subjects[].heading,International Congress of the History of Art.,1,1,43
subjects[].heading,International Congress on Tropical Medicine and Malaria.,1,1,43
subjects[].heading,International Copyright Joint Study Group.,1,1,59
subjects[].heading,International Cotton Advisory Committee. (1939 - ),1,1,43
subjects[].heading,"International Cotton Advisory Committee. Plenary Meeting (11th : 1952 : Washington, D.C.). U.S. Delegation. (05/17/1952 …",1,1,43
subjects[].heading,"International Cotton Advisory Committee. Plenary Meeting (12th : 1953 : Washington, D.C.). U.S. Delegation. (11/1953 - 1…",1,1,43
subjects[].heading,"International Cotton Advisory Committee. Plenary Meeting (15th : 1956 : Washington, D.C.). U.S. Delegation. (05/03/1956 …",1,1,43
subjects[].heading,"International Cotton Advisory Committee. Plenary Meeting (18th : 1959 : Washington, D.C.). U.S. Delegation. (05/14/1959 …",1,1,43
subjects[].heading,"International Cotton Advisory Committee. Plenary Meeting (21st : 1962 : Washington, D.C.). U.S. Delegation. (05/09/1962 …",1,1,43
subjects[].heading,International Cotton Advisory Committee. Plenary Meeting (23rd : 1962 : Frankfurt am Main). U.S. Delegation. (06/1964 - …,1,1,43
subjects[].heading,"International Cotton Advisory Committee. Plenary Meeting (24th : 1965 : Washington, D.C.). U.S. Delegation. (1965 - 1965…",1,1,43
subjects[].heading,"International Cotton Advisory Committee. Plenary Meeting (5th : 1946 : Washington, D.C.). U.S. Delegation. (05/1946 - 05…",1,1,43
subjects[].heading,"International Cotton Advisory Committee. Plenary Meeting (6th : 1947 : Washington, D.C.). U.S. Delegation. (1947 - 1947)",1,1,43
subjects[].heading,"International Cotton Advisory Committee. Plenary Meeting (9th : 1950 : Washington, D.C.). U.S. Delegation. (05/22/1950 -…",1,1,43
subjects[].heading,International Council of Scientific Unions,1,1,43
subjects[].heading,International Dairy Congress.,1,1,43
subjects[].heading,International Edinburgh Film Festival.,1,1,306
subjects[].heading,International Executive Service Corps.,1,1,286
subjects[].heading,International Eye Foundation.,1,1,286
subjects[].heading,International Federation of Agricultural Producers,1,1,43
subjects[].heading,International Federation of Women Lawyers.,1,1,43
subjects[].heading,International Finance Corporation,1,1,59
subjects[].heading,International Foundation for Science.,1,1,286
subjects[].heading,International Geographical Union,1,1,43
subjects[].heading,"International Geophysical Year, 1957-1958",1,1,306
subjects[].heading,International Grassland Congress.,1,1,59
subjects[].heading,International Health Conference (1946 : New York). U.S. Delegation. (06/19/1946 - 07/22/1946),1,1,59
subjects[].heading,International High Commission. (05/1915 - 1921),1,1,59
subjects[].heading,International Institute for Educational Planning,1,1,286
subjects[].heading,International Institute for the Study of Human Reproduction. Center for Population and Family Health.,1,1,286
subjects[].heading,International Institute of Administrative Sciences.,1,1,286
subjects[].heading,International Labour Organisation. Inland Transport Committee,1,1,84
subjects[].heading,International Maize and Wheat Improvement Center,1,1,286
subjects[].heading,International Maritime Organization,1,1,59
subjects[].heading,"International Marketing Institute (Cambridge, Mass.)",1,1,286
subjects[].heading,International Meeting of Journalists,1,1,306
subjects[].heading,International Meloidogyne Project.,1,1,286
subjects[].heading,"International Mixed Court (Shanghai, China : International Settlement)",1,1,59
subjects[].heading,International North Pacific Fisheries Commission,1,1,59
subjects[].heading,International Office of Epizootics,1,1,84
subjects[].heading,International Ornithological Congress.,1,1,84
subjects[].heading,International Pacific Salmon Fisheries Commission,1,1,59
subjects[].heading,International Penal and Prison Congress.,1,1,84
subjects[].heading,International Planned Parenthood Federation. Western Hemisphere Region.,1,1,286
subjects[].heading,International Poliomyelitis Conference,1,1,43
subjects[].heading,International Poplar Commission.,1,1,84
subjects[].heading,International Potato Center.,1,1,286
subjects[].heading,International Radio and Television Organization.,1,1,306
subjects[].heading,International Railway Congress.,1,1,43
subjects[].heading,International Reference Centre for Community Water Supply and Sanitation,1,1,286
subjects[].heading,International Referral System for Sources of Environmental Information (United Nations),1,1,286
subjects[].heading,International Refugee Organization. Office of Statistics and Operational Reports,1,1,59
subjects[].heading,International Rice Commission,1,1,43
subjects[].heading,International Road Transport Union.,1,1,84
subjects[].heading,International Sanitary Conference. (01/05/1881 - 03/01/1881),1,1,43
subjects[].heading,International Science and Technology Institute.,1,1,286
subjects[].heading,International Scientific Radio Union.,1,1,43
subjects[].heading,International Silk Congress.,1,1,43
subjects[].heading,International Symposium on Remote Sensing of Environment,1,1,286
subjects[].heading,International Telecommunications Union. ITU Council. (1964 ? - ),1,1,59
subjects[].heading,International Telecommunications Union. International Radio Consultative Committee. (1932 - 1992),1,1,59
subjects[].heading,International Telegraph and Telephone Consultative Committee,1,1,43
subjects[].heading,International Theatre Institute,1,1,43
subjects[].heading,International Tracing Service. (01/01/1948 - ),1,1,466
subjects[].heading,International Union against Tuberculosis,1,1,43
subjects[].heading,International Union for the Scientific Study of Population,1,1,286
subjects[].heading,International Union of Crystallography,1,1,43
subjects[].heading,International Union of Geodesy and Geophysics,1,1,43
subjects[].heading,International Union of Pure and Applied Chemistry,1,1,43
subjects[].heading,International Union of Pure and Applied Physics.,1,1,43
subjects[].heading,"International Union, United Automobile Workers of America (CIO)",1,1,306
subjects[].heading,International Whaling Conference. (11/20/1946 - 12/02/1946),1,1,43
subjects[].heading,International agreements,1,1,59
subjects[].heading,Inventions,1,1,59
subjects[].heading,Investigación Operativa en Planificación Familiar y Atención Materno-Infantil para América Latina y el Caribe (Project),1,1,286
subjects[].heading,Investigation,1,1,306
subjects[].heading,"Inönü, Ismet, 1884-1973",1,1,59
subjects[].heading,Iquique (Chile),1,1,84
subjects[].heading,"Iran-Contra Affair, 1985-1990",1,1,59
subjects[].heading,"Iran-Iraq War, 1980-1988",1,1,59
subjects[].heading,Iron,1,1,59
subjects[].heading,Iron industry and trade,1,1,466
subjects[].heading,Iron ores,1,1,59
subjects[].heading,"Irwin, John N. (John Nichol), 1913-2000",1,1,59
subjects[].heading,"Isabella II, Queen of Spain, 1830-1904",1,1,59
subjects[].heading,Islam,1,1,469
subjects[].heading,Islamabad (Pakistan),1,1,286
subjects[].heading,Island Resources Foundation (Virgin Islands of the United States),1,1,286
subjects[].heading,Islands,1,1,59
subjects[].heading,"Ismay, Hastings Lionel Ismay, Baron, 1887-1965",1,1,59
subjects[].heading,"Israel-Arab War, 1967",1,1,84
subjects[].heading,Israel. Misrad ha-haklaut,1,1,286
subjects[].heading,Italy. Ministero degli affari esteri,1,1,84
subjects[].heading,"Ives, Burl, 1909-",1,1,59
subjects[].heading,Izabal (Guatemala : Dept.),1,1,84
subjects[].heading,"Izdatel'stvo ""Pravda"".",1,1,59
subjects[].heading,Jacmel (Haiti),1,1,84
subjects[].heading,Jadidah (Morocco),1,1,84
subjects[].heading,"Jagan, Cheddi",1,1,59
subjects[].heading,Jalapa Enríquez (Mexico),1,1,84
subjects[].heading,James River (N.D. and S.D.),1,1,59
subjects[].heading,Jamiat al-Yarmuk.,1,1,286
subjects[].heading,Japan. Rikugun. Kantogun. Hoten Prisoner of War Camp. 11/1942-8/20/1945,1,1,84
subjects[].heading,Japan. Rikugun. Shina Heken Gun. Weihsien Internment Camp. 1942-8/12/1945,1,1,84
subjects[].heading,Japan. Rikugun. Shina Heken Gun. Yanghow Internment Camp A. 1942-9/1943,1,1,84
subjects[].heading,Japan. Rikugun. Shina Heken Gun. Yanghow Internment Camp B. 1942-9/1943,1,1,84
subjects[].heading,Japan. Rikugun. Shina Heken Gun. Yanghow Internment Camp C. 1942-1945,1,1,84
subjects[].heading,Japanese Americans,1,1,84
subjects[].heading,"Jarring, Gunnar, 1907-",1,1,59
subjects[].heading,"Jaruzelski, Wojciech, 1923-2014",1,1,306
subjects[].heading,"Jay, John, 1745-1829",1,1,76
subjects[].heading,Jazz musicians,1,1,306
subjects[].heading,Jerez de la Frontera (Spain),1,1,84
subjects[].heading,Jerome (Ark.),1,1,59
subjects[].heading,Jets,1,1,59
subjects[].heading,Jewish Agency for Israel,1,1,286
subjects[].heading,Jinan (China),1,1,84
subjects[].heading,Job creation,1,1,486
subjects[].heading,John A. Burns School of Medicine. MEDEX Group,1,1,286
subjects[].heading,"John Paul II, Pope, 1920-2005",1,1,59
subjects[].heading,"Johnson, Richard L.",1,1,84
subjects[].heading,"Johnson, Robert L. (Robert Lee), 1929-",1,1,306
subjects[].heading,"Johnson, Sherman E. (Sherman Elbridge), 1908-",1,1,286
subjects[].heading,"Johnson, William H., 1901-1970",1,1,306
subjects[].heading,Joint Chiefs of Staff (02/09/1942 - 09/17/1947),1,1,59
subjects[].heading,Joint Chiefs of Staff. Office of Strategic Services. (06/13/1942 - 10/01/1945),1,1,306
subjects[].heading,Joint Commission on Rural Reconstruction.,1,1,469
subjects[].heading,Joint ventures,1,1,286
subjects[].heading,"Jolie, Angelina, 1975-",1,1,59
subjects[].heading,"Jones, Jo. (John)",1,1,208
subjects[].heading,"Jones, William",1,1,84
subjects[].heading,Journalism,1,1,286
subjects[].heading,Judicial matters,1,1,59
subjects[].heading,Judicial power,1,1,59
subjects[].heading,Judicial records,1,1,466
subjects[].heading,"Juliana, Queen of the Netherlands, 1909-2004",1,1,306
subjects[].heading,Juvenile corrections,1,1,466
subjects[].heading,Jérémie (Haiti),1,1,84
subjects[].heading,Kabul (Afghanistan : Province),1,1,84
subjects[].heading,Kabul (Afghanistan),1,1,286
subjects[].heading,Kaduna (Nigeria),1,1,306
subjects[].heading,Kahului (Hawaii),1,1,84
subjects[].heading,"Kaliningrad (Kaliningradskaia oblast', Russia)",1,1,84
subjects[].heading,Kalámai (Greece),1,1,84
subjects[].heading,"Kananga (Kasaï-Occidental, Congo)",1,1,306
subjects[].heading,Kandahar (Afghanistan),1,1,286
subjects[].heading,Kansas,1,1,490
subjects[].heading,"Karimov, I. A., 1938-",1,1,306
subjects[].heading,Karlsruhe (Germany),1,1,84
subjects[].heading,"Kashmir, Vale of (India)",1,1,306
subjects[].heading,Kassel (Germany),1,1,84
subjects[].heading,"Kauffer, E. McKnight (Edward McKnight), 1890-1954",1,1,208
subjects[].heading,"Kaufman, Joe, 1911-",1,1,208
subjects[].heading,Kaunas (Lithuania),1,1,84
subjects[].heading,"Kaunda, Kenneth D. (Kenneth David), 1924-",1,1,306
subjects[].heading,Kazakhstan,1,1,286
subjects[].heading,"Kearney, James, d. 1862",1,1,59
subjects[].heading,"Keating, Kenneth B. (Kenneth Barnard), 1900-1975",1,1,84
subjects[].heading,Kefa Kifle Hager (Ethiopia),1,1,306
subjects[].heading,"Kehl (Baden-Wurttemberg, Germany)",1,1,84
subjects[].heading,"Keita, Modibo S. (Modibo Sounkalo)",1,1,59
subjects[].heading,"Keller, Helen, 1880-1968",1,1,306
subjects[].heading,"Kelley, John M.",1,1,286
subjects[].heading,"Kellogg, Charles E. (Charles Edwin), 1902-",1,1,286
subjects[].heading,"Kellogg, Frank B. (Frank Billings), 1856-1937",1,1,59
subjects[].heading,"Kelly, Harry C.",1,1,286
subjects[].heading,"Kemble, Penn, 1941-2005",1,1,306
subjects[].heading,Kenedy (Tex.),1,1,59
subjects[].heading,"Kennan, George Frost, 1904-",1,1,59
subjects[].heading,Kennedy Round of the General Agreement on Tariffs and Trade. (1964 - 1967),1,1,59
subjects[].heading,"Kenney, Clayton",1,1,208
subjects[].heading,Kenora (Ont.),1,1,84
subjects[].heading,Kenya Agricultural Research Institute.,1,1,286
subjects[].heading,Kenya Trypanosomiasis Research Institute.,1,1,286
subjects[].heading,Kerkyra (Greece),1,1,84
subjects[].heading,Kidderminster (England),1,1,84
subjects[].heading,Kiel (Germany),1,1,84
subjects[].heading,"Kiesinger, Kurt Georg, 1904-",1,1,59
subjects[].heading,Kiev (Ukraine),1,1,84
subjects[].heading,"Kim, Il-song, 1912-",1,1,306
subjects[].heading,"Kimball, Arthur A. (Arthur Alden), 1908-1996",1,1,306
subjects[].heading,Kimberley (South Africa),1,1,84
subjects[].heading,"Kimmitt, Robert Michael, 1947-",1,1,59
subjects[].heading,"King, Billie Jean, 1943-",1,1,306
subjects[].heading,"King, Coretta Scott, 1927-2006",1,1,306
subjects[].heading,"King, Larry, 1933-",1,1,59
subjects[].heading,"King, M. Luther (Martin Luther), 1899-1965",1,1,306
subjects[].heading,Kingstown (Saint Vincent and the Grenadines),1,1,84
subjects[].heading,Kiribati,1,1,286
subjects[].heading,Kirkcaldy (Scotland),1,1,84
subjects[].heading,Kirkwall (Scotland),1,1,84
subjects[].heading,"Klemperer, Otto, 1885-1973",1,1,59
subjects[].heading,"Klerides, Glaukos, 1919-",1,1,59
subjects[].heading,"Knipling, E. F.",1,1,286
subjects[].heading,"Knox, Clinton E. (Clinton Everett), 1908-1980",1,1,84
subjects[].heading,Knoxville (Tenn.),1,1,84
subjects[].heading,Koblenz (Germany),1,1,84
subjects[].heading,"Kohler, Foy D.",1,1,84
subjects[].heading,Kolding (Denmark),1,1,84
subjects[].heading,"Kollwitz, Kathe, 1867-1945",1,1,208
subjects[].heading,Kommunisticheskaia partiia Sovetskogo Soiuza,1,1,306
subjects[].heading,"Konaré, Alpha Oumar",1,1,59
subjects[].heading,Kooskia (Idaho),1,1,59
subjects[].heading,Kootenay Lake (B.C.),1,1,59
subjects[].heading,Koper (Slovenia),1,1,239
subjects[].heading,Korea (South). Chungang Songo Kwalli Wiwonhoe.,1,1,306
subjects[].heading,Kosovo,1,1,286
subjects[].heading,"Kovach, Nora, 1931-",1,1,306
subjects[].heading,Krefeld (Germany),1,1,84
subjects[].heading,"Kroll, Leon, 1884-1974",1,1,208
subjects[].heading,"Krupa, Gene, 1909-1973",1,1,306
subjects[].heading,Ku Klux Klan (1915- ),1,1,306
subjects[].heading,"Kuang-hsü, Emperor of China, 1871-1908",1,1,59
subjects[].heading,"Kuchel, Thomas H.",1,1,286
subjects[].heading,Kuching (Sarawak),1,1,84
subjects[].heading,"Kuniyoshi, Yasuo, 1889-1953",1,1,208
subjects[].heading,"Kwan, Michelle, 1980-",1,1,59
subjects[].heading,L'Aquila (Italy),1,1,239
subjects[].heading,La Chaux-de-Fonds (Switzerland),1,1,84
subjects[].heading,La Coruña (Spain : Province),1,1,84
subjects[].heading,La Coruña (Spain),1,1,84
subjects[].heading,"La Guardia, Fiorello H. (Fiorello Henry), 1882-1947",1,1,306
subjects[].heading,La Leche League International,1,1,286
subjects[].heading,La Libertad (El Salvador),1,1,84
subjects[].heading,La Oroya (Peru),1,1,84
subjects[].heading,La Palma (Canary Islands),1,1,84
subjects[].heading,"La Paz (Baja California Sur, Mexico)",1,1,84
subjects[].heading,"La Paz (San Luis Potosi, Mexico)",1,1,84
subjects[].heading,La Romana (Dominican Republic),1,1,84
subjects[].heading,La Spezia (Italy),1,1,84
subjects[].heading,"LaSalle, Charles, 1894-1958",1,1,208
subjects[].heading,Labor Day,1,1,306
subjects[].heading,Labor supply,1,1,59
subjects[].heading,Lac-Mégantic (Québec),1,1,84
subjects[].heading,Lacolle (Québec),1,1,84
subjects[].heading,Lagos (Nigeria : State),1,1,59
subjects[].heading,Lahaina (Hawaii),1,1,84
subjects[].heading,Lake of the Woods (Mich.),1,1,76
subjects[].heading,"Lambert, William",1,1,59
subjects[].heading,"Lancaster, Carol.",1,1,286
subjects[].heading,"Land O'Lakes, Inc.",1,1,286
subjects[].heading,Land use,1,1,286
subjects[].heading,Land use planning,1,1,286
subjects[].heading,"Landon, Truman H. (Truman Hempel), 1905-1986",1,1,306
subjects[].heading,"Langbein, Walter Basil, 1907-",1,1,286
subjects[].heading,"Langmuir, Alexander D.",1,1,286
subjects[].heading,"Lansdale, Edward Geary, 1908-1987",1,1,469
subjects[].heading,Lanzarote (Canary Islands),1,1,84
subjects[].heading,"Laotian Civil War, 1953-1975",1,1,286
subjects[].heading,Larnaca (Cyprus),1,1,84
subjects[].heading,"Larson, Arthur, 1910-1993",1,1,306
subjects[].heading,Las Palmas (Canary Islands: Province),1,1,84
subjects[].heading,"Lasswell, Harold Dwight, 1902-",1,1,286
subjects[].heading,Latakia (Syria),1,1,84
subjects[].heading,Latin American Free Trade Association (06/01/1961 - 1980),1,1,59
subjects[].heading,"Lattimore, Owen, 1900-1989",1,1,59
subjects[].heading,"Laureys, Pierre.",1,1,59
subjects[].heading,Lausanne (Switzerland),1,1,84
subjects[].heading,"Lawson, Murray G. (Murray Grant), 1915-",1,1,306
subjects[].heading,Lawyers' fees,1,1,76
subjects[].heading,Lead,1,1,59
subjects[].heading,League of Nations.,1,1,59
subjects[].heading,League of Nations. Permanent Mandates Commission,1,1,84
subjects[].heading,League of Red Cross and Red Crescent Societies,1,1,286
subjects[].heading,"Lebanon Intervention, 1958",1,1,84
subjects[].heading,"Lechín Oquendo, Juan",1,1,59
subjects[].heading,Legal notices,1,1,59
subjects[].heading,Legal opinions,1,1,59
subjects[].heading,Legislative acts,1,1,59
subjects[].heading,Legislative liaison,1,1,306
subjects[].heading,Legislative oversight,1,1,306
subjects[].heading,Legislative records,1,1,306
subjects[].heading,"Legrand, Michel, 1932-",1,1,306
subjects[].heading,Lehigh Valley Railroad Company,1,1,76
subjects[].heading,Leicester (England),1,1,84
subjects[].heading,"Leidel, Donald C. (Donald Charles), 1927-",1,1,84
subjects[].heading,"Leigh Guzmán, Gustavo, 1920-",1,1,59
subjects[].heading,"Leighton, Alexander H. (Alexander Hamilton), 1908-",1,1,286
subjects[].heading,"Lenin, Vladimir Il'ich, 1870-1924",1,1,306
subjects[].heading,"Leopold, Luna Bergere, 1915-",1,1,286
subjects[].heading,Les Cayes (Haiti),1,1,84
subjects[].heading,"Letelier, Orlando.",1,1,59
subjects[].heading,Lethbridge (Alta.),1,1,84
subjects[].heading,Letterpress copies,1,1,59
subjects[].heading,"Levitsky, Melvyn, 1938-",1,1,84
subjects[].heading,Levuka (Fiji),1,1,84
subjects[].heading,"Lewis, Fulton, 1903-1966",1,1,59
subjects[].heading,Leyte Island (Philippines),1,1,268
subjects[].heading,"Li, Li-hua",1,1,306
subjects[].heading,"Liang, Cheng, 1864-1917",1,1,59
subjects[].heading,Liberec (Czech Republic),1,1,84
subjects[].heading,Library employees,1,1,306
subjects[].heading,Library science,1,1,306
subjects[].heading,Licata (Italy),1,1,84
subjects[].heading,"Lieberman, Evelyn S., 1944-",1,1,306
subjects[].heading,Liechtenstein,1,1,59
subjects[].heading,Lighting,1,1,43
subjects[].heading,"Liliuokalani, Queen of Hawaii, 1838-1917",1,1,59
subjects[].heading,Lille (France),1,1,84
subjects[].heading,Limoges (France),1,1,84
subjects[].heading,Limón (Costa Rica : Province),1,1,84
subjects[].heading,Lindsay (Ont.),1,1,84
subjects[].heading,Lions International,1,1,59
subjects[].heading,Lithographs,1,1,59
subjects[].heading,Lithuanian Americans,1,1,306
subjects[].heading,Litigation,1,1,306
subjects[].heading,Little Rock (Ark.),1,1,59
subjects[].heading,"Litvinov, M. M. (Maksim Maksimovich), 1876-1951",1,1,59
subjects[].heading,Liver disease,1,1,286
subjects[].heading,Liverpool (N.S.),1,1,84
subjects[].heading,Livorno (Italy),1,1,84
subjects[].heading,Lobbying,1,1,286
subjects[].heading,Local government,1,1,286
subjects[].heading,Lockport (Man.),1,1,84
subjects[].heading,Lodi (Italy),1,1,239
subjects[].heading,London (Ont.),1,1,84
subjects[].heading,London Conference on Germany. (02/19/1948 - 05/19/1948),1,1,59
subjects[].heading,London Naval Conference (01/21/1930 - 04/22/1930),1,1,59
subjects[].heading,"Long, Clarence D. (Clarence Dickinson), 1908-",1,1,59
subjects[].heading,"Long, Russell Billiu, 1918-2003",1,1,286
subjects[].heading,"Loomis, H. (Henry)",1,1,306
subjects[].heading,Loreto (Italy),1,1,239
subjects[].heading,Lorient (France),1,1,84
subjects[].heading,Los Mochis (Mexico),1,1,84
subjects[].heading,Louisbourg (N.S.),1,1,84
subjects[].heading,"Louisiana State University (Baton Rouge, La.)",1,1,286
subjects[].heading,"Louisiana State University (Baton Rouge, La.). Wetland Biogeochemistry Institute",1,1,286
subjects[].heading,Lourdes (France),1,1,59
subjects[].heading,"Lovett, Robert A. (Robert Abercrombie), 1895-1986",1,1,286
subjects[].heading,Low-intensity conflicts (Military science),1,1,59
subjects[].heading,"Lowry, Robert L.",1,1,59
subjects[].heading,Loyalty investigations,1,1,59
subjects[].heading,Lucca (Italy),1,1,239
subjects[].heading,Lucerne (Switzerland),1,1,84
subjects[].heading,"Ludekens, Fred, 1900-1982",1,1,208
subjects[].heading,Ludwigshafen (Germany),1,1,84
subjects[].heading,"Lugar, Richard Green, 1932-2019",1,1,59
subjects[].heading,Lunenburg (N.S.),1,1,84
subjects[].heading,Lurgan (Northern Ireland),1,1,84
subjects[].heading,"Lush, Jay L. (Jay Laurence)",1,1,286
subjects[].heading,Lutheran World Relief,1,1,286
subjects[].heading,Luxor (Egypt),1,1,43
subjects[].heading,Luzon (Philippines),1,1,84
subjects[].heading,Lynching,1,1,306
subjects[].heading,Légion d'honneur (France),1,1,59
subjects[].heading,Lívingston (Guatemala),1,1,84
subjects[].heading,"López, Francisco Solano, 1827-1870",1,1,59
subjects[].heading,"López, Narciso, 1797-1851",1,1,59
subjects[].heading,Lübeck (Germany),1,1,84
subjects[].heading,MSU-MOA-USAID Food Security Project,1,1,286
subjects[].heading,"Macapagal, Diosdado, 1910-",1,1,59
subjects[].heading,Macau (China : Special Administrative Region),1,1,59
subjects[].heading,"Machrowicz, Thaddeus Michael, 1899-1970",1,1,306
subjects[].heading,"Macomber, William B., Jr. (William Butts), 1921-2003",1,1,84
subjects[].heading,Madeira Islands,1,1,84
subjects[].heading,Madrid (Spain : Region),1,1,59
subjects[].heading,Magdalena (Mexico),1,1,84
subjects[].heading,Magdeburg (Germany),1,1,84
subjects[].heading,Mahajanga (Madagascar),1,1,84
subjects[].heading,Mahawitthayalai Chiang Mai,1,1,286
subjects[].heading,Mahawitthayalai Kasetsat.,1,1,286
subjects[].heading,Mahawitthayalai Khon Kæn,1,1,286
subjects[].heading,Mahawitthayalai Mahidon,1,1,286
subjects[].heading,Mahawitthayalai Songkhlanakharin,1,1,286
subjects[].heading,Mahawitthayalai Thammasat.,1,1,286
subjects[].heading,Mahukona (Hawaii),1,1,84
subjects[].heading,Mailing lists,1,1,286
subjects[].heading,"Mainz (Rheinland-Pfalz, Germany)",1,1,84
subjects[].heading,Makassar (Indonesia),1,1,84
subjects[].heading,Makerere University.,1,1,286
subjects[].heading,"Malagodi, Giovanni (Giovanni Francesco), 1904-1991",1,1,59
subjects[].heading,Maldives,1,1,59
subjects[].heading,"Malfatti, Franco Maria",1,1,59
subjects[].heading,"Malik, Charles Habib, 1906-",1,1,84
subjects[].heading,"Malone, Carl C. (Carl Curtis), 1901-",1,1,286
subjects[].heading,Manaus (Brazil),1,1,84
subjects[].heading,Manchuria (China),1,1,59
subjects[].heading,"Mancini, Henry",1,1,306
subjects[].heading,"Mandela, Nelson, 1918-",1,1,286
subjects[].heading,Manganese,1,1,59
subjects[].heading,Manhattan College,1,1,286
subjects[].heading,"Manila Summit Conference (1966 : Manila, Philippines)",1,1,59
subjects[].heading,Manners and customs,1,1,306
subjects[].heading,Mannheim (Germany),1,1,84
subjects[].heading,Manoff International Inc.,1,1,286
subjects[].heading,"Mansholt, S. L. (Sicco Leendert), 1908-",1,1,59
subjects[].heading,Manta (Ecuador),1,1,84
subjects[].heading,Mantova (Italy),1,1,239
subjects[].heading,Manzanar (Calif.),1,1,59
subjects[].heading,"Manzanillo (Colima, Mexico)",1,1,84
subjects[].heading,"Manzanillo (Granma, Cuba)",1,1,84
subjects[].heading,Mar del Plata (Argentina),1,1,306
subjects[].heading,Marbella (Spain),1,1,84
subjects[].heading,"Marcy, William L. (William Learned), 1786-1857",1,1,59
subjects[].heading,"Margaret, Princess, Countess of Snowdon, 1930-2002",1,1,306
subjects[].heading,"Marin, John, 1870-1953",1,1,306
subjects[].heading,Marine resources,1,1,59
subjects[].heading,Marine sciences,1,1,59
subjects[].heading,Maritsa River,1,1,469
subjects[].heading,Markets,1,1,286
subjects[].heading,Markneukirchen (Germany),1,1,84
subjects[].heading,"Marks, Barbara",1,1,208
subjects[].heading,"Marks, Leonard Harold, 1916-2006",1,1,306
subjects[].heading,Marrakech (Morocco),1,1,306
subjects[].heading,Marriage records,1,1,84
subjects[].heading,Marsala (Italy),1,1,84
subjects[].heading,"Marshall, John",1,1,306
subjects[].heading,Martha Graham Dance Company.,1,1,306
subjects[].heading,"Martin, David Stone.",1,1,208
subjects[].heading,"Martin, Graham A. (Graham Anderson), 1912-1990",1,1,84
subjects[].heading,"Marvin, William",1,1,59
subjects[].heading,"María Cristina, Queen, consort of Alfonso XII, King of Spain, 1858-1929",1,1,59
subjects[].heading,"Mason, Charles",1,1,59
subjects[].heading,Massa Marittima (Italy),1,1,239
subjects[].heading,Massacres,1,1,59
subjects[].heading,Matanzas (Cuba),1,1,84
subjects[].heading,Matthew Town (Bahamas),1,1,84
subjects[].heading,"Matzko, John J.",1,1,286
subjects[].heading,Maui (Hawaii),1,1,84
subjects[].heading,"Maurer, Sascha, 1897-1961",1,1,208
subjects[].heading,"Maxamed Siyaad Barre, 1920-",1,1,306
subjects[].heading,May Day,1,1,306
subjects[].heading,"May, Mark Arthur, 1891-",1,1,306
subjects[].heading,Mbandaka (Congo),1,1,306
subjects[].heading,"McCain, John Sidney, III, 1938-2018",1,1,84
subjects[].heading,"McCardle, Carl W. (Carl Wesley), 1904-1972",1,1,306
subjects[].heading,McCarthyism,1,1,306
subjects[].heading,"McCloy, John Jay, 1895-1989",1,1,59
subjects[].heading,"McCormack, Richard T., 1941-",1,1,59
subjects[].heading,"McCully, Newton A., 1867-1951",1,1,59
subjects[].heading,"McDermott, Walsh, 1909-",1,1,286
subjects[].heading,"McGhee, George Crews, 1912-2005",1,1,306
subjects[].heading,"McKelvey, V. E. (Vincent Ellis), 1916-",1,1,286
subjects[].heading,Medallions (Medals),1,1,43
subjects[].heading,Media consultants,1,1,306
subjects[].heading,Medical College of Virginia,1,1,286
subjects[].heading,Medical laws and legislation,1,1,59
subjects[].heading,Medical policy,1,1,286
subjects[].heading,Medical records,1,1,84
subjects[].heading,"Medici, Giuseppe",1,1,59
subjects[].heading,"Medina, José María, 1826-1878",1,1,59
subjects[].heading,"Meeting of American Chiefs of State (1967 : Punta del Este, Uruguay)",1,1,59
subjects[].heading,Meeting of Consultation of Ministers of Foreign Affairs,1,1,59
subjects[].heading,"Meeting of Heads of Government and Chiefs of State (1960 : Paris, France)",1,1,59
subjects[].heading,"Meir, Golda, 1898-1978",1,1,59
subjects[].heading,Mek'ele (Ethiopia),1,1,306
subjects[].heading,Mekhon Vaitsman le-mada,1,1,286
subjects[].heading,Mekong River,1,1,469
subjects[].heading,"Melton, Richard H. (Richard Huntington), 1935-",1,1,84
subjects[].heading,Menton (France),1,1,84
subjects[].heading,"Mercer, Johnny, 1909-",1,1,306
subjects[].heading,Merkaz Volkani.,1,1,286
subjects[].heading,Messina (Italy),1,1,84
subjects[].heading,Meta Systems Inc.,1,1,286
subjects[].heading,MetaMetrics Inc.,1,1,286
subjects[].heading,"Meyerson, Martin.",1,1,286
subjects[].heading,Mezhdunarodnyi kinofestival' v Moskve,1,1,306
subjects[].heading,Middle East conflicts,1,1,59
subjects[].heading,Midland (Ont.),1,1,84
subjects[].heading,"Midwest Research Institute (Kansas City, Mo.)",1,1,286
subjects[].heading,"Mifflin, Thomas, 1744-1800",1,1,59
subjects[].heading,"Mikoian, A. I. (Anastas Ivanovich), 1895-1978",1,1,59
subjects[].heading,Milan (Italy : Province),1,1,59
subjects[].heading,Military aircraft,1,1,59
subjects[].heading,Military airlifts,1,1,306
subjects[].heading,Military exchanges,1,1,306
subjects[].heading,Military hospitals,1,1,84
subjects[].heading,Military occupation,1,1,84
subjects[].heading,Military-industrial complex,1,1,59
subjects[].heading,Milk River (Mont. and Alta.),1,1,59
subjects[].heading,"Miller, Jack R. (Jack Richard), 1916-",1,1,286
subjects[].heading,"Miller, Justin, 1888-",1,1,306
subjects[].heading,"Millikan, Max F. (Max Franklin), 1913-1969",1,1,286
subjects[].heading,"Millman, Edward, 1907-1964",1,1,208
subjects[].heading,Minami Manshu Tetsudo Kabushiki Kaisha.,1,1,169
subjects[].heading,Minidoka County (Idaho),1,1,59
subjects[].heading,Minsk (Belarus),1,1,306
subjects[].heading,Misiones (Argentina),1,1,76
subjects[].heading,Missing persons,1,1,59
subjects[].heading,Missions,1,1,84
subjects[].heading,Mississippi Agricultural Experiment Station,1,1,286
subjects[].heading,Mississippi State University. Seed Technology Laboratory.,1,1,286
subjects[].heading,Missoula (Mont.),1,1,59
subjects[].heading,Missouri,1,1,59
subjects[].heading,Modena (Italy),1,1,239
subjects[].heading,Moldova,1,1,286
subjects[].heading,Mollendo (Peru),1,1,84
subjects[].heading,Monaco,1,1,59
subjects[].heading,Moncton (N.B.),1,1,84
subjects[].heading,"Monk, Thelonious",1,1,306
subjects[].heading,"Monnet, Jean, 1888-",1,1,59
subjects[].heading,Monsanto Research Corporation.,1,1,286
subjects[].heading,Montefalco (Italy),1,1,239
subjects[].heading,Montego Bay (Jamaica),1,1,84
subjects[].heading,Montenegro,1,1,59
subjects[].heading,Monterrey (Mexico),1,1,84
subjects[].heading,Montevideo (Uruguay : Dept.),1,1,59
subjects[].heading,"Moorhead, William S. (William Singer), 1923-",1,1,306
subjects[].heading,Morale,1,1,306
subjects[].heading,"Moro, Aldo, 1916-1978",1,1,59
subjects[].heading,Morondava (Madagascar),1,1,84
subjects[].heading,Morrisburg (Ont.),1,1,84
subjects[].heading,Mortgages,1,1,286
subjects[].heading,"Moseman, Albert H.",1,1,286
subjects[].heading,Mostra internazionale d'arte cinematografica,1,1,306
subjects[].heading,Motion picture actors and actresses,1,1,306
subjects[].heading,Motor vehicles,1,1,306
subjects[].heading,Mouvement national congolais,1,1,84
subjects[].heading,"Moyers, Bill D., 1934-",1,1,490
subjects[].heading,"Muhammad V, King of Morocco, 1909-1961",1,1,306
subjects[].heading,"Mulcahy, Edward W. (Edward William), 1921-2006",1,1,59
subjects[].heading,"Murdock, Thomas G. (Thomas Glenn), 1901-",1,1,286
subjects[].heading,Murmansk (Russia),1,1,84
subjects[].heading,Muscat (Oman : Province),1,1,59
subjects[].heading,"Museum of Modern Art (New York, N.Y.)",1,1,306
subjects[].heading,Music performances,1,1,306
subjects[].heading,Music theater,1,1,306
subjects[].heading,Muslims,1,1,59
subjects[].heading,Mutual Security Agency. (1951 - 08/01/1953),1,1,306
subjects[].heading,Münchener Rückversicherungs-Gesellschaft.,1,1,466
subjects[].heading,NATO Civil Defense Committee.,1,1,59
subjects[].heading,"Nahai, Lotfollah.",1,1,286
subjects[].heading,Namakan Lake (Minn. and Ont.),1,1,59
subjects[].heading,"Names, Personal",1,1,59
subjects[].heading,Nanaimo (B.C.),1,1,84
subjects[].heading,Nancy (France),1,1,84
subjects[].heading,"Nanda, Gulzarilal, 1898-",1,1,59
subjects[].heading,"Nano, Fatos",1,1,306
subjects[].heading,Nantes (France),1,1,84
subjects[].heading,Napanee (Ont.),1,1,84
subjects[].heading,Narcotics Awareness and Education Project,1,1,286
subjects[].heading,"Nardone, Benito.",1,1,59
subjects[].heading,Natal (Brazil),1,1,84
subjects[].heading,National Aeronautics and Space Administration. Lewis Research Center. (10/01/1958 - 03/01/1999),1,1,286
subjects[].heading,National Aeronautics and Space Council. (07/29/1958 - 06/30/1973),1,1,59
subjects[].heading,"National Archives and Records Administration. Office of the Chief Operating Officer. Legislative Archives, Presidential …",1,1,490
subjects[].heading,National Archives and Records Administration. Office of the Federal Register. (04/01/1985 - ),1,1,286
subjects[].heading,National Association for the Advancement of Colored People,1,1,306
subjects[].heading,National Association of Broadcasters,1,1,306
subjects[].heading,National Association of State Development Agencies (U.S.),1,1,286
subjects[].heading,National Board of Review of Motion Pictures (U.S.),1,1,306
subjects[].heading,"National Broadcasting Company, Inc.",1,1,306
subjects[].heading,National Center for Voluntary Action,1,1,59
subjects[].heading,National Citizens' Commission (U.S.). Committee on Culture and Intellectual Exchange.,1,1,306
subjects[].heading,National Community Relations Advisory Council (U.S.),1,1,306
subjects[].heading,National Conference on Citizenship (U.S.),1,1,306
subjects[].heading,National Conference on Soviet Jewry (U.S.),1,1,59
subjects[].heading,National Council for Community Services to International Visitors,1,1,306
subjects[].heading,National Council of Churches of Kenya.,1,1,286
subjects[].heading,National Council of the Churches of Christ in the United States of America. Church World Service.,1,1,469
subjects[].heading,National Council of the Churches of Christ in the United States of America. Church World Service. Immigration and Refuge…,1,1,59
subjects[].heading,National Economic Research Associates.,1,1,286
subjects[].heading,National Fisheries Institute.,1,1,59
subjects[].heading,National Foreign Trade Convention.,1,1,306
subjects[].heading,National Foundation on the Arts and Humanities. National Endowment for the Humanities. (09/27/1965 - ),1,1,59
subjects[].heading,National Institute of Population Studies (Pakistan),1,1,286
subjects[].heading,National Institute of Science (U.S.),1,1,286
subjects[].heading,National League for Nursing.,1,1,286
subjects[].heading,National League of Insured Savings Associations.,1,1,286
subjects[].heading,National Legion of Decency,1,1,306
subjects[].heading,National Lutheran Council,1,1,59
subjects[].heading,National Research Council (U.S.). Committee on International Nutrition Programs.,1,1,286
subjects[].heading,National Research Council (U.S.). Pacific Science Board.,1,1,59
subjects[].heading,National Research Council. Committee on Remote Sensing Programs for Earth Resource Surveys.,1,1,286
subjects[].heading,National parks and reserves,1,1,59
subjects[].heading,Nationalsozialistische Deutsche Arbeiter-Partei.,1,1,59
subjects[].heading,Natural disasters,1,1,469
subjects[].heading,Natural monuments,1,1,306
subjects[].heading,Naval maneuvers,1,1,59
subjects[].heading,Navigation (Aeronautics),1,1,59
subjects[].heading,Nazi propaganda,1,1,84
subjects[].heading,Nazis,1,1,59
subjects[].heading,Ndola (Zambia),1,1,306
subjects[].heading,"Neal, Alfred Clarence.",1,1,286
subjects[].heading,Near East Foundation,1,1,469
subjects[].heading,"Negroponte, John D. (John Dimitri), 1939-",1,1,59
subjects[].heading,Nelson (B.C.),1,1,84
subjects[].heading,Nepala Rajakiya Vijñana tatha Pravidhi Prajña-Pratishthana,1,1,286
subjects[].heading,"Neruda, Pablo, 1904-1973",1,1,84
subjects[].heading,"Neubacher, Hermann, 1893-",1,1,59
subjects[].heading,New Caledonia,1,1,59
subjects[].heading,New England Board of Higher Education.,1,1,286
subjects[].heading,New Guinea,1,1,59
subjects[].heading,New Mexico Territory,1,1,76
subjects[].heading,New York University,1,1,286
subjects[].heading,New York University.,1,1,469
subjects[].heading,Newcastle (Ont.),1,1,84
subjects[].heading,Newport (England),1,1,84
subjects[].heading,News reports,1,1,59
subjects[].heading,"Ngô, Ðình Nhu, 1910-1963",1,1,84
subjects[].heading,Niagara Falls (N.Y. and Ont.),1,1,59
subjects[].heading,Niamey (Niger),1,1,306
subjects[].heading,Nickel,1,1,59
subjects[].heading,"Niecko, Jacek, 1934-",1,1,306
subjects[].heading,"Nigeria, Eastern",1,1,84
subjects[].heading,Nile River,1,1,59
subjects[].heading,Ningbo Shi (China),1,1,84
subjects[].heading,"Nitsche, Erik, 1908-1998",1,1,208
subjects[].heading,"Nixon, Walter L., 1928-",1,1,59
subjects[].heading,Nizamiah Observatory,1,1,306
subjects[].heading,"Nkomo, Joshua.",1,1,286
subjects[].heading,Non-self-governing territories,1,1,59
subjects[].heading,Nonalignment,1,1,306
subjects[].heading,Noncitizens,1,1,59
subjects[].heading,"Nord-Alexis, Pierre, 1820-1910",1,1,59
subjects[].heading,Nordenham (Germany),1,1,84
subjects[].heading,Norfolk Island,1,1,84
subjects[].heading,"Noriega, Roger",1,1,59
subjects[].heading,Normalization,1,1,59
subjects[].heading,"Norodom Kantol, Prime minister, 1920-1976",1,1,59
subjects[].heading,Norrköping (Sweden),1,1,84
subjects[].heading,North American Air Defense Command. (09/12/1957 - 03/18/1981),1,1,59
subjects[].heading,North Atlantic Treaty Organization. Nuclear Planning Group. (ca. 1949 - ),1,1,59
subjects[].heading,North Carolina State University. School of Agriculture and Life Sciences.,1,1,286
subjects[].heading,North Pacific Fur Seal Commission.,1,1,43
subjects[].heading,North Sea,1,1,59
subjects[].heading,Northern fur seal,1,1,59
subjects[].heading,"Northwestern University (Evanston, Ill.). Program for Applied Research on Fertility Regulation",1,1,286
subjects[].heading,Notice of appeals,1,1,466
subjects[].heading,Nuclear Institute for Agriculture and Biology (Pakistan),1,1,286
subjects[].heading,Nuclear arms control,1,1,306
subjects[].heading,Nuclear facilities,1,1,84
subjects[].heading,Nuclear reactors,1,1,84
subjects[].heading,Nuclear submarines,1,1,306
subjects[].heading,Nuclear warfare,1,1,59
subjects[].heading,Nueva Gerona (Cuba),1,1,84
subjects[].heading,Nuevitas (Cuba),1,1,84
subjects[].heading,Nuremberg (Germany),1,1,84
subjects[].heading,"Nuremberg War Crime Trials, Nuremberg, Germany, 1946-1949",1,1,466
subjects[].heading,Nursing,1,1,286
subjects[].heading,Nutrition Foundation,1,1,286
subjects[].heading,"Nyerere, Julius K. (Julius Kambarage), 1922-",1,1,306
subjects[].heading,OMNI (Project),1,1,286
subjects[].heading,OPTIONS for Population Policy (Project),1,1,286
subjects[].heading,Oak Ridge National Laboratory.,1,1,286
subjects[].heading,Oaxaca (Mexico : State),1,1,84
subjects[].heading,"Obaldía, José de, 1806-1889",1,1,59
subjects[].heading,Obituaries,1,1,59
subjects[].heading,"Obregón, Alvaro, 1880-1928",1,1,76
subjects[].heading,Occupational training,1,1,59
subjects[].heading,Ocean Falls (B.C.),1,1,84
subjects[].heading,Ocean bottom,1,1,59
subjects[].heading,Odense amt (Denmark),1,1,84
subjects[].heading,Odesa (Ukraine),1,1,84
subjects[].heading,Offenses against property,1,1,306
subjects[].heading,Office buildings,1,1,306
subjects[].heading,Office des produits agricoles du Mali,1,1,286
subjects[].heading,Office equipment and supplies,1,1,84
subjects[].heading,Office files,1,1,59
subjects[].heading,Office for Emergency Management. Foreign Economic Administration. (09/25/1943 - 09/27/1945),1,1,84
subjects[].heading,Office of Civil and Defense Mobilization. (08/26/1958 - 09/22/1961),1,1,306
subjects[].heading,Office of Defense Mobilization. Defense Mobilization Board. (08/14/1953 - 07/01/1958),1,1,59
subjects[].heading,Office of Management and Budget. (07/01/1970 - ),1,1,286
subjects[].heading,Office of the Coordinator of Information. (07/11/1941 - 06/13/1942),1,1,306
subjects[].heading,Official residences,1,1,59
subjects[].heading,Oil fields,1,1,59
subjects[].heading,Old Dominion University.,1,1,286
subjects[].heading,Old Harbour (Jamaica),1,1,84
subjects[].heading,Oldenburg (Germany),1,1,84
subjects[].heading,Olten (Switzerland),1,1,84
subjects[].heading,Ondo (Nigeria),1,1,286
subjects[].heading,Operation Deep Freeze,1,1,306
subjects[].heading,"Operation Desert Shield, 1990-1991",1,1,59
subjects[].heading,Operation plans,1,1,59
subjects[].heading,"Oppenheimer, J. Robert, 1904-1967",1,1,286
subjects[].heading,Oral histories,1,1,59
subjects[].heading,Order forms,1,1,306
subjects[].heading,Orders (Court),1,1,76
subjects[].heading,Organisation africaine et malgache de coopération économique,1,1,59
subjects[].heading,Organisation commune africaine et mauricienne.,1,1,286
subjects[].heading,Organisation for Economic Co-operation and Development. Committee for Invisible Transactions.,1,1,59
subjects[].heading,Organisation for Economic Co-operation and Development. Committee of Experts on Restrictive Business Practices,1,1,59
subjects[].heading,Organisation for Economic Co-operation and Development. Committee on Tourism.,1,1,59
subjects[].heading,Organisation for Economic Co-operation and Development. Council.,1,1,59
subjects[].heading,Organisation for Economic Co-operation and Development. Development Centre.,1,1,286
subjects[].heading,Organisation for Economic Co-operation and Development. Directorate for Scientific Affairs,1,1,59
subjects[].heading,Organisation for Economic Co-operation and Development. Energy Committee,1,1,59
subjects[].heading,Organisation for Economic Co-operation and Development. Industry Committee,1,1,59
subjects[].heading,Organisation for Economic Co-operation and Development. Insurance Committee,1,1,59
subjects[].heading,Organisation for Economic Co-operation and Development. Manpower and Social Affairs Committee.,1,1,59
subjects[].heading,Organisation for Economic Co-operation and Development. Manpower and Social Affairs Directorate,1,1,59
subjects[].heading,Organisation for Economic Co-operation and Development. Maritime Transport Committee,1,1,59
subjects[].heading,Organisation for Economic Co-operation and Development. Road Research Programme,1,1,59
subjects[].heading,Organisation for Economic Co-operation and Development. Special Committee for Machinery,1,1,59
subjects[].heading,Organisation for Economic Co-operation and Development. Special Committee for Non-Ferrous Metals,1,1,59
subjects[].heading,Organisation for Economic Co-operation and Development. Trade Committee,1,1,59
subjects[].heading,Organisation for Economic Co-operation and Development. Working Party on Pulp and Paper.,1,1,59
subjects[].heading,Organisation pour la mise en valeur du fleuve Sénégal.,1,1,286
subjects[].heading,Organización de Estados Centroamericanos.,1,1,59
subjects[].heading,Organization,1,1,286
subjects[].heading,Organization of American States. Council,1,1,84
subjects[].heading,Organization of the Islamic Conference. (09/25/1969 - ),1,1,43
subjects[].heading,Orillia (Ont.),1,1,84
subjects[].heading,Orinoco River (Venezuela and Colombia),1,1,59
subjects[].heading,"Orlich, Francisco J.",1,1,59
subjects[].heading,"Ortega, Daniel.",1,1,306
subjects[].heading,Orvieto (Italy),1,1,239
subjects[].heading,Osaka (Japan : Prefecture),1,1,306
subjects[].heading,"Oscar II, King of Sweden, 1829-1907",1,1,59
subjects[].heading,Osorno (Chile),1,1,84
subjects[].heading,Osoyoos Lake (B.C. and Wash.),1,1,59
subjects[].heading,Ostend (Belgium),1,1,84
subjects[].heading,"Overstreet, William C. (William Courtney), 1919-",1,1,286
subjects[].heading,Owen Sound (Ont.),1,1,84
subjects[].heading,"Owens, Jesse, 1913-",1,1,306
subjects[].heading,PRAGMA Corporation.,1,1,286
subjects[].heading,PROFAMILIA (Organization : Nicaragua),1,1,286
subjects[].heading,Pacasmayo (Peru),1,1,84
subjects[].heading,Pacific Islands (Trust Territory),1,1,59
subjects[].heading,Pacific Mail Steamship Company,1,1,76
subjects[].heading,Padova (Italy),1,1,239
subjects[].heading,Padua (Italy),1,1,239
subjects[].heading,Paintings,1,1,59
subjects[].heading,Pais Vasco (Spain),1,1,59
subjects[].heading,Paita (Peru),1,1,84
subjects[].heading,Pakistan Atomic Energy Commission.,1,1,286
subjects[].heading,Pakistan Council of Scientific and Industrial Research,1,1,286
subjects[].heading,Pakistan. Constituent Assembly (1947-1954),1,1,306
subjects[].heading,Palestinians in Lebanon (Organization),1,1,59
subjects[].heading,Palmerston (Ont.),1,1,84
subjects[].heading,Pan African Congress,1,1,43
subjects[].heading,Pan American Commercial Conference.,1,1,59
subjects[].heading,Pan American Consultation on Cartography,1,1,43
subjects[].heading,Pan American Development Foundation.,1,1,59
subjects[].heading,Pan American Highway System,1,1,229
subjects[].heading,Pan American Institute of Geography and History. Archives Committee.,1,1,43
subjects[].heading,Pan American Sanitary Bureau.,1,1,59
subjects[].heading,Pan-Americanism,1,1,59
subjects[].heading,Panama Canal Company. (07/01/1951 - 10/01/1979),1,1,59
subjects[].heading,Panama Congress. (06/22/1826 - 07/15/1826),1,1,43
subjects[].heading,"Panama-California Exposition (1915 : San Diego, Calif.)",1,1,43
subjects[].heading,"Pandit, Vijaya Lakshmi, 1900-",1,1,59
subjects[].heading,"Papandreou, Georgios Andreou, 1888-1968",1,1,59
subjects[].heading,"Papanek, Gustav Fritz",1,1,286
subjects[].heading,"Papen, Franz von, 1879-1969",1,1,59
subjects[].heading,Paris (Ont.),1,1,84
subjects[].heading,"Paris. Conference on Reparation, 1945.",1,1,84
subjects[].heading,"Parker, Alfred Charles, 1906-1985",1,1,208
subjects[].heading,"Parker, Marion L.",1,1,286
subjects[].heading,Parma (Italy),1,1,239
subjects[].heading,Parrsboro (N.S.),1,1,84
subjects[].heading,Parry Sound (Ont.),1,1,84
subjects[].heading,"Parsons, Kenneth H.",1,1,286
subjects[].heading,Partido Revolucionario de los Trabajadores Centroamericanistas,1,1,59
subjects[].heading,Partners of the Americas (Organization),1,1,286
subjects[].heading,Partnerships for Health Reform,1,1,286
subjects[].heading,Party affiliation,1,1,84
subjects[].heading,Passengers,1,1,59
subjects[].heading,Patagonia (Argentina and Chile),1,1,59
subjects[].heading,Patent laws and legislation,1,1,466
subjects[].heading,"Patterson, Richard C. (Richard Cunningham), 1886-1966",1,1,59
subjects[].heading,Pau (France),1,1,84
subjects[].heading,"Pauillac (Gironde, France)",1,1,84
subjects[].heading,"Pauley, Edwin W. (Edwin Wendell), 1903-1981",1,1,59
subjects[].heading,Pavia (Italy),1,1,239
subjects[].heading,Pavilions,1,1,306
subjects[].heading,Payroll records,1,1,59
subjects[].heading,Paysandú (Uruguay),1,1,84
subjects[].heading,Peacekeeping forces,1,1,84
subjects[].heading,Peanuts,1,1,286
subjects[].heading,"Pei, I. M., 1917-",1,1,306
subjects[].heading,Pembina River (N.D. and Man.),1,1,59
subjects[].heading,"Penner, Vernon D. (Vernon DuBois), 1939-",1,1,84
subjects[].heading,Pennsylvania,1,1,59
subjects[].heading,Pensions,1,1,84
subjects[].heading,Performance,1,1,43
subjects[].heading,Perjury,1,1,59
subjects[].heading,Perkumpulan Kontrasepsi Mantap Indonesia.,1,1,286
subjects[].heading,"Perlberg, William, 1899-1969",1,1,306
subjects[].heading,"Perlin, Bernard, 1918-2014",1,1,208
subjects[].heading,"Perloff, Harvey S.",1,1,286
subjects[].heading,"Pershing, John J. (John Joseph), 1860-1948",1,1,76
subjects[].heading,"Persian Gulf War, 1991",1,1,59
subjects[].heading,"Perón, Juan Domingo, 1895-1974",1,1,306
subjects[].heading,Pesaro (Italy),1,1,239
subjects[].heading,Peterborough (Ont.),1,1,84
subjects[].heading,"Peterson, Esther, 1906-1997",1,1,286
subjects[].heading,"Peterson, Oscar, 1925-",1,1,306
subjects[].heading,Petroleum as fuel,1,1,84
subjects[].heading,Petroleum refineries,1,1,469
subjects[].heading,Philadelphia (Pa.),1,1,59
subjects[].heading,"Philanthropic Society (London, England)",1,1,59
subjects[].heading,Philosophy,1,1,59
subjects[].heading,Photograph albums,1,1,469
subjects[].heading,Photographers,1,1,306
subjects[].heading,Photomechanical reproductions,1,1,306
subjects[].heading,Phumi Vongvichit,1,1,59
subjects[].heading,Physicians,1,1,59
subjects[].heading,Piacenza (Italy),1,1,239
subjects[].heading,"Pico, Rafael, 1912-",1,1,286
subjects[].heading,Picton (Ont.),1,1,84
subjects[].heading,Pillage,1,1,84
subjects[].heading,Pinangah (Malaysia),1,1,84
subjects[].heading,"Pindling, Lynden O. (Lynden Oscar)",1,1,84
subjects[].heading,"Pineau, Christian",1,1,59
subjects[].heading,Piraeus (Greece),1,1,84
subjects[].heading,Pisa (Italy),1,1,239
subjects[].heading,Pistoia (Italy),1,1,239
subjects[].heading,Pittsburgh (Pa.),1,1,43
subjects[].heading,"Pius IX, Pope, 1792-1878",1,1,59
subjects[].heading,Planning,1,1,306
subjects[].heading,Plauen (Germany),1,1,84
subjects[].heading,Playgrounds,1,1,466
subjects[].heading,Ploiesti (Romania),1,1,306
subjects[].heading,Pohnpei (Micronesia : State),1,1,84
subjects[].heading,Point Roberts (Wash.),1,1,76
subjects[].heading,"Poitier, Sidney.",1,1,306
subjects[].heading,Poland. Polskie Sily Zbrojne. Armia Krajowa,1,1,59
subjects[].heading,Polaris (Missile),1,1,306
subjects[].heading,Poles,1,1,84
subjects[].heading,Polish American Congress,1,1,286
subjects[].heading,Political campaigns,1,1,84
subjects[].heading,Political cartoons,1,1,306
subjects[].heading,Political posters,1,1,466
subjects[].heading,Political prisoners,1,1,59
subjects[].heading,Political rights,1,1,59
subjects[].heading,Political violence,1,1,59
subjects[].heading,Politicians,1,1,59
subjects[].heading,Pollution,1,1,59
subjects[].heading,Ponce (P.R.),1,1,84
subjects[].heading,Poor,1,1,286
subjects[].heading,"Popper, David H. (David Henry), 1912-",1,1,59
subjects[].heading,Port Antonio (Jamaica),1,1,84
subjects[].heading,Port Hawkesbury (Cape Breton Island : N.S.),1,1,84
subjects[].heading,Port Hope (Ont.),1,1,84
subjects[].heading,Port Louis (Mauritius),1,1,84
subjects[].heading,Port Morant (Jamaica),1,1,84
subjects[].heading,Port Moresby (Papua New Guinea),1,1,84
subjects[].heading,Port Rowan (Ont.),1,1,84
subjects[].heading,Port-de-Paix (Haiti),1,1,84
subjects[].heading,Portsmouth (England),1,1,84
subjects[].heading,"Posen, Alvah, 1894-1960",1,1,208
subjects[].heading,Postwar economic planning,1,1,466
subjects[].heading,Poultry,1,1,286
subjects[].heading,"Powell, Adam Clayton, 1908-1972",1,1,84
subjects[].heading,Powers of attorney,1,1,76
subjects[].heading,"Prado, Mariano Ignacio, 1826-1902",1,1,59
subjects[].heading,Prairie View A & M University.,1,1,286
subjects[].heading,Praja Socialist Party.,1,1,306
subjects[].heading,Prato (Italy),1,1,239
subjects[].heading,Precious stones,1,1,84
subjects[].heading,President (1933-1945 : Roosevelt). War Refugee Board. (01/22/1944 - 04/1945),1,1,84
subjects[].heading,President (1945-1953 : Truman). National Security Council. (1947 - 1953),1,1,353
subjects[].heading,President (1945-1953 : Truman). U.S. Reparations Mission to Japan. (1945 - 1946),1,1,59
subjects[].heading,President (1945-1953 : Truman). War Refugee Board. (04/1945 - 06/30/1946),1,1,84
subjects[].heading,President (1953-1961 : Eisenhower). National Security Council. Planning Board. (03/17/1953 - ca. 1961),1,1,306
subjects[].heading,President (1953-1961 : Eisenhower). President's Committee to Study the United States Military Assistance Program. (11/24…,1,1,306
subjects[].heading,President (1961-1963 : Kennedy). National Security Council. Special Group 5412. Operation Mongoose. (11/1961 - ca. 11/19…,1,1,59
subjects[].heading,President (1963-1969 : Johnson). (1963 - 1969),1,1,59
subjects[].heading,President (1963-1969 : Johnson). Special Group (Counterinsurgency). (11/22/1963 - 03/02/1966),1,1,306
subjects[].heading,"President (1963-1969 : Johnson). White House Conference on International Cooperation (1965 : Washington, D.C.) (11/28/19…",1,1,306
subjects[].heading,President (1969-1974 : Nixon). (1969 - 1974),1,1,59
subjects[].heading,President (1974-1977 : Ford). (1974 - 1977),1,1,59
subjects[].heading,President (1974-1977 : Ford). National Security Council. National Security Council Interagency Task Force on the Law of …,1,1,59
subjects[].heading,President (1974-1977 : Ford). National Security Council. Senior Review Group. (08/09/1974 - ca. 01/20/1977),1,1,59
subjects[].heading,President (1974-1977 : Ford). National Security Council. Washington Special Actions Group. (08/09/1974 - ca. 01/20/1977),1,1,59
subjects[].heading,President (1993-2001 : Clinton). Office of National Drug Control Policy. (01/20/1993 - 01/20/2001),1,1,286
subjects[].heading,Presidential appointments,1,1,59
subjects[].heading,Presidential assassination attempts,1,1,306
subjects[].heading,Presidential transitions,1,1,59
subjects[].heading,"Presidents, Inaugural addresses of",1,1,306
subjects[].heading,"Presley, Elvis, 1935-1977",1,1,306
subjects[].heading,Press and politics,1,1,306
subjects[].heading,Press interviews,1,1,306
subjects[].heading,Price Waterhouse (Firm),1,1,286
subjects[].heading,Price regulation,1,1,43
subjects[].heading,"Primakov, E. M. (Evgenii Maksimovich)",1,1,306
subjects[].heading,Prince Edward Island,1,1,76
subjects[].heading,Prince Rupert (B.C.),1,1,84
subjects[].heading,Princeton University,1,1,286
subjects[].heading,Privileges and immunities,1,1,306
subjects[].heading,Production (Economic theory),1,1,59
subjects[].heading,Professions,1,1,306
subjects[].heading,Program for Appropriate Technology in Health,1,1,286
subjects[].heading,Progreso (Mexico),1,1,84
subjects[].heading,"Progreso (Yucatan, Mexico)",1,1,84
subjects[].heading,Progressive taxation,1,1,84
subjects[].heading,Project Concern International (Organization),1,1,286
subjects[].heading,Projet des soins de santé primaires en milieu rural (USAID : Zaire),1,1,286
subjects[].heading,Promotions,1,1,306
subjects[].heading,Property tax,1,1,84
subjects[].heading,Psychology,1,1,306
subjects[].heading,"Pu-i, 1906-1967",1,1,59
subjects[].heading,Public broadcasting,1,1,306
subjects[].heading,Public housing,1,1,466
subjects[].heading,Public law,1,1,306
subjects[].heading,Public service advertisements,1,1,490
subjects[].heading,Public service employment,1,1,306
subjects[].heading,Public utilities,1,1,59
subjects[].heading,Public works,1,1,59
subjects[].heading,"Puebla (Mexico City, Mexico)",1,1,84
subjects[].heading,Puerto Barrios (Guatemala),1,1,84
subjects[].heading,Puerto Cabello (Venezuela),1,1,84
subjects[].heading,Puerto Castilla (Honduras),1,1,84
subjects[].heading,Puerto Plata (Dominican Republic : Province),1,1,84
subjects[].heading,Punishment,1,1,59
subjects[].heading,Puntarenas (Costa Rica : Province),1,1,84
subjects[].heading,Puntarenas (Costa Rica),1,1,84
subjects[].heading,Purdue University. Agricultural Experiment Station.,1,1,286
subjects[].heading,Purdue University. Dept. of Agronomy.,1,1,286
subjects[].heading,Purdue University. Laboratory for Applications of Remote Sensing.,1,1,286
subjects[].heading,"Pushkin, Georgi M.",1,1,59
subjects[].heading,"Pye, Lucian W., 1921-",1,1,286
subjects[].heading,"Pérez Jiménez, Marcos, 1914-",1,1,59
subjects[].heading,"Pérez Larios, J. (José)",1,1,286
subjects[].heading,"Pétion, Alexandre, 1770-1818",1,1,59
subjects[].heading,Qatar,1,1,59
subjects[].heading,Quantico (Va.),1,1,76
subjects[].heading,"Quayle, Marilyn T. (Marilyn Tucker), 1949-",1,1,286
subjects[].heading,Quezaltenango (Guatemala),1,1,84
subjects[].heading,Quibdó (Colombia),1,1,84
subjects[].heading,Quilts,1,1,306
subjects[].heading,Quotations (Texts),1,1,59
subjects[].heading,"Rabin, Yitzhak, 1922-1995",1,1,59
subjects[].heading,"Rabovsky, Istvan, 1930-",1,1,306
subjects[].heading,Racism,1,1,306
subjects[].heading,Radar,1,1,59
subjects[].heading,"Radhakrishnan, S. (Sarvepalli), 1888-1975",1,1,306
subjects[].heading,Radio Free Asia,1,1,306
subjects[].heading,Radio Habana Cuba.,1,1,306
subjects[].heading,Radio Liberty Committee,1,1,59
subjects[].heading,Radio Luxembourg.,1,1,306
subjects[].heading,Radio equipment and supplies,1,1,59
subjects[].heading,Radio in aeronautics,1,1,43
subjects[].heading,Radio journalists,1,1,306
subjects[].heading,Radioactivity,1,1,59
subjects[].heading,"Raeder, Erich, 1876-1960",1,1,84
subjects[].heading,"Ragan, Leslie Darrell, 1897-1972",1,1,208
subjects[].heading,Rainy River (Minn. and Ont.),1,1,59
subjects[].heading,Rand Corporation,1,1,286
subjects[].heading,"Rashidov, Sharof, 1917-",1,1,306
subjects[].heading,Rationing,1,1,469
subjects[].heading,"Rauschenberg, Robert, 1925-",1,1,306
subjects[].heading,Ravenna (Italy),1,1,239
subjects[].heading,Raytheon Company,1,1,59
subjects[].heading,Real property,1,1,466
subjects[].heading,Reciprocity,1,1,59
subjects[].heading,Reconnaissance aircraft,1,1,59
subjects[].heading,Recordkeeping,1,1,306
subjects[].heading,Records,1,1,59
subjects[].heading,Records (Court or perpetual),1,1,59
subjects[].heading,Redditch (England),1,1,84
subjects[].heading,"Reed, Philip D. (Philip Dunham)",1,1,306
subjects[].heading,Reform,1,1,59
subjects[].heading,Refugee camps,1,1,59
subjects[].heading,Reggio nell'Emilia (Italy),1,1,239
subjects[].heading,"Reinhardt, Adolph Frederick, 1913-1967",1,1,208
subjects[].heading,"Reinhardt, G. Frederick (George Frederick), 1911-1971",1,1,84
subjects[].heading,"Reinhardt, John Edward, 1920-2016",1,1,306
subjects[].heading,Religions,1,1,84
subjects[].heading,Religious institutions,1,1,306
subjects[].heading,"Relocation of Japanese Americans, 1942-1945",1,1,59
subjects[].heading,Renewable natural resources,1,1,286
subjects[].heading,Rennes (France),1,1,84
subjects[].heading,Reparation Commission. Finance Service. (ca. 1920 - ca. 1930),1,1,43
subjects[].heading,Reparations Conference (2nd : 1929-30 : The Hague). (ca. 08/06/1929 - ca. 02/25/1930),1,1,43
subjects[].heading,Republican National Committee (U.S.),1,1,306
subjects[].heading,Requisitions,1,1,306
subjects[].heading,Reservoirs,1,1,59
subjects[].heading,"Resistance movements, War",1,1,208
subjects[].heading,Resistencia Nicaragüense (Organization). Ejército,1,1,286
subjects[].heading,Resource allocation,1,1,59
subjects[].heading,Resources for the Future.,1,1,286
subjects[].heading,Retalhuleu (Guatemala),1,1,84
subjects[].heading,Revenue,1,1,286
subjects[].heading,Revolutions,1,1,306
subjects[].heading,Reykjavík (Iceland),1,1,306
subjects[].heading,"Ribbentrop, Joachim von, 1893-1946",1,1,59
subjects[].heading,"Ribicoff, Abraham Alexander, 1910-1998",1,1,59
subjects[].heading,"Rich, Buddy, 1917-",1,1,306
subjects[].heading,"Richardson, Elliot Lee, 1920-1999",1,1,84
subjects[].heading,Richibucto (N.B.),1,1,84
subjects[].heading,"Rickover, Hyman George, 1900-1986",1,1,306
subjects[].heading,Rieti (Italy),1,1,239
subjects[].heading,Riga (Latvia),1,1,84
subjects[].heading,Right of property,1,1,84
subjects[].heading,"Rigney, J. A., 1920-",1,1,286
subjects[].heading,Rimini (Italy),1,1,239
subjects[].heading,Rimouski (Québec),1,1,84
subjects[].heading,Rio Grande (Brazil),1,1,84
subjects[].heading,Rio de la Plata (Argentina and Uruguay),1,1,469
subjects[].heading,Riots,1,1,353
subjects[].heading,River surveys,1,1,59
subjects[].heading,Rivière-du-Loup (Québec),1,1,84
subjects[].heading,Roatán (Honduras),1,1,84
subjects[].heading,"Robbins, Franklin, 1917-1994",1,1,208
subjects[].heading,Robert S. Sloan,1,1,208
subjects[].heading,"Roberts, Edmund, 1784-1836",1,1,59
subjects[].heading,"Robinson, Boardman, 1876-1952",1,1,208
subjects[].heading,"Robock, Stefan Hyman, 1915-",1,1,286
subjects[].heading,Rockefeller Institute.,1,1,286
subjects[].heading,"Rockwell, Norman, 1894-1978",1,1,208
subjects[].heading,Rocky Mountains,1,1,76
subjects[].heading,"Rogers, Will, 1879-1935",1,1,306
subjects[].heading,"Rogers, William D., 1927-",1,1,59
subjects[].heading,Rohwer (Ark.),1,1,59
subjects[].heading,"Romero, Oscar A. (Oscar Arnulfo), 1917-1980",1,1,59
subjects[].heading,"Rondon, Fernando E. (Fernando Enrique), 1936-",1,1,84
subjects[].heading,"Roosevelt, Eleanor Butler, 1889-1960",1,1,84
subjects[].heading,Roseau (Dominica),1,1,84
subjects[].heading,Rosenberg case,1,1,59
subjects[].heading,"Rosenberg, Ethel, 1915-1953",1,1,286
subjects[].heading,"Rosenberg, Julius, 1918-1953",1,1,286
subjects[].heading,"Roskens, Ronald William, 1932-",1,1,286
subjects[].heading,Rossland (B.C.),1,1,84
subjects[].heading,Roubaix (France),1,1,84
subjects[].heading,Rouen (France),1,1,84
subjects[].heading,Royal Sanitary Institute (Great Britain),1,1,84
subjects[].heading,Royal Society International Geophysical Year Antarctic Expedition,1,1,59
subjects[].heading,"Rubber, Artificial",1,1,59
subjects[].heading,"Ruby, Jack, 1911-1967",1,1,306
subjects[].heading,Ruhr (Germany),1,1,466
subjects[].heading,Ruhuna Visvavidyalaya,1,1,286
subjects[].heading,"Rumor, Mariano",1,1,59
subjects[].heading,"Rumsfeld, Donald, 1932-",1,1,59
subjects[].heading,Runways (Aeronautics),1,1,43
subjects[].heading,Rural Service Center Project (Philippines),1,1,286
subjects[].heading,Rural areas,1,1,469
subjects[].heading,Rural electrification,1,1,286
subjects[].heading,Rural families,1,1,286
subjects[].heading,"Rush, Kenneth, 1910-",1,1,59
subjects[].heading,"Russell, M. B.",1,1,286
subjects[].heading,Russians,1,1,84
subjects[].heading,"Ryall, A. Lloyd (Albert Lloyd), 1904-",1,1,286
subjects[].heading,"Saalburg, Allen R. (Allen Russell), 1899-1974",1,1,208
subjects[].heading,"Sabin, Albert B. (Albert Bruce), 1906-",1,1,286
subjects[].heading,"Saccio, Leonard J. (Leonard John), 1911-",1,1,59
subjects[].heading,Safi (Morocco),1,1,84
subjects[].heading,Sahel (Burkina Faso : Region),1,1,286
subjects[].heading,Sahel Institute,1,1,286
subjects[].heading,"Said bin Sultan, Sultan of Zanzibar, 1791-1856",1,1,59
subjects[].heading,"Said ibn Taimur, Sultan of Muscat and Oman, 1910-",1,1,306
subjects[].heading,Saint Ann's Bay (Jamaica),1,1,84
subjects[].heading,Saint Croix River (Me. and N.B.),1,1,59
subjects[].heading,Saint Etienne-de-Lugdarès (France),1,1,84
subjects[].heading,Saint Gall (Switzerland),1,1,84
subjects[].heading,Saint George (N.B.),1,1,84
subjects[].heading,Saint George's (Grenada),1,1,84
subjects[].heading,Saint Helena Island (Saint Helena),1,1,84
subjects[].heading,"Saint Helens (Isle of Wight, England)",1,1,84
subjects[].heading,Saint Helier (Channel Islands),1,1,84
subjects[].heading,Saint John River (Me. and N.B.),1,1,59
subjects[].heading,Saint John's (Antigua and Barbuda),1,1,84
subjects[].heading,Saint Lawrence River,1,1,59
subjects[].heading,Saint Lawrence Seaway,1,1,59
subjects[].heading,Saint Mary River (Mont. and Alta.),1,1,59
subjects[].heading,Saint Peter Port (Channel Islands),1,1,84
subjects[].heading,Saint Peters Bay (Prince Edward Island),1,1,84
subjects[].heading,Saint-Barthélemy (Guadeloupe),1,1,84
subjects[].heading,Saint-Georges-de-Clarenceville (Québec),1,1,84
subjects[].heading,Saint-Jean-de-Luz (France),1,1,84
subjects[].heading,Saint-Jean-sur-Richelieu (Québec),1,1,84
subjects[].heading,Saint-Malo (France),1,1,84
subjects[].heading,Saint-Nazaire (France),1,1,84
subjects[].heading,Saipan,1,1,306
subjects[].heading,"Sakharov, Andrei, 1921-1989",1,1,306
subjects[].heading,Salaverry (Peru),1,1,84
subjects[].heading,"Salk, Jonas Edward, 1914-1995",1,1,59
subjects[].heading,"Salomon, Louis Etienne Félicité Lysius, 1815-1888",1,1,59
subjects[].heading,Salt Lake City (Utah),1,1,59
subjects[].heading,Samakhom Phatthana Prachakon læ Chumchon (Thailand),1,1,286
subjects[].heading,"Samsun (Samsun Ili, Turkey)",1,1,84
subjects[].heading,San Blas (Mexico),1,1,84
subjects[].heading,San Francisco (Calif.),1,1,306
subjects[].heading,"San Francisco Peace Conference (1951 : San Francisco, California). U.S. Delegation. (1951 - 1951)",1,1,43
subjects[].heading,San Juan del Norte (Nicaragua),1,1,84
subjects[].heading,San Juan del Sur (Nicaragua),1,1,84
subjects[].heading,San Marino,1,1,59
subjects[].heading,San Marino (San Marino),1,1,59
subjects[].heading,"San Pedro (Los Angeles, Calif.)",1,1,59
subjects[].heading,San Pedro de Macorís (Dominican Republic),1,1,84
subjects[].heading,San Remo (Italy),1,1,84
subjects[].heading,"San Salvador (Corrientes Province, Argentina)",1,1,84
subjects[].heading,San Sebastián (El Salvador),1,1,59
subjects[].heading,San Severino Marche (Italy),1,1,239
subjects[].heading,Sana (Yemen),1,1,84
subjects[].heading,Sanctions (International law),1,1,59
subjects[].heading,Sandakan (Sabah),1,1,84
subjects[].heading,Santa Catarina (Brazil : State),1,1,84
subjects[].heading,Santa Claus,1,1,208
subjects[].heading,Santa Fe (N.M.),1,1,59
subjects[].heading,Santa Fé (Argentina),1,1,84
subjects[].heading,"Santa Isabel (Chihuahua, Mexico)",1,1,76
subjects[].heading,Santa Marta (Colombia),1,1,84
subjects[].heading,"Santos, Máximo Benito, 1847-1889",1,1,59
subjects[].heading,Sao Luis do Maranhao (Brazil),1,1,84
subjects[].heading,"Saragat, Giuseppe",1,1,59
subjects[].heading,Sarajevo (Bosnia and Hercegovina),1,1,84
subjects[].heading,"Sarbanes, Paul.",1,1,59
subjects[].heading,Sardinia (Italy),1,1,169
subjects[].heading,"Sargent, John Singer, 1856-1925",1,1,306
subjects[].heading,Saronno (Italy),1,1,239
subjects[].heading,"Sarra, Valentino, 1903-1982",1,1,208
subjects[].heading,"Sato, Eisaku, 1901-1975",1,1,59
subjects[].heading,"Satterthwaite, Joseph C. (Joseph Charles), 1900-1990",1,1,59
subjects[].heading,"Saud al-Faisal, Prince of Saudi Arabia",1,1,306
subjects[].heading,"Scalia, Antonin",1,1,59
subjects[].heading,Scarborough (Trinidad and Tobago),1,1,84
subjects[].heading,"Schad, Theodore M.",1,1,286
subjects[].heading,"Schaeffer, Mead, 1898-1980",1,1,208
subjects[].heading,"Schaetzel, J. Robert, 1917-",1,1,59
subjects[].heading,Schaffhausen (Switzerland),1,1,84
subjects[].heading,Scheduling,1,1,306
subjects[].heading,"Scheel, Walter",1,1,59
subjects[].heading,"Schirach, Baldur von, 1907-",1,1,84
subjects[].heading,"Schneider, William, 1941-",1,1,59
subjects[].heading,"Schramm, Wilbur Lang, 1907-",1,1,286
subjects[].heading,Schweizerische Verrechnungsstelle.,1,1,84
subjects[].heading,Scientex Corporation,1,1,286
subjects[].heading,Scientific expeditions,1,1,306
subjects[].heading,Scientists,1,1,306
subjects[].heading,"Scott, Howard, 1902-1983",1,1,208
subjects[].heading,"Scott, Michael, 1907-",1,1,59
subjects[].heading,"Scrimshaw, Nevin S.",1,1,286
subjects[].heading,Sculpture,1,1,306
subjects[].heading,Seagoville (Tex.),1,1,59
subjects[].heading,Seals (Animals),1,1,76
subjects[].heading,"Seaman, Bernard, 1913-1998",1,1,208
subjects[].heading,Security clearances,1,1,306
subjects[].heading,"Seeger, Pete, 1919-2014",1,1,306
subjects[].heading,"Segni, Antonio, 1891-1972",1,1,59
subjects[].heading,Segregation,1,1,306
subjects[].heading,"Selassie, Haile M. G.",1,1,59
subjects[].heading,"Selden, Armistead Inge, 1921-1985",1,1,84
subjects[].heading,"Self-determination, National",1,1,59
subjects[].heading,Semarang (Indonesia),1,1,84
subjects[].heading,"Senghor, Léopold Sédar, 1906-",1,1,59
subjects[].heading,Seville (Spain : Province),1,1,306
subjects[].heading,Sewage disposal,1,1,286
subjects[].heading,Seychelles,1,1,59
subjects[].heading,"Shahn, Ben, 1898-1969",1,1,208
subjects[].heading,"Shakespeare, Frank J. (Frank Joseph), 1925-",1,1,306
subjects[].heading,"Shali︠a︡pin, Boris, 1904-1979",1,1,208
subjects[].heading,Shantou (China),1,1,84
subjects[].heading,"Sharp Park (San Mateo county, Calif.)",1,1,59
subjects[].heading,"Shastri, Lal Bahadur, 1904-1966",1,1,59
subjects[].heading,"Shcharansky, Anatoly.",1,1,59
subjects[].heading,Sheets (Flat paper objects),1,1,306
subjects[].heading,Sheets (Information artifacts),1,1,306
subjects[].heading,Sheladia Associates.,1,1,286
subjects[].heading,Shelburne (Nova Scotia),1,1,84
subjects[].heading,Sherbrooke (Québec),1,1,84
subjects[].heading,"Sherwood, Robert E. (Robert Emmet), 1896-1955",1,1,306
subjects[].heading,"Sherwood, Thomas Kilgore, 1903-1976",1,1,286
subjects[].heading,Shipbuilding industry,1,1,466
subjects[].heading,Shipment of goods,1,1,59
subjects[].heading,Shipping records,1,1,306
subjects[].heading,"Short stories, American",1,1,306
subjects[].heading,Sidon (Lebanon),1,1,84
subjects[].heading,Siena (Italy),1,1,239
subjects[].heading,Sierra Mojada (Mexico),1,1,84
subjects[].heading,Sigma One Corporation,1,1,286
subjects[].heading,Signatures (Names),1,1,59
subjects[].heading,"Simon, Paul, 1928-",1,1,59
subjects[].heading,"Sims, Agnes",1,1,306
subjects[].heading,"Sinai Accord between Egypt and Israel, 1975",1,1,59
subjects[].heading,"Sino-Japanese War, 1937-1945",1,1,84
subjects[].heading,"Sirikit, Queen, consort of Bhumibol Adulyadej, King of Thailand, 1932-",1,1,306
subjects[].heading,Site plans,1,1,306
subjects[].heading,Sivas (Turkey),1,1,84
subjects[].heading,Skagit River (B.C. and Wash.),1,1,59
subjects[].heading,Sketch maps,1,1,76
subjects[].heading,Sketches,1,1,76
subjects[].heading,"Skoug, Kenneth N.",1,1,84
subjects[].heading,Slave trade,1,1,59
subjects[].heading,Slide presentations,1,1,59
subjects[].heading,Sligo (Ireland),1,1,84
subjects[].heading,Slovakia (Czechoslovakia),1,1,286
subjects[].heading,Smallpox,1,1,59
subjects[].heading,"Smith, Alfred Emanuel, 1873-1944",1,1,208
subjects[].heading,"Smith, Datus Clifford, 1907-",1,1,286
subjects[].heading,"Smythe, Hugh H. (Hugh Heyne), 1913-1977",1,1,84
subjects[].heading,"Sobukwe, Robert Mangaliso",1,1,306
subjects[].heading,Social change,1,1,286
subjects[].heading,Social reform,1,1,286
subjects[].heading,Social sciences,1,1,59
subjects[].heading,Social service,1,1,59
subjects[].heading,Social services,1,1,286
subjects[].heading,Social surveys,1,1,286
subjects[].heading,Socialism,1,1,306
subjects[].heading,Society for Engineering in Agriculture,1,1,286
subjects[].heading,"Société nationale pour la recherche, la production, le transport, la transformation et la commercialisation des hydrocar…",1,1,59
subjects[].heading,"Soglow, Otto, 1900-1975",1,1,208
subjects[].heading,Soils,1,1,286
subjects[].heading,Solingen (Germany),1,1,84
subjects[].heading,"Solzhenitsyn, Aleksandr Isaevich, 1918-",1,1,84
subjects[].heading,Sorel (Québec),1,1,84
subjects[].heading,Sorrento (Italy),1,1,84
subjects[].heading,Sound recordings,1,1,306
subjects[].heading,Souris River,1,1,59
subjects[].heading,South Carolina State College,1,1,286
subjects[].heading,South Dakota State University. Remote Sensing Institute,1,1,286
subjects[].heading,South Pacific Commission. (02/06/1947 - ),1,1,59
subjects[].heading,Southern Claims Commission. (03/10/1871 - 03/10/1880),1,1,59
subjects[].heading,Southern Methodist University.,1,1,59
subjects[].heading,Southern Pacific Company,1,1,76
subjects[].heading,Southern fur seals,1,1,59
subjects[].heading,Sovereignty,1,1,59
subjects[].heading,Soviet Union. Narodnyi komissariat vnutrennikh del,1,1,59
subjects[].heading,Soviet Union. Posol'stvo (U.S.),1,1,59
subjects[].heading,Soybean,1,1,286
subjects[].heading,Space flights,1,1,306
subjects[].heading,Space law,1,1,59
subjects[].heading,Space sciences,1,1,84
subjects[].heading,Space shuttles,1,1,306
subjects[].heading,Space stations,1,1,59
subjects[].heading,Space travelers,1,1,306
subjects[].heading,Space vehicles,1,1,306
subjects[].heading,Spain. Ejército Popular de la República. Abraham Lincoln Battalion,1,1,84
subjects[].heading,"Spandau Prison (Berlin, Germany)",1,1,84
subjects[].heading,"Sparks, Edward J. (Edward John), 1897-1976",1,1,59
subjects[].heading,"Spear, Moncrieff J. (Moncrieff Johnston), 1921-",1,1,84
subjects[].heading,Special Projects Fund (1950 - ),1,1,466
subjects[].heading,Specifications,1,1,59
subjects[].heading,"Speer, Albert, 1905-1981",1,1,84
subjects[].heading,Spies,1,1,59
subjects[].heading,Spitak (Armenia),1,1,286
subjects[].heading,Spitsbergen Island (Norway),1,1,59
subjects[].heading,"Spitz, Mark.",1,1,306
subjects[].heading,Spoleto (Italy),1,1,239
subjects[].heading,"Sri Lanka. Natural Resources, Energy & Science Authority.",1,1,286
subjects[].heading,St. Thomas (Ont.),1,1,84
subjects[].heading,"Stafford, Jo",1,1,306
subjects[].heading,"Stakman, E. C. (Elvin Charles), 1885-1979",1,1,286
subjects[].heading,"Staley, Eugene, 1906-",1,1,286
subjects[].heading,Standards,1,1,59
subjects[].heading,Standards (Concepts),1,1,306
subjects[].heading,Stanley (Falkland Islands),1,1,84
subjects[].heading,Stanstead (Québec),1,1,84
subjects[].heading,"Staples, George",1,1,59
subjects[].heading,Starr County (Tex.),1,1,59
subjects[].heading,State University of New York at Buffalo. School of Medicine,1,1,286
subjects[].heading,State University of New York at Stony Brook,1,1,286
subjects[].heading,State University of New York.,1,1,286
subjects[].heading,Statehood (American politics),1,1,59
subjects[].heading,Statesmen,1,1,306
subjects[].heading,Stationery,1,1,306
subjects[].heading,Statutes,1,1,59
subjects[].heading,Stavanger (Norway),1,1,84
subjects[].heading,Steamboats,1,1,84
subjects[].heading,"Stearns, Monteagle, 1924-",1,1,84
subjects[].heading,"Steichen, Edward, 1879-1973",1,1,306
subjects[].heading,"Steinbeck, John, 1902-1968",1,1,306
subjects[].heading,"Stephansky, Ben S. (Ben Solomon), 1913-1999",1,1,59
subjects[].heading,"Stettinius, Edward R. (Edward Reilly), 1900-1949",1,1,84
subjects[].heading,"Stevens, George, 1932-",1,1,306
subjects[].heading,"Stimson, Henry L. (Henry Lewis), 1867-1950",1,1,59
subjects[].heading,"Stinebower, Leroy Dean, 1904-1976",1,1,59
subjects[].heading,Stoke on Trent (England),1,1,84
subjects[].heading,"Stone, Marvin L.",1,1,306
subjects[].heading,"Stowe, Harriet Beecher, 1811-1896",1,1,306
subjects[].heading,Strategic Defense Initiative,1,1,59
subjects[].heading,Strategic planning,1,1,306
subjects[].heading,Stratford (Ont.),1,1,84
subjects[].heading,"Strausz-Hupé, Robert, 1903-",1,1,84
subjects[].heading,"Strougal, Lubomir, 1924-",1,1,84
subjects[].heading,"Stryker, Roy Emerson, 1893-1975",1,1,208
subjects[].heading,"Stuart, Francis, 1902-",1,1,59
subjects[].heading,Student federal aid,1,1,59
subjects[].heading,Student service,1,1,59
subjects[].heading,Studio portraits,1,1,59
subjects[].heading,Subject indexes,1,1,59
subjects[].heading,Submarine warfare,1,1,76
subjects[].heading,Submarines (Ships),1,1,84
subjects[].heading,Subsidies,1,1,59
subjects[].heading,Subversive Activities Control Board. (09/23/1950 - 06/30/1973),1,1,306
subjects[].heading,Sudbury (Ont.),1,1,84
subjects[].heading,Suffrage,1,1,59
subjects[].heading,"Sukarno, 1927-",1,1,59
subjects[].heading,"Sullivan, James",1,1,76
subjects[].heading,"Sullivan, Louis Wade, 1933-",1,1,286
subjects[].heading,Sulphur,1,1,59
subjects[].heading,Sumatra (Indonesia),1,1,169
subjects[].heading,Summerside (P.E.I.),1,1,84
subjects[].heading,Sunderland (England),1,1,84
subjects[].heading,Sundsvall (Sweden),1,1,84
subjects[].heading,"Superior, Lake",1,1,59
subjects[].heading,Supply and demand,1,1,59
subjects[].heading,Supreme Headquarters Allied Powers Europe. (04/02/1951 - ),1,1,59
subjects[].heading,Surfing,1,1,306
subjects[].heading,Surplus commodities,1,1,469
subjects[].heading,Surplus government property,1,1,59
subjects[].heading,Surveying,1,1,59
subjects[].heading,Susah (Tunisia),1,1,306
subjects[].heading,"Sutherland, Peter A. (Peter Adams), 1933-1994",1,1,84
subjects[].heading,Sutton (Québec),1,1,84
subjects[].heading,"Svoboda, Ludvík, 1895-1979",1,1,84
subjects[].heading,Swansea (Wales),1,1,84
subjects[].heading,Swinoujscie (Poland),1,1,84
subjects[].heading,Swiss Bank Corporation,1,1,84
subjects[].heading,Switzerland. Eidgenössisches Politisches Departement.,1,1,84
subjects[].heading,Sydney (N.S.),1,1,84
subjects[].heading,"Symington, Stuart, 1901-1988",1,1,286
subjects[].heading,Synergic Resources Corporation,1,1,286
subjects[].heading,Systems Approach to Regional Income and Sustainable Resource Assistance,1,1,286
subjects[].heading,Szczecin (Poland),1,1,84
subjects[].heading,Sánchez (Dominican Republic),1,1,84
subjects[].heading,São Jorge Island (Azores),1,1,84
subjects[].heading,São Miguel (Portugal),1,1,84
subjects[].heading,São Vicente County (Cape Verde),1,1,84
subjects[].heading,Tables,1,1,169
subjects[].heading,Tahiti (French Polynesia : Island),1,1,84
subjects[].heading,Taiwan (Taiwan : Island),1,1,286
subjects[].heading,"Talbott, Strobe.",1,1,59
subjects[].heading,Talcahuano (Chile),1,1,84
subjects[].heading,Tallinn (Estonia),1,1,84
subjects[].heading,"Tambs, Lewis A. (Lewis Arthur), 1927-",1,1,84
subjects[].heading,Tanganyika,1,1,286
subjects[].heading,Taranto (Italy),1,1,84
subjects[].heading,"Tatum, Art, 1910-1956",1,1,306
subjects[].heading,Tax records,1,1,84
subjects[].heading,Taxation of personal property,1,1,84
subjects[].heading,"Taylor, Zachary, 1784-1850",1,1,59
subjects[].heading,Technical education,1,1,469
subjects[].heading,Technology and state,1,1,286
subjects[].heading,Technology transfer,1,1,59
subjects[].heading,Tehran (Iran : Province),1,1,84
subjects[].heading,"Teichert, Curt, 1905-",1,1,286
subjects[].heading,Telegrafnoe agentstvo SSSR,1,1,59
subjects[].heading,Television journalists,1,1,306
subjects[].heading,Television programs,1,1,306
subjects[].heading,Television receivers,1,1,286
subjects[].heading,Television scripts,1,1,306
subjects[].heading,"Telles, Raymond Lopez, 1915-2013",1,1,59
subjects[].heading,Ten Nation Committee on Disarmament.,1,1,59
subjects[].heading,"Teng, Hsiao-ping, 1904-",1,1,306
subjects[].heading,Tennessee,1,1,59
subjects[].heading,Tennessee Centennial Exposition. (05/01/1897 - 10/31/1897),1,1,43
subjects[].heading,Tennessee State University.,1,1,286
subjects[].heading,Tennessee Valley Authority. (1933 - ),1,1,286
subjects[].heading,Teramo (Italy),1,1,239
subjects[].heading,Terni (Italy),1,1,239
subjects[].heading,Terracina (Italy),1,1,239
subjects[].heading,Testing,1,1,286
subjects[].heading,Texas A & M University,1,1,286
subjects[].heading,"Texas Centennial (1936 : Dallas, Tex.)",1,1,43
subjects[].heading,"Thackeray, William Makepeace, 1811-1863",1,1,76
subjects[].heading,"Thorp, Willard Long, 1899-1992",1,1,59
subjects[].heading,Thunder Bay (Ont.),1,1,84
subjects[].heading,"Tiananmen Square Incident, 1989",1,1,306
subjects[].heading,"Tiberias, Lake (Israel)",1,1,59
subjects[].heading,"Time, Inc.",1,1,306
subjects[].heading,Timetables,1,1,306
subjects[].heading,Tinian (Northern Mariana Islands),1,1,239
subjects[].heading,"Tiran, Strait of",1,1,59
subjects[].heading,Tivoli (Italy),1,1,239
subjects[].heading,Tlacotalpán (Mexico),1,1,84
subjects[].heading,Tocopilla (Chile),1,1,84
subjects[].heading,Todi (Italy),1,1,239
subjects[].heading,"Tolbert, William R., 1913-1980",1,1,59
subjects[].heading,Tolentino (Italy),1,1,239
subjects[].heading,Tolls,1,1,59
subjects[].heading,"Tombalbaye, Ngarta, 1918-1975",1,1,84
subjects[].heading,"Tomlinson, Ken",1,1,306
subjects[].heading,Tonga,1,1,286
subjects[].heading,Topographic maps,1,1,76
subjects[].heading,Topolobampo (Mexico),1,1,84
subjects[].heading,Torrevieja (Spain),1,1,84
subjects[].heading,Torture,1,1,59
subjects[].heading,"Toulmin, Harry T. (Harry Theophilus), 1916-",1,1,286
subjects[].heading,Toulon (France),1,1,84
subjects[].heading,Tourist maps,1,1,306
subjects[].heading,Tovar (Venezuela),1,1,84
subjects[].heading,"Tovar, Manuel Felipe de, 1803-1866",1,1,59
subjects[].heading,"Town Hall, Inc.",1,1,306
subjects[].heading,Townsville (Qld.),1,1,84
subjects[].heading,Trabzon (Turkey),1,1,84
subjects[].heading,Trade Expansion Act of 1962,1,1,59
subjects[].heading,Trademarks,1,1,84
subjects[].heading,Traffic accidents,1,1,306
subjects[].heading,Trail (B.C.),1,1,84
subjects[].heading,Training manuals,1,1,490
subjects[].heading,Trans World Airlines,1,1,306
subjects[].heading,Translating services,1,1,306
subjects[].heading,Transportation maps,1,1,59
subjects[].heading,Trapani (Italy),1,1,84
subjects[].heading,Treason,1,1,59
subjects[].heading,Treatments (Documents),1,1,306
subjects[].heading,"Treaty of Ghent, 1814",1,1,76
subjects[].heading,Trento (Italy),1,1,239
subjects[].heading,Trenton (Ont.),1,1,84
subjects[].heading,Treviso (Italy),1,1,239
subjects[].heading,Tribhuvana Visvavidyalaya,1,1,286
subjects[].heading,Trickle Up Program,1,1,286
subjects[].heading,Tripoli (Lebanon),1,1,84
subjects[].heading,Trois-Rivières (Québec),1,1,84
subjects[].heading,Trondheim (Norway),1,1,84
subjects[].heading,Troon (Scotland),1,1,84
subjects[].heading,"Trotsky, Leon, 1879-1940",1,1,306
subjects[].heading,Trusts and trustees,1,1,306
subjects[].heading,"Tshombe, Moïse",1,1,306
subjects[].heading,Tsukuba (Japan),1,1,306
subjects[].heading,Tsukuba Expo '85.,1,1,306
subjects[].heading,Tumbes (Peru),1,1,84
subjects[].heading,"Tumin, Melvin Marvin, 1919-",1,1,286
subjects[].heading,Tuna Canyon (Calif.),1,1,59
subjects[].heading,Tungsten,1,1,59
subjects[].heading,"Tunney, John V. (John Varick), 1934-",1,1,286
subjects[].heading,Turin (Italy : Province),1,1,239
subjects[].heading,"Turkevich, John, 1907-",1,1,306
subjects[].heading,Turkmenistan,1,1,286
subjects[].heading,Turks,1,1,59
subjects[].heading,"Turner, Joe, 1911-",1,1,306
subjects[].heading,Tuscania (Italy),1,1,239
subjects[].heading,Tuskegee Institute,1,1,208
subjects[].heading,"Tuxpan (Jalisco, Mexico)",1,1,84
subjects[].heading,"Twain, Mark, 1835-1910",1,1,306
subjects[].heading,Twentieth Century Fund,1,1,286
subjects[].heading,"Tybout, Richard A. (Richard Alton), 1920-",1,1,286
subjects[].heading,"Tzu-hsi, Empress dowager of China, 1835-1908",1,1,59
subjects[].heading,U.S. Agency for International Development. (04/01/1999 - ),1,1,59
subjects[].heading,U.S. Congress (89th : 1st Session : 1965). (01/04/1965 - 10/23/1965),1,1,306
subjects[].heading,U.S. Congress. Joint Committee on Atomic Energy. (1946 - 1977),1,1,306
subjects[].heading,U.S. Coronado Exposition Commission. (07/17/1939 - 1941),1,1,43
subjects[].heading,"U.S. Delegation to the Council of Foreign Ministers, Third Session. (11/04/1946 - 12/13/1946)",1,1,43
subjects[].heading,U.S. House of Representatives. (03/04/1789 - ),1,1,306
subjects[].heading,U.S. House of Representatives. Committee on Foreign Affairs. (03/13/1822 - 03/19/1975),1,1,59
subjects[].heading,U.S. House of Representatives. Select Committee on Assassinations. (09/17/1976 - 01/03/1979),1,1,59
subjects[].heading,U.S. Information Agency. Broadcasting Service. (09/1956 - 1978),1,1,306
subjects[].heading,U.S. Information Agency. Motion Picture Service. (08/01/1953 - 1965),1,1,306
subjects[].heading,"U.S. Information Agency. U.S. Information Service, Lima, Peru. (ca. 1953 - ca. 1978)",1,1,84
subjects[].heading,"U.S. Information Agency. U.S. Information Service, Wellington, New Zealand. (08/1953 - 04/01/1978)",1,1,84
subjects[].heading,U.S. International Development Cooperation Agency. Agency for International Development. Office of U.S. Foreign Disaster…,1,1,286
subjects[].heading,U.S. International Development Cooperation Agency. Trade and Development Program. (07/01/1980 - 10/27/1992),1,1,84
subjects[].heading,U.S. Senate. Committee on Appropriations. (03/06/1867 - ),1,1,306
subjects[].heading,U.S. Senate. Committee on Foreign Relations. (12/10/1816 - ),1,1,59
subjects[].heading,U.S. Senate. Committee on Government Operations. (03/03/1952 - 02/11/1977),1,1,59
subjects[].heading,U.S. Senate. Committee on Government Operations. Permanent Subcommittee on Investigations. (03/03/1952 - 02/11/1977),1,1,469
subjects[].heading,UNAMIR,1,1,286
subjects[].heading,UZ/MSU Food Security Research in Southern Africa Project,1,1,286
subjects[].heading,Udine (Italy),1,1,239
subjects[].heading,Unidentified flying objects,1,1,59
subjects[].heading,Union Carbide Nuclear Company.,1,1,286
subjects[].heading,Union Oil Company of California,1,1,76
subjects[].heading,Union minière du Haut-Katanga.,1,1,84
subjects[].heading,Union of American Hebrew Congregations.,1,1,59
subjects[].heading,United Arab Emirates,1,1,59
subjects[].heading,United Fruit Company,1,1,59
subjects[].heading,United International Bureaux for the Protection of Intellectual Property.,1,1,59
subjects[].heading,United Nations Commission for the Unification and Rehabilitation of Korea,1,1,43
subjects[].heading,"United Nations Conference for the Adoption of a Single Convention on Narcotic Drugs (1961 : New York, N.Y.)",1,1,59
subjects[].heading,"United Nations Conference of Plenipotentiaries on the Status of Refugees and Stateless Persons (1951 : Geneva, Switzerla…",1,1,84
subjects[].heading,"United Nations Conference on Freedom of Information (1948 : Geneva, Switzerland). (04/21/1948 - 04/24/1948)",1,1,59
subjects[].heading,"United Nations Conference on Science and Technology for Development (1979 : Vienna, Austria)",1,1,286
subjects[].heading,United Nations Conference on Trade and Development. Trade and Development Board,1,1,59
subjects[].heading,United Nations Conference on the Exploration and Peaceful Uses of Outer Space.,1,1,286
subjects[].heading,United Nations Development Programme,1,1,286
subjects[].heading,United Nations Emergency Force,1,1,59
subjects[].heading,"United Nations Monetary and Financial Conference (1944 : Bretton Woods, New Hampshire) (07/01/1944 - 07/22/1944)",1,1,59
subjects[].heading,United Nations Regional Cartographic Conference for Africa,1,1,59
subjects[].heading,United Nations Relief and Works Agency for Palestine Refugees in the Near East.,1,1,84
subjects[].heading,United Nations Research Institute for Social Development,1,1,286
subjects[].heading,"United Nations World Food Conference (1974 : Rome, Italy)",1,1,286
subjects[].heading,United Nations. Ad Hoc Committee on the Establishment of an International Criminal Court,1,1,84
subjects[].heading,United Nations. Administrative Committee on Co-ordination,1,1,84
subjects[].heading,United Nations. Administrative Tribunal.,1,1,84
subjects[].heading,United Nations. Advisory Committee on the Application of Science and Technology to Development,1,1,59
subjects[].heading,United Nations. Commission on Narcotic Drugs,1,1,59
subjects[].heading,United Nations. Committee of Experts on the Transport of Dangerous Goods (1957- ),1,1,59
subjects[].heading,United Nations. Conciliation Commission for Palestine,1,1,84
subjects[].heading,United Nations. Conference of the Committee on Disarmament,1,1,59
subjects[].heading,United Nations. Economic Commission for Africa. Standing Committee on Trade,1,1,59
subjects[].heading,United Nations. Economic Commission for Asia and the Far East. Committee on Industry and Natural Resources.,1,1,59
subjects[].heading,United Nations. Economic Commission for Asia and the Far East. Committee on Trade,1,1,59
subjects[].heading,United Nations. Economic Commission for Asia and the Far East. Highways and Highway Transport Sub-Committee,1,1,59
subjects[].heading,United Nations. Economic Commission for Asia and the Far East. Inland Transport and Communications Committee,1,1,59
subjects[].heading,United Nations. Economic Commission for Asia and the Far East. Mekong Committee,1,1,59
subjects[].heading,United Nations. Economic Commission for Asia and the Far East. Natural Resources Division,1,1,59
subjects[].heading,United Nations. Economic Commission for Asia and the Far East. Water Resources Section,1,1,59
subjects[].heading,United Nations. Economic Commission for Asia and the Far East. Working Party on Customs Administration,1,1,59
subjects[].heading,United Nations. Economic Commission for Europe. Coal Committee,1,1,59
subjects[].heading,United Nations. Economic Commission for Europe. Committee on Agricultural Problems.,1,1,59
subjects[].heading,"United Nations. Economic Commission for Europe. Committee on Housing, Building and Planning.",1,1,59
subjects[].heading,United Nations. Economic Commission for Europe. Steel Committee.,1,1,59
subjects[].heading,United Nations. Economic Commission for Europe. Timber Committee,1,1,59
subjects[].heading,United Nations. Economic Commission for Europe. Working Party on Inland Water Transport,1,1,84
subjects[].heading,United Nations. Economic Commission for Europe. Working Party on the Construction of Vehicles,1,1,59
subjects[].heading,United Nations. Economic Commission for Europe. Working Party on the Transport of Dangerous Goods,1,1,59
subjects[].heading,United Nations. Economic Commission for Latin America and the Caribbean,1,1,286
subjects[].heading,United Nations. Economic Commission for Latin America. Committee of the Whole.,1,1,59
subjects[].heading,United Nations. Eighteen-Nation Committee on Disarmament,1,1,59
subjects[].heading,United Nations. General Assembly. Committee on Information from Non-Self-Governing Territories.,1,1,59
subjects[].heading,United Nations. General Assembly. Delegations.,1,1,84
subjects[].heading,United Nations. General Assembly. Interim Committee,1,1,84
subjects[].heading,United Nations. Peace-Keeping Force in Cyprus,1,1,59
subjects[].heading,United Nations. Sub-commission on Prevention of Discrimination and Protection of Minorities,1,1,59
subjects[].heading,United Nations. Technical Assistance Administration,1,1,286
subjects[].heading,United Nations/FAO Committee on Food Aid Policies and Programmes,1,1,286
subjects[].heading,United Press Associations.,1,1,306
subjects[].heading,"United States Capitol (Washington, D.C.)",1,1,306
subjects[].heading,United States Capitol Historical Society.,1,1,306
subjects[].heading,United States Virgin Islands,1,1,84
subjects[].heading,United Steelworkers of America,1,1,306
subjects[].heading,Universal Postal Union,1,1,43
subjects[].heading,Universidad Autónoma Chapingo. Institución de Enseñanza e Investigación en Ciencias Agrícolas.,1,1,286
subjects[].heading,Universidad Católica de Chile.,1,1,286
subjects[].heading,Universidad Central de Venezuela.,1,1,59
subjects[].heading,Universidad Nacional Autónoma de México. Instituto de Investigaciones Biomédicas,1,1,286
subjects[].heading,Universidad Peruana Cayetano Heredia,1,1,286
subjects[].heading,Universidad de Chile.,1,1,286
subjects[].heading,Universidad de Concepción.,1,1,286
subjects[].heading,Universidad de Costa Rica,1,1,286
subjects[].heading,Universidad de Panamá.,1,1,286
subjects[].heading,Universidad del Valle de Guatemala.,1,1,286
subjects[].heading,Universidade Federal do Ceará,1,1,286
subjects[].heading,Universidade de Evora,1,1,286
subjects[].heading,Universidade de Lisboa,1,1,286
subjects[].heading,Universitah ha-Ivrit bi-Yerushalayim,1,1,286
subjects[].heading,Universitat Bar-Ilan,1,1,286
subjects[].heading,Universitat Ben-Guryon ba-Negev,1,1,286
subjects[].heading,Universitat Tel-Aviv,1,1,286
subjects[].heading,University Research Corporation.,1,1,286
subjects[].heading,University of Arizona,1,1,286
subjects[].heading,"University of Arkansas, Fayetteville.",1,1,286
subjects[].heading,University of California (System),1,1,286
subjects[].heading,"University of California, Riverside",1,1,286
subjects[].heading,University of Chicago,1,1,286
subjects[].heading,University of Delaware,1,1,286
subjects[].heading,University of Hawaii (System),1,1,286
subjects[].heading,University of Hawaii at Manoa,1,1,286
subjects[].heading,University of Houston,1,1,286
subjects[].heading,University of Idaho.,1,1,286
subjects[].heading,University of Illinois (System),1,1,59
subjects[].heading,University of Karachi,1,1,286
subjects[].heading,University of Maine at Orono.,1,1,286
subjects[].heading,University of Malawi.,1,1,286
subjects[].heading,University of Miami,1,1,286
subjects[].heading,University of Minnesota. Program for Applied Research on Fertility Regulation.,1,1,286
subjects[].heading,University of Nebraska (Lincoln campus). Agricultural Experiment Station,1,1,286
subjects[].heading,University of Nebraska (Lincoln campus). College of Agriculture,1,1,286
subjects[].heading,University of Nebraska (Lincoln campus). Dept. of Agronomy,1,1,286
subjects[].heading,University of New Mexico,1,1,286
subjects[].heading,University of North Carolina (1793-1962),1,1,286
subjects[].heading,University of Notre Dame.,1,1,286
subjects[].heading,University of Peradeniya.,1,1,286
subjects[].heading,University of South Florida,1,1,286
subjects[].heading,University of Southern California.,1,1,286
subjects[].heading,University of Southwestern Louisiana,1,1,286
subjects[].heading,University of Tennessee (Knoxville campus),1,1,286
subjects[].heading,University of Texas,1,1,286
subjects[].heading,University of Texas System. Cancer Center.,1,1,286
subjects[].heading,University of Texas at Austin. Institute of Latin American Studies.,1,1,59
subjects[].heading,University of Washington,1,1,286
subjects[].heading,University of Wisconsin.,1,1,286
subjects[].heading,University of Yaoundé,1,1,286
subjects[].heading,University of the Americas,1,1,59
subjects[].heading,University of the Philippines,1,1,286
subjects[].heading,University of the Philippines System,1,1,286
subjects[].heading,University of the Philippines at Los Baños. Institute of Plant Breeding,1,1,286
subjects[].heading,University of the South Pacific,1,1,286
subjects[].heading,Università di Bologna,1,1,286
subjects[].heading,"Updike, John",1,1,59
subjects[].heading,Uppsala universitet,1,1,286
subjects[].heading,Upton (N.Y.),1,1,59
subjects[].heading,Urbino (Italy),1,1,239
subjects[].heading,Urfa (Turkey),1,1,84
subjects[].heading,Utah State University.,1,1,286
subjects[].heading,Uzbekistan,1,1,286
subjects[].heading,"Vaky, Viron P.",1,1,84
subjects[].heading,Valdivia (Chile),1,1,84
subjects[].heading,Valencia (Venezuela),1,1,84
subjects[].heading,"Valenti, Jack J. (Jack Joseph), 1921-2007",1,1,306
subjects[].heading,"Van Valkenburgh, R. B. (Robert Bruce), 1821-1888",1,1,59
subjects[].heading,Vatican City,1,1,59
subjects[].heading,"Vaughan, Sarah, 1924-",1,1,306
subjects[].heading,Vehicles,1,1,306
subjects[].heading,"Velvet Revolution, Czechoslovakia, 1989",1,1,306
subjects[].heading,Venezia (Italy),1,1,59
subjects[].heading,Veracruz-Llave (Mexico : State),1,1,76
subjects[].heading,Vercelli (Italy),1,1,239
subjects[].heading,Verona (Italy : Province),1,1,239
subjects[].heading,Verviers (Belgium),1,1,84
subjects[].heading,Veterinary medicine,1,1,469
subjects[].heading,Vevey (Switzerland),1,1,84
subjects[].heading,Victoria (B.C.),1,1,84
subjects[].heading,Victoriaville (Québec),1,1,84
subjects[].heading,Vietnam (Democratic Republic). Quân dôi,1,1,43
subjects[].heading,"Vietorisz, Thomas, 1926-",1,1,286
subjects[].heading,Villa Eten (Peru),1,1,84
subjects[].heading,"Villeda Morales, Ramón, 1908-",1,1,59
subjects[].heading,Virginia,1,1,306
subjects[].heading,Virginia Polytechnic Institute and State University,1,1,286
subjects[].heading,Virginia State University,1,1,286
subjects[].heading,Viviero (Spain),1,1,84
subjects[].heading,"Volpe, John A., 1908-1994",1,1,84
subjects[].heading,Volta River (Ghana),1,1,59
subjects[].heading,Volunteers in Overseas Cooperative Assistance,1,1,286
subjects[].heading,Volunteers in Technical Assistance.,1,1,286
subjects[].heading,Voyages and travels,1,1,59
subjects[].heading,Vyborg (Russia),1,1,84
subjects[].heading,"Walford, Lionel Albert, 1905-",1,1,286
subjects[].heading,"Walker, William N. (William Nickerson), 1938-",1,1,84
subjects[].heading,"Wallace, Henry A. (Henry Agard), 1888-1965",1,1,59
subjects[].heading,"Wallenberg, Raoul Gustav, 1912-1947 ?",1,1,59
subjects[].heading,"Wang Laboratories, Inc.",1,1,286
subjects[].heading,"War Department. European Theater of Operations, U.S. Army. First Army. (10/19/1943 - 05/21/1945)",1,1,466
subjects[].heading,"War Department. European Theater of Operations, U.S. Army. Seventh Army. (11/01/1944 - 07/1945)",1,1,466
subjects[].heading,War damage compensation,1,1,76
subjects[].heading,War memorials,1,1,59
subjects[].heading,"Ward, John Elliott, 1814- 1902",1,1,59
subjects[].heading,"Warren, Earl, 1891-1974",1,1,306
subjects[].heading,Warsaw Treaty Organization,1,1,84
subjects[].heading,Warships,1,1,84
subjects[].heading,Warwick Manufacturing Company,1,1,286
subjects[].heading,"Washburn, Abbott",1,1,306
subjects[].heading,Washington (State),1,1,76
subjects[].heading,Washington Post Company.,1,1,306
subjects[].heading,Washington State University,1,1,286
subjects[].heading,"Washington University (Saint Louis, Mo.)",1,1,286
subjects[].heading,Waste disposal,1,1,286
subjects[].heading,Wastes,1,1,286
subjects[].heading,Water conservation,1,1,469
subjects[].heading,Water purification,1,1,286
subjects[].heading,Water rights,1,1,59
subjects[].heading,Waterloo (Ont.),1,1,84
subjects[].heading,Waterton River (Mont. and Alta.),1,1,59
subjects[].heading,Waubaushene (Ont.),1,1,84
subjects[].heading,Weapons systems,1,1,59
subjects[].heading,Weather,1,1,59
subjects[].heading,"Weaver, Robert Clifton, 1907-1997",1,1,208
subjects[].heading,"Webster, Harold Tucker, 1885-1952",1,1,208
subjects[].heading,"Weiss, Seymour, 1925-1992",1,1,84
subjects[].heading,"Weller, Thomas Huckle, 1915-",1,1,286
subjects[].heading,Wells,1,1,286
subjects[].heading,West Africa Rice Development Association.,1,1,286
subjects[].heading,West Indian Conference.,1,1,43
subjects[].heading,West Virginia University,1,1,286
subjects[].heading,Western Sahara,1,1,59
subjects[].heading,Westinghouse Electric Corporation,1,1,286
subjects[].heading,Westinghouse Health Systems.,1,1,286
subjects[].heading,Weymouth and Portland (England),1,1,84
subjects[].heading,Wheeling (W. Va.),1,1,59
subjects[].heading,Wheelus Air Base (Libya),1,1,59
subjects[].heading,"White House (Washington, D.C.)",1,1,59
subjects[].heading,White House Initiative on Historically Black Colleges and Universities (U.S.),1,1,286
subjects[].heading,"White, Gilbert F.",1,1,286
subjects[].heading,Wiarton (Ont.),1,1,84
subjects[].heading,Wiesbaden (Germany),1,1,84
subjects[].heading,"Wilkinson, Sharon P., 1947-",1,1,84
subjects[].heading,"Willauer, Whiting, 1906-1962",1,1,59
subjects[].heading,"Williams, Eric Eustace, 1911-",1,1,59
subjects[].heading,"Williams, Gluyas, 1888-1982",1,1,208
subjects[].heading,Wills,1,1,84
subjects[].heading,"Wilson, Donald M.",1,1,306
subjects[].heading,"Wilson, Gilbert Brown, 1907-1991",1,1,208
subjects[].heading,"Wilson, Harold, Sir, 1916-1995",1,1,59
subjects[].heading,"Wilson, Woodrow, 1856-1924",1,1,59
subjects[].heading,"Wimmel, Kenneth, 1933-",1,1,306
subjects[].heading,"Wingo, Lowdon.",1,1,286
subjects[].heading,Winterthur (Switzerland),1,1,84
subjects[].heading,"Wofford, Harris L. (Harris Llewellyn), 1926-2019",1,1,490
subjects[].heading,Wolf Management Services.,1,1,286
subjects[].heading,"Wolfbein, Seymour L. (Seymour Louis), 1915-",1,1,286
subjects[].heading,"Wolman, Abel, 1892-",1,1,286
subjects[].heading,Wolverhampton (England),1,1,84
subjects[].heading,Women domestics,1,1,286
subjects[].heading,Women in politics,1,1,286
subjects[].heading,Women's International Network.,1,1,286
subjects[].heading,Women's health services,1,1,286
subjects[].heading,Woodlawn Plantation (Va.),1,1,76
subjects[].heading,Woodrow Wilson International Center for Scholars,1,1,59
subjects[].heading,"Woodruff, Hale, 1900-",1,1,208
subjects[].heading,"Woods, Lake of the (Minn., Man. and Ont.)",1,1,59
subjects[].heading,Woodstock (Ont.),1,1,84
subjects[].heading,"Woodward, Theodore E. (Theodore Englar), 1914-",1,1,286
subjects[].heading,Worcester (England),1,1,84
subjects[].heading,Worksheets,1,1,59
subjects[].heading,Workshops,1,1,59
subjects[].heading,World Affairs Council of Philadelphia.,1,1,306
subjects[].heading,World Assembly of Youth.,1,1,43
subjects[].heading,World Association for Public Opinion Research.,1,1,306
subjects[].heading,World Association of World Federalists.,1,1,84
subjects[].heading,World Bank Group,1,1,306
subjects[].heading,"World Environment Center (New York, N.Y.)",1,1,286
subjects[].heading,World Federation of United Nations Associations.,1,1,84
subjects[].heading,"World Food Congress (1963 : Washington, D.C.)",1,1,43
subjects[].heading,World Forestry Congress,1,1,43
subjects[].heading,World Health Organization. International Quarantine.,1,1,59
subjects[].heading,World Health Organization. Regional Office for the Western Pacific.,1,1,59
subjects[].heading,World Peace Council,1,1,59
subjects[].heading,World Petroleum Congress.,1,1,43
subjects[].heading,World Rehabilitation Fund.,1,1,286
subjects[].heading,World Relief (U.S.),1,1,286
subjects[].heading,"World Tobacco Congress (1951 : Amsterdam, Netherlands)",1,1,43
subjects[].heading,World history,1,1,306
subjects[].heading,"World's Industrial and Cotton Centennial Exposition at New Orleans, Louisiana. (1884 - 1885)",1,1,43
subjects[].heading,World's Poultry Congress.,1,1,43
subjects[].heading,"Wright, Hamilton (Hamilton Kemp), 1867-1917",1,1,43
subjects[].heading,Wroclaw (Poland),1,1,84
subjects[].heading,Württemberg (Germany : Landesbezirk),1,1,466
subjects[].heading,"X, Malcolm, 1925-1965",1,1,306
subjects[].heading,Xiamen (China),1,1,84
subjects[].heading,Xuân Thuy,1,1,59
subjects[].heading,YWCA,1,1,466
subjects[].heading,Yalta Conference. (02/04/1945 - 02/11/1945),1,1,59
subjects[].heading,"Yang, Yu, Chinese diplomat",1,1,59
subjects[].heading,"Yankee Stadium (New York, N.Y.)",1,1,306
subjects[].heading,"Yaounde Convention, 1963",1,1,59
subjects[].heading,Yaqui River (Mexico),1,1,76
subjects[].heading,"Yates, John Melvin, 1939-",1,1,84
subjects[].heading,"Yeh, George K. C. (George Kung-chao), 1904-",1,1,59
subjects[].heading,Yerevan (Armenia),1,1,286
subjects[].heading,Yokkaichi-shi (Japan),1,1,84
subjects[].heading,"Young, Johnny, 1940-",1,1,84
subjects[].heading,"Young, Murat Bernard, 1901-1973",1,1,208
subjects[].heading,Yukon,1,1,59
subjects[].heading,Yuscarán (Honduras),1,1,84
subjects[].heading,"Zacatecas (Zacatecas, Mexico)",1,1,84
subjects[].heading,"Zacharias, Jerrold Reinach, 1905-1986",1,1,286
subjects[].heading,"Zadig, Bertrand, 1904 ?-1956",1,1,208
subjects[].heading,Zakynthos (Greece),1,1,84
subjects[].heading,Zapata County (Tex.),1,1,59
subjects[].heading,"Zhivkov, Todor.",1,1,306
subjects[].heading,Zinc,1,1,59
subjects[].heading,Zittau (Germany),1,1,84
subjects[].heading,"Zoellick, Robert B. (Robert Bruce), 1953-",1,1,59
subjects[].heading,Álvaro Obregón,1,1,84
useRestriction.specificUseRestrictions[],Copyright,50052,19,43 59 63 76 84 169 182 208 229 239 286 306 353 383 420 466 469 486 490
useRestriction.specificUseRestrictions[],Public Law 101-246,58,1,306
useRestriction.specificUseRestrictions[],Other,5,4,59 84 306 466
useRestriction.specificUseRestrictions[],Donor Restrictions,2,1,306
useRestriction.specificUseRestrictions[],Trademark,1,1,490
useRestriction.status,Unrestricted,492297,22,43 59 63 76 84 169 182 208 229 239 256 268 278 286 306 353 383 420 466 469 486 490
useRestriction.status,Restricted - Possibly,259289,22,43 59 63 76 84 169 182 208 229 239 256 268 278 286 306 353 383 420 466 469 486 490
useRestriction.status,Undetermined,153,6,59 208 286 306 383 490
useRestriction.status,Restricted - Partly,140,8,43 59 84 208 286 306 469 490
useRestriction.status,Restricted - Fully,1,1,59
variantControlNumbers[].type,HMS/MLR Entry Number,26901,22,43 59 63 76 84 169 182 208 229 239 256 268 278 286 306 353 383 420 466 469 486 490
variantControlNumbers[].type,Declassification Project Number,20074,19,43 59 76 84 169 182 208 229 239 268 286 306 353 383 420 466 469 486 490
variantControlNumbers[].type,Former HMS/MLR Entry Number,16387,17,43 59 76 84 169 182 208 239 256 286 306 353 383 420 466 469 490
variantControlNumbers[].type,Search Identifier,8826,5,43 59 84 239 306
variantControlNumbers[].type,Agency-Assigned Identifier,8703,9,43 59 84 286 306 353 420 466 469
variantControlNumbers[].type,HMS Record Entry ID,6967,19,43 59 63 76 84 169 182 208 229 239 286 306 353 383 420 466 469 486 490
variantControlNumbers[].type,State Department Lot File Number,5197,10,43 59 76 84 169 286 306 353 383 469
variantControlNumbers[].type,XMIS Number,3107,4,59 286 306 383
variantControlNumbers[].type,Former ARC Identifier,1769,5,43 59 84 306 469
variantControlNumbers[].type,Ref ID,1581,4,59 286 306 490
variantControlNumbers[].type,HMS Asset ID,991,7,43 59 76 84 208 286 306
variantControlNumbers[].type,Former HMS Record Entry ID,757,11,43 59 76 84 169 208 286 306 420 469 490
variantControlNumbers[].type,NAIL Control Number,374,15,43 59 63 76 84 169 182 208 229 239 268 286 306 469 490
variantControlNumbers[].type,Agency Disposition Number,280,3,59 84 286
variantControlNumbers[].type,Reparative Description Identifier,270,10,59 63 76 84 208 229 286 306 466 469
variantControlNumbers[].type,Inventory Entry Number,184,5,59 76 256 286 420
variantControlNumbers[].type,Former National Archives Identifier,177,10,43 59 76 84 169 286 306 420 469 490
variantControlNumbers[].type,Download Display Identifier,65,3,59 286 306
variantControlNumbers[].type,Other Identifier,47,6,59 84 286 306 383 490
variantControlNumbers[].type,Former Local Identifier,28,5,43 59 76 84 306
variantControlNumbers[].type,FOIA Tracking Number,14,4,59 84 286 469
variantControlNumbers[].type,PRESNET Number,3,1,59
variantControlNumbers[].type,ReDiscovery Number,2,2,84 208
variantControlNumbers[].type,Kennedy Assassination Document ID,1,1,59
variantControlNumbers[].type,Legislative Transfer Number,1,1,306
variantControlNumbers[].type,Off-Site Storage Transaction Number,1,1,268
variantControlNumbers[].type,Preliminary Checklist Identifier,1,1,306
variantControlNumbers[].type,Select List Identifier,1,1,59
