cause,confidence,source_volume,source_document,file,line,byte_offset,target,printed_reference,suggested_target,note
page-number-typo,question,frus1872p2v3,d29,frus1872p2v3.xml,45329,3509089,#pg_700,700,,The volume ends at p. 654; the table's neighbours are 397 and 418.
wrong-volume,confirmed,frus1875v02,,frus1875v02.xml,60780,5068833,#pg_678,678,frus1875v01#pg_678,The index serves both volumes; p. 678 is in Volume I.
page-number-typo,question,frus1880,,frus1880.xml,99259,8183102,#pg_1177,1177,frus1880#pg_977,The range reads 974-1177 and the volume ends at p. 1091; the Kummeran case ends on p. 977.
wrong-volume,confirmed,frus1890,d318,frus1890.xml,52794,4361423,frus1873p2v2#pg_1206,"Foreign Relations, 1873, part 2, pp. 1206",frus1873p1v2#pg_1206,No frus1873p2v2 exists. The passage quoted is on p. 1208 of frus1873p1v2.
wrong-volume,confirmed,frus1890,d318,frus1890.xml,52795,4361540,frus1873p2v2#pg_1208,1208,frus1873p1v2#pg_1208,"The sentence quoted (""equal security over every sea"") is on this page."
page-number-typo,question,frus1895p2,,frus1895p2.xml,75509,5681149,#pg_10346,10346,frus1895p2#pg_1034,The range reads 1025-10346.
wrong-volume,confirmed,frus1901,d445,frus1901.xml,48057,3951029,frus1877#pg_1077,"Foreign Relations, 1887, pp. 1077",frus1887#pg_1077,"The text cites Foreign Relations, 1887; the target names 1877."
wrong-volume,confirmed,frus1901,d445,frus1901.xml,48059,3951165,frus1877#pg_1078,1078,frus1887#pg_1078,"The text cites Foreign Relations, 1887; the target names 1877."
wrong-volume,confirmed,frus1904,d284,frus1904.xml,39794,3042487,frus1873p2v3#pg_1191,"For. Rel. 1873, pt. 2, p. 1191",frus1873p1v2#pg_1191,"The sentence quoted (""to all intents and purposes aliens"") is on this page."
wrong-volume,confirmed,frus1909,,frus1909.xml,37992,3008450,frus1907p1#pg_708,"Foreign Relations, 1907, p. 708",frus1907p2#pg_708,Part 1 ends at p. 587.
wrong-volume,confirmed,frus1909,,frus1909.xml,55413,4534188,frus1907p1#pg_840,"Foreign Relations, 1907, p. 840",frus1907p2#pg_840,Part 1 ends at p. 587.
wrong-volume,confirmed,frus1909,d614,frus1909.xml,55662,4555068,frus1907p1#pg_840,"For. Rels., 1907, p. 840",frus1907p2#pg_840,Part 1 ends at p. 587.
wrong-volume,confirmed,frus1910,d703,frus1910.xml,66815,5421745,frus1907p1#pg_773,"Foreign Relations, 1907, p. 773",frus1907p2#pg_773,Part 1 ends at p. 587.
wrong-volume,confirmed,frus1910,d951,frus1910.xml,79537,6529743,frus1907p1#pg_1058,"Foreign Relations, 1907, p. 1058",frus1907p2#pg_1058,Part 1 ends at p. 587.
wrong-volume,confirmed,frus1913,,frus1913.xml,73227,5119370,frus1906p1#pg_1432,"For. Rel. 1906, p. 1432",frus1906p2#pg_1432,Part 1 ends at p. 868.
page-beyond-volume,question,frus1913,d1456,frus1913.xml,123414,8941679,frus1897#pg_1076,"1897, page 1076",frus1887#pg_1076,"frus1897 ends at p. 610. Bayard to Kloss, on the protection of Swiss citizens, is on p. 1076 of 1887."
wrong-volume,confirmed,frus1913,,frus1913.xml,142750,10468909,frus1888#pg_1544,"For. Rel. 1888, p. 1544",frus1888p2#pg_1544,No frus1888 exists; p. 1544 is in Part 2.
page-number-typo,question,frus1913,,frus1913.xml,147788,10820480,#pg_3413,3413,frus1913#pg_1413,The range reads 1375-3413; the volume ends at p. 1444.
wrong-volume,confirmed,frus1914-20v02,d92,frus1914-20v02.xml,18056,1167863,frus1917Supp01v01#pg_805,"Ibid. , p. 805",frus1918Supp01v01#pg_805,"Ibid. follows a citation of Foreign Relations, 1918, supp. 1, vol. I; telegram 1635 is on this page."
page-number-typo,question,frus1917Supp02v02,,frus1917Supp02v02.xml,51834,3790644,#pg_1518,1518,frus1917Supp02v02#pg_1158,The range reads 1154-1518; the volume ends at p. 1323.
letter-case,confirmed,frus1918,,frus1918.xml,96252,7309936,#pg_xviii,xviii,frus1918#pg_XVIII,The id is pg_XVIII; the target writes pg_xviii.
page-number-typo,question,frus1919Parisv07,,frus1919Parisv07.xml,61717,5019474,#pg_5921,5921,frus1919Parisv07#pg_592,The range reads 590-5921.
not-a-defect-forward-reference,not-a-defect,frus1919Parisv12,d10,frus1919Parisv12.xml,12581,766661,frus1900-18Index#pg_420,"Foreign Relations , General Index, 1900–1918, p. 420",,The target volume is not yet digitized: its file holds no documents and no pages.
wrong-volume,confirmed,frus1923v01,d125,frus1923v01.xml,27921,2058302,frus1907p1#pg_1239,"Foreign Relations , 1907, pt. 1, p. 1239",frus1907p2#pg_1239,"The text reads ""pt. 1"", which ends at p. 587; the Hague convention cited is on p. 1239 of Part 2."
wrong-volume,question,frus1923v02,d775,frus1923v02.xml,69576,5648987,frus1873p2v3#pg_1100,"Pt. ii , pp. 1100",frus1873p1v2#pg_1100,"frus1873p2v3 ends at p. 424. In the other two citations of ""1873, part 2"" the page is in frus1873p1v2."
page-beyond-volume,question,frus1928v02,d931,frus1928v02.xml,72156,5928518,frus1910#pg_1000,"Foreign Relations , 1910, p. 1000",,frus1910 ends at p. 884; the instruction cited is dated 1912.
wrong-volume,confirmed,frus1928v02,d937,frus1928v02.xml,72875,5991397,frus1907p2#pg_548,"Ibid ., 1907, pt. ii , p. 548",frus1907p1#pg_548,Part 2 begins at p. 589; the Borneo correspondence cited is on p. 548 of Part 1.
not-a-defect-forward-reference,not-a-defect,frus1932v05,d597,frus1932v05.xml,59638,4202662,frus1900-18Index#pg_202,"Foreign Relations , General Index, 1900–1918, p. 202",,The target volume is not yet digitized: its file holds no documents and no pages.
page-number-typo,question,frus1933v03,,frus1933v03.xml,59782,4809317,#pg_878,878,frus1933v03#pg_378,The range reads 377-878; the volume ends at p. 794.
page-number-typo,question,frus1933v03,,frus1933v03.xml,61613,4977797,#pg_871,871,frus1933v03#pg_371,The range reads 370-871; the volume ends at p. 794.
not-a-defect-forward-reference,not-a-defect,frus1933v04,d56,frus1933v04.xml,17649,1199452,frus1900-18Index#pg_202,"Foreign Relations , General Index, 1900–1918, p. 202",,The target volume is not yet digitized: its file holds no documents and no pages.
not-a-defect-forward-reference,not-a-defect,frus1933v04,d56,frus1933v04.xml,17982,1229112,frus1900-18Index#pg_202,"Foreign Relations , General Index, 1900–1918, p. 202",,The target volume is not yet digitized: its file holds no documents and no pages.
not-a-defect-forward-reference,not-a-defect,frus1933v04,d68,frus1933v04.xml,23365,1725479,frus1900-18Index#pg_420,"ibid. , General Index, 1900–1918, p. 420",,The target volume is not yet digitized: its file holds no documents and no pages.
page-number-typo,question,frus1937v04,,frus1937v04.xml,62946,5275865,#pg_920,920,frus1937v04#pg_820,"The run reads 819-920, 821, 822; the volume ends at p. 911."
page-beyond-volume,question,frus1939v04,,frus1939v04.xml,34788,2838795,frus1938v04#pg_662,"Foreign Relations , 1938, vol. iv , pp. 662",,frus1938v04 ends at p. 638.
page-number-typo,question,frus1944v03,,frus1944v03.xml,113649,9081272,#pg_4276,4276,frus1944v03#pg_1276,The range reads 1275-4276.
page-number-typo,question,frus1944v04,,frus1944v04.xml,104529,8212392,#pg_12227,12227,frus1944v04#pg_1227,The range reads 1226-12227.
index-id-never-assigned,confirmed,frus1945-50Intel,,frus1945-50Intel.xml,73807,5873574,#in3,Joint Chiefs of Staff,,"An index ""See"" reference to an entry id the index does not carry."
index-id-never-assigned,confirmed,frus1945-50Intel,,frus1945-50Intel.xml,73808,5873650,#in4,Lovett Board proposal,,"An index ""See"" reference to an entry id the index does not carry."
index-id-never-assigned,confirmed,frus1945-50Intel,,frus1945-50Intel.xml,73898,5881352,#in9,Intelligence Advisory Board,,"An index ""See"" reference to an entry id the index does not carry."
index-id-never-assigned,confirmed,frus1945-50Intel,,frus1945-50Intel.xml,73899,5881434,#in3,Joint Chiefs of Staff,,"An index ""See"" reference to an entry id the index does not carry."
index-id-never-assigned,confirmed,frus1945-50Intel,,frus1945-50Intel.xml,73905,5881929,#in10,Atomic energy intelligence,,"An index ""See"" reference to an entry id the index does not carry."
index-id-never-assigned,confirmed,frus1945-50Intel,,frus1945-50Intel.xml,73941,5884765,#in11,Basic intelligence,,"An index ""See"" reference to an entry id the index does not carry."
index-id-never-assigned,confirmed,frus1945-50Intel,,frus1945-50Intel.xml,73941,5884811,#in12,Intelligence Directives,,"An index ""See"" reference to an entry id the index does not carry."
index-id-never-assigned,confirmed,frus1945-50Intel,,frus1945-50Intel.xml,73944,5884967,#in13,National Security Council,,"An index ""See"" reference to an entry id the index does not carry."
index-id-never-assigned,confirmed,frus1945-50Intel,,frus1945-50Intel.xml,73944,5885020,#in14,National intelligence production,,"An index ""See"" reference to an entry id the index does not carry."
index-id-never-assigned,confirmed,frus1945-50Intel,,frus1945-50Intel.xml,74062,5894593,#in15,Psychological and political warfare,,"An index ""See"" reference to an entry id the index does not carry."
index-id-never-assigned,confirmed,frus1945-50Intel,,frus1945-50Intel.xml,74283,5913264,#in16,Central Intelligence Group,,"An index ""See"" reference to an entry id the index does not carry."
index-id-never-assigned,confirmed,frus1945-50Intel,,frus1945-50Intel.xml,74283,5913318,#in17,Intelligence Advisory Committee,,"An index ""See"" reference to an entry id the index does not carry."
index-id-never-assigned,confirmed,frus1945-50Intel,,frus1945-50Intel.xml,74361,5920262,#in18,Operations Division,,"An index ""See"" reference to an entry id the index does not carry."
index-id-never-assigned,confirmed,frus1945-50Intel,,frus1945-50Intel.xml,74362,5920370,#in15,Psychological and political warfare,,"An index ""See"" reference to an entry id the index does not carry."
index-id-never-assigned,confirmed,frus1945-50Intel,,frus1945-50Intel.xml,74371,5921201,#in14,National intelligence production,,"An index ""See"" reference to an entry id the index does not carry."
index-id-never-assigned,confirmed,frus1945-50Intel,,frus1945-50Intel.xml,74391,5922947,#in18,Operations Division,,"An index ""See"" reference to an entry id the index does not carry."
index-id-never-assigned,confirmed,frus1945-50Intel,,frus1945-50Intel.xml,74445,5927658,#in19,Office of Special Operations,,"An index ""See"" reference to an entry id the index does not carry."
index-id-never-assigned,confirmed,frus1945-50Intel,,frus1945-50Intel.xml,74484,5930956,#in9,Intelligence Advisory Board,,"An index ""See"" reference to an entry id the index does not carry."
index-id-never-assigned,confirmed,frus1945-50Intel,,frus1945-50Intel.xml,74486,5931126,#in14,National intelligence production,,"An index ""See"" reference to an entry id the index does not carry."
index-id-never-assigned,confirmed,frus1945-50Intel,,frus1945-50Intel.xml,74487,5931214,#in23,National intelligence structure planning,,"An index ""See"" reference to an entry id the index does not carry."
index-id-never-assigned,confirmed,frus1945-50Intel,,frus1945-50Intel.xml,74497,5931952,#in24,Statutory basis,,"An index ""See"" reference to an entry id the index does not carry."
index-id-never-assigned,confirmed,frus1945-50Intel,,frus1945-50Intel.xml,74576,5938726,#in14,National intelligence production,,"An index ""See"" reference to an entry id the index does not carry."
index-id-never-assigned,confirmed,frus1945-50Intel,,frus1945-50Intel.xml,74583,5939343,#in14,National intelligence production,,"An index ""See"" reference to an entry id the index does not carry."
index-id-never-assigned,confirmed,frus1945-50Intel,,frus1945-50Intel.xml,74583,5939403,#in25,Office of Reports and Estimates,,"An index ""See"" reference to an entry id the index does not carry."
index-id-never-assigned,confirmed,frus1945-50Intel,,frus1945-50Intel.xml,74804,5957837,#in4,Lovett Board,,"An index ""See"" reference to an entry id the index does not carry."
index-id-never-assigned,confirmed,frus1945-50Intel,,frus1945-50Intel.xml,74831,5960199,#in27,Authority controversy,,"An index ""See"" reference to an entry id the index does not carry."
index-id-never-assigned,confirmed,frus1945-50Intel,,frus1945-50Intel.xml,74831,5960248,#in28,Dulles Report,,"An index ""See"" reference to an entry id the index does not carry."
index-id-never-assigned,confirmed,frus1945-50Intel,,frus1945-50Intel.xml,74856,5962207,#in29,Eberstadt Committee,,"An index ""See"" reference to an entry id the index does not carry."
index-id-never-assigned,confirmed,frus1945-50Intel,,frus1945-50Intel.xml,74893,5965312,#in30,Intelligence Survey Group,,"An index ""See"" reference to an entry id the index does not carry."
index-id-never-assigned,confirmed,frus1945-50Intel,,frus1945-50Intel.xml,74905,5966307,#in15,Psychological and political warfare,,"An index ""See"" reference to an entry id the index does not carry."
index-id-never-assigned,confirmed,frus1945-50Intel,,frus1945-50Intel.xml,74910,5966711,#in4,Lovett Board,,"An index ""See"" reference to an entry id the index does not carry."
index-id-never-assigned,confirmed,frus1945-50Intel,,frus1945-50Intel.xml,74970,5971761,#in3,Joint Chiefs of Staff,,"An index ""See"" reference to an entry id the index does not carry."
index-id-never-assigned,confirmed,frus1945-50Intel,,frus1945-50Intel.xml,75035,5977013,#in28,Dulles Report,,"An index ""See"" reference to an entry id the index does not carry."
index-id-never-assigned,confirmed,frus1945-50Intel,,frus1945-50Intel.xml,75036,5977121,#in30,Intelligence Survey Group,,"An index ""See"" reference to an entry id the index does not carry."
index-id-never-assigned,confirmed,frus1945-50Intel,,frus1945-50Intel.xml,75250,5995109,#in15,Psychological and political warfare,,"An index ""See"" reference to an entry id the index does not carry."
index-id-never-assigned,confirmed,frus1945-50Intel,,frus1945-50Intel.xml,75385,6006860,#in15,Psychological and political warfare,,"An index ""See"" reference to an entry id the index does not carry."
index-id-never-assigned,confirmed,frus1945-50Intel,,frus1945-50Intel.xml,75504,6017127,#in31,Fortier Committee,,"An index ""See"" reference to an entry id the index does not carry."
index-id-never-assigned,confirmed,frus1945-50Intel,,frus1945-50Intel.xml,75851,6046526,#in29,Eberstadt Committee,,"An index ""See"" reference to an entry id the index does not carry."
index-id-never-assigned,confirmed,frus1945-50Intel,,frus1945-50Intel.xml,75973,6056846,#in27,Authority controversy,,"An index ""See"" reference to an entry id the index does not carry."
index-id-never-assigned,confirmed,frus1945-50Intel,,frus1945-50Intel.xml,75973,6056895,#in17,Intelligence Advisory Committee,,"An index ""See"" reference to an entry id the index does not carry."
index-id-never-assigned,confirmed,frus1945-50Intel,,frus1945-50Intel.xml,76035,6062262,#in9,Intelligence Advisory Board,,"An index ""See"" reference to an entry id the index does not carry."
index-id-never-assigned,confirmed,frus1945-50Intel,,frus1945-50Intel.xml,76087,6066755,#in14,National intelligence production,,"An index ""See"" reference to an entry id the index does not carry."
index-id-never-assigned,confirmed,frus1945-50Intel,,frus1945-50Intel.xml,76089,6066924,#in14,National intelligence production,,"An index ""See"" reference to an entry id the index does not carry."
index-id-never-assigned,confirmed,frus1945-50Intel,,frus1945-50Intel.xml,76091,6067100,#in28,Dulles Report,,"An index ""See"" reference to an entry id the index does not carry."
index-id-never-assigned,confirmed,frus1945-50Intel,,frus1945-50Intel.xml,76132,6070341,#in30,Intelligence Survey Group,,"An index ""See"" reference to an entry id the index does not carry."
index-id-never-assigned,confirmed,frus1945-50Intel,,frus1945-50Intel.xml,76139,6070879,#in4,"Lovett Board, Proposal",,"An index ""See"" reference to an entry id the index does not carry."
index-id-never-assigned,confirmed,frus1945-50Intel,,frus1945-50Intel.xml,76194,6075361,#in31,JCS 1181/5,,"An index ""See"" reference to an entry id the index does not carry."
index-id-never-assigned,confirmed,frus1945-50Intel,,frus1945-50Intel.xml,76487,6099591,#in4,Lovett Board,,"An index ""See"" reference to an entry id the index does not carry."
index-id-never-assigned,confirmed,frus1945-50Intel,,frus1945-50Intel.xml,76585,6107829,#in4,Lovett Board,,"An index ""See"" reference to an entry id the index does not carry."
index-id-never-assigned,confirmed,frus1945-50Intel,,frus1945-50Intel.xml,76670,6115036,#in32,McCormack proposal,,"An index ""See"" reference to an entry id the index does not carry."
index-id-never-assigned,confirmed,frus1945-50Intel,,frus1945-50Intel.xml,76818,6127558,#in33,McNarney Report,,"An index ""See"" reference to an entry id the index does not carry."
index-id-never-assigned,confirmed,frus1945-50Intel,,frus1945-50Intel.xml,76820,6127698,#in28,Dulles Report,,"An index ""See"" reference to an entry id the index does not carry."
index-id-never-assigned,confirmed,frus1945-50Intel,,frus1945-50Intel.xml,76830,6128579,#in34,Scientific intelligence,,"An index ""See"" reference to an entry id the index does not carry."
index-id-never-assigned,confirmed,frus1945-50Intel,,frus1945-50Intel.xml,76885,6133037,#in27,Authority controversy,,"An index ""See"" reference to an entry id the index does not carry."
index-id-never-assigned,confirmed,frus1945-50Intel,,frus1945-50Intel.xml,76885,6133086,#in16,Central Intelligence Group,,"An index ""See"" reference to an entry id the index does not carry."
index-id-never-assigned,confirmed,frus1945-50Intel,,frus1945-50Intel.xml,76967,6140092,#in11,Basic intelligence,,"An index ""See"" reference to an entry id the index does not carry."
index-id-never-assigned,confirmed,frus1945-50Intel,,frus1945-50Intel.xml,77119,6153052,#in31,JCS 1181/5,,"An index ""See"" reference to an entry id the index does not carry."
index-id-never-assigned,confirmed,frus1945-50Intel,,frus1945-50Intel.xml,77120,6153173,#in23,National intelligence structure planning,,"An index ""See"" reference to an entry id the index does not carry."
index-id-never-assigned,confirmed,frus1945-50Intel,,frus1945-50Intel.xml,77123,6153404,#in4,Lovett Board,,"An index ""See"" reference to an entry id the index does not carry."
index-id-never-assigned,confirmed,frus1945-50Intel,,frus1945-50Intel.xml,77125,6153538,#in36,Three Secretaries’ meetings,,"An index ""See"" reference to an entry id the index does not carry."
index-id-never-assigned,confirmed,frus1945-50Intel,,frus1945-50Intel.xml,77125,6153595,#in37,Truman interdepartmental group directive,,"An index ""See"" reference to an entry id the index does not carry."
index-id-never-assigned,confirmed,frus1945-50Intel,,frus1945-50Intel.xml,77187,6159012,#in13,National Security Council,,"An index ""See"" reference to an entry id the index does not carry."
index-id-never-assigned,confirmed,frus1945-50Intel,,frus1945-50Intel.xml,77294,6168043,#in33,McNarney Report,,"An index ""See"" reference to an entry id the index does not carry."
index-id-never-assigned,confirmed,frus1945-50Intel,,frus1945-50Intel.xml,77297,6168259,#in28,Dulles Report,,"An index ""See"" reference to an entry id the index does not carry."
index-id-never-assigned,confirmed,frus1945-50Intel,,frus1945-50Intel.xml,77424,6179283,#in30,Intelligence Survey Group,,"An index ""See"" reference to an entry id the index does not carry."
index-id-never-assigned,confirmed,frus1945-50Intel,,frus1945-50Intel.xml,77448,6181439,#in38,Inteliigence Advisory Board,,"An index ""See"" reference to an entry id the index does not carry."
index-id-never-assigned,confirmed,frus1945-50Intel,,frus1945-50Intel.xml,77449,6181522,#in3,Joint Chiefs of Staff,,"An index ""See"" reference to an entry id the index does not carry."
index-id-never-assigned,confirmed,frus1945-50Intel,,frus1945-50Intel.xml,77490,6184854,#in40,State Department intelligence operations,,"An index ""See"" reference to an entry id the index does not carry."
index-id-never-assigned,confirmed,frus1945-50Intel,,frus1945-50Intel.xml,77490,6184922,#in41,Strategic Services Unit,,"An index ""See"" reference to an entry id the index does not carry."
index-id-never-assigned,confirmed,frus1945-50Intel,,frus1945-50Intel.xml,77626,6196317,#in41,Strategic Services Unit,,"An index ""See"" reference to an entry id the index does not carry."
index-id-never-assigned,confirmed,frus1945-50Intel,,frus1945-50Intel.xml,77719,6204349,#in44,NSC 4 Series,,"An index ""See"" reference to an entry id the index does not carry."
index-id-never-assigned,confirmed,frus1945-50Intel,,frus1945-50Intel.xml,77730,6205311,#in45,CIA Special Projects Office,,"An index ""See"" reference to an entry id the index does not carry."
index-id-never-assigned,confirmed,frus1945-50Intel,,frus1945-50Intel.xml,77758,6207582,#in4,Lovett Board,,"An index ""See"" reference to an entry id the index does not carry."
index-id-never-assigned,confirmed,frus1945-50Intel,,frus1945-50Intel.xml,77780,6209523,#in4,Lovett Board,,"An index ""See"" reference to an entry id the index does not carry."
index-id-never-assigned,confirmed,frus1945-50Intel,,frus1945-50Intel.xml,77939,6222217,#in15,Psychological and political warfare,,"An index ""See"" reference to an entry id the index does not carry."
index-id-never-assigned,confirmed,frus1945-50Intel,,frus1945-50Intel.xml,78124,6237534,#in46,"Psychological, and political warfare",,"An index ""See"" reference to an entry id the index does not carry."
index-id-never-assigned,confirmed,frus1945-50Intel,,frus1945-50Intel.xml,78130,6238095,#in47,“Four Problems” papers,,"An index ""See"" reference to an entry id the index does not carry."
index-id-never-assigned,confirmed,frus1945-50Intel,,frus1945-50Intel.xml,78132,6238225,#in28,Dulles Report,,"An index ""See"" reference to an entry id the index does not carry."
index-id-never-assigned,confirmed,frus1945-50Intel,,frus1945-50Intel.xml,78133,6238333,#in32,McCormack proposal,,"An index ""See"" reference to an entry id the index does not carry."
index-id-never-assigned,confirmed,frus1945-50Intel,,frus1945-50Intel.xml,78134,6238451,#in40,State Department intelligence operations,,"An index ""See"" reference to an entry id the index does not carry."
index-id-never-assigned,confirmed,frus1945-50Intel,,frus1945-50Intel.xml,78135,6238547,#in48,State Department,,"An index ""See"" reference to an entry id the index does not carry."
index-id-never-assigned,confirmed,frus1945-50Intel,,frus1945-50Intel.xml,78270,6249725,#in11,Basic intelligence,,"An index ""See"" reference to an entry id the index does not carry."
index-id-never-assigned,confirmed,frus1945-50Intel,,frus1945-50Intel.xml,78294,6251684,#in27,Authority controversy,,"An index ""See"" reference to an entry id the index does not carry."
index-id-never-assigned,confirmed,frus1945-50Intel,,frus1945-50Intel.xml,78294,6251733,#in14,National intelligence production,,"An index ""See"" reference to an entry id the index does not carry."
index-id-never-assigned,confirmed,frus1945-50Intel,,frus1945-50Intel.xml,78467,6266062,#in37,Truman interdepartmental group directive,,"An index ""See"" reference to an entry id the index does not carry."
index-id-never-assigned,confirmed,frus1945-50Intel,,frus1945-50Intel.xml,78723,6287843,#in9,Intelligence Advisory Board,,"An index ""See"" reference to an entry id the index does not carry."
index-id-never-assigned,confirmed,frus1945-50Intel,,frus1945-50Intel.xml,78724,6287925,#in3,Joint Chiefs of Staff,,"An index ""See"" reference to an entry id the index does not carry."
index-id-never-assigned,confirmed,frus1945-50Intel,,frus1945-50Intel.xml,78725,6288001,#in41,Strategic Services Unit,,"An index ""See"" reference to an entry id the index does not carry."
not-a-defect-forward-reference,not-a-defect,frus1945v01,d310,frus1945v01.xml,114070,9074545,frus1900-18Index#pg_316,"Foreign Relations , General Index, 1900–1918, p. 316",,The target volume is not yet digitized: its file holds no documents and no pages.
wrong-volume,confirmed,frus1946v08,,frus1946v08.xml,55372,4549612,frus1946v06#pg_1158,"Foreign Relations , 1946, vol. vi , pp. 1158",frus1945v06#pg_1158,"The text reads 1946, vol. VI, which ends at p. 993; the Netherlands East Indies compilation the note calls ""previous documentation"" begins on p. 1158 of 1945, vol. VI."
page-beyond-volume,question,frus1951v02,d764,frus1951v02.xml,102281,8117828,frus1950v01#pg_1245,"vol. i , pp. 1245",,frus1950v01 ends at p. 952.
missing-hash,confirmed,frus1951v03p2,,frus1951v03p2.xml,68023,5418206,pg_1602,1602,frus1951v03p2#pg_1602,"target=""pg_1602"" lacks the #."
index-id-never-assigned,confirmed,frus1952-54v08,,frus1952-54v08.xml,99148,8424343,#in1,“The Chance for Peace” speech,,"An index ""See"" reference to an entry id the index does not carry."
index-id-never-assigned,confirmed,frus1952-54v08,,frus1952-54v08.xml,99181,8427047,#in2,Disarmament,,"An index ""See"" reference to an entry id the index does not carry."
index-id-never-assigned,confirmed,frus1952-54v08,,frus1952-54v08.xml,99200,8428731,#in3,Nuclear weapons,,"An index ""See"" reference to an entry id the index does not carry."
index-id-never-assigned,confirmed,frus1952-54v08,,frus1952-54v08.xml,99491,8453497,#in5,"Germany, Democratic Republic of",,"An index ""See"" reference to an entry id the index does not carry."
index-id-never-assigned,confirmed,frus1952-54v08,,frus1952-54v08.xml,100055,8502342,#in9,Kersten Amendment,,"An index ""See"" reference to an entry id the index does not carry."
index-id-never-assigned,confirmed,frus1952-54v08,,frus1952-54v08.xml,100150,8510175,#in10,United Nations,,"An index ""See"" reference to an entry id the index does not carry."
index-id-never-assigned,confirmed,frus1952-54v08,,frus1952-54v08.xml,101015,8585122,#in16,"Tripartite Declaration, 1948",,"An index ""See"" reference to an entry id the index does not carry."
index-id-never-assigned,confirmed,frus1952-54v08,,frus1952-54v08.xml,101017,8585283,#in17,Trieste issue,,"An index ""See"" reference to an entry id the index does not carry."
index-id-never-assigned,confirmed,frus1952-54v08,,frus1952-54v08.xml,101045,8587650,#in17,Trieste issue.,,"An index ""See"" reference to an entry id the index does not carry."
index-id-never-assigned,confirmed,frus1952-54v08,,frus1952-54v08.xml,101343,8613314,#in19,Military Facilities Agreement,,"An index ""See"" reference to an entry id the index does not carry."
index-id-never-assigned,confirmed,frus1952-54v08,,frus1952-54v08.xml,101679,8641620,#in17,Trieste issue,,"An index ""See"" reference to an entry id the index does not carry."
index-id-never-assigned,confirmed,frus1952-54v08,,frus1952-54v08.xml,102030,8671929,#in9,"Congress, U.S.: Acts of",,"An index ""See"" reference to an entry id the index does not carry."
index-id-never-assigned,confirmed,frus1952-54v08,,frus1952-54v08.xml,102906,8746603,#in22,Murphy mission,,"An index ""See"" reference to an entry id the index does not carry."
index-id-never-assigned,confirmed,frus1952-54v08,,frus1952-54v08.xml,102909,8746812,#in17,Trieste issue,,"An index ""See"" reference to an entry id the index does not carry."
index-id-never-assigned,confirmed,frus1952-54v08,,frus1952-54v08.xml,103646,8809055,#in44,Escapee programs,,"An index ""See"" reference to an entry id the index does not carry."
index-id-never-assigned,confirmed,frus1952-54v08,,frus1952-54v08.xml,103647,8809184,#in49,Volunteer Freedom Corps,,"An index ""See"" reference to an entry id the index does not carry."
index-id-never-assigned,confirmed,frus1952-54v08,,frus1952-54v08.xml,103658,8810075,#in24,President’s Escapee Program,,"An index ""See"" reference to an entry id the index does not carry."
index-id-never-assigned,confirmed,frus1952-54v08,,frus1952-54v08.xml,104151,8852147,#in25,"Western powers, military cooperation with",,"An index ""See"" reference to an entry id the index does not carry."
index-id-never-assigned,confirmed,frus1952-54v08,,frus1952-54v08.xml,104153,8852292,#in51,Yugoslavia,,"An index ""See"" reference to an entry id the index does not carry."
index-id-never-assigned,confirmed,frus1952-54v08,,frus1952-54v08.xml,104234,8859415,#in50,Labor Service Organization,,"An index ""See"" reference to an entry id the index does not carry."
index-id-never-assigned,confirmed,frus1952-54v08,,frus1952-54v08.xml,104234,8859469,#in49,Volunteer Freedom Corps,,"An index ""See"" reference to an entry id the index does not carry."
index-id-never-assigned,confirmed,frus1952-54v08,,frus1952-54v08.xml,104426,8876289,#in27,“Doctors’ plot”,,"An index ""See"" reference to an entry id the index does not carry."
index-id-never-assigned,confirmed,frus1952-54v08,,frus1952-54v08.xml,104459,8879308,#in28,Stalin ’s illness and death,,"An index ""See"" reference to an entry id the index does not carry."
index-id-never-assigned,confirmed,frus1952-54v08,,frus1952-54v08.xml,105050,8930873,#in30,Balkan Pact,,"An index ""See"" reference to an entry id the index does not carry."
index-id-never-assigned,confirmed,frus1952-54v08,,frus1952-54v08.xml,105052,8931039,#in30,Balkan Pact,,"An index ""See"" reference to an entry id the index does not carry."
index-id-never-assigned,confirmed,frus1952-54v08,,frus1952-54v08.xml,105055,8931253,#in30,Balkan Pact,,"An index ""See"" reference to an entry id the index does not carry."
index-id-never-assigned,confirmed,frus1952-54v08,,frus1952-54v08.xml,105159,8940389,#in31,Four- or five-power conference proposal,,"An index ""See"" reference to an entry id the index does not carry."
index-id-never-assigned,confirmed,frus1952-54v08,,frus1952-54v08.xml,105191,8943313,#in39,Italian political situation,,"An index ""See"" reference to an entry id the index does not carry."
index-id-never-assigned,confirmed,frus1952-54v08,,frus1952-54v08.xml,105227,8946521,#in31,Four- or five-power conference proposal,,"An index ""See"" reference to an entry id the index does not carry."
index-id-never-assigned,confirmed,frus1952-54v08,,frus1952-54v08.xml,105344,8956876,#in33,Slovene credit and cultural institutions,,"An index ""See"" reference to an entry id the index does not carry."
index-id-never-assigned,confirmed,frus1952-54v08,,frus1952-54v08.xml,105621,8981135,#in22,Murphy mission,,"An index ""See"" reference to an entry id the index does not carry."
index-id-never-assigned,confirmed,frus1952-54v08,,frus1952-54v08.xml,105944,9009080,#in16,"Tripartite Declaration, 1948",,"An index ""See"" reference to an entry id the index does not carry."
index-id-never-assigned,confirmed,frus1952-54v08,,frus1952-54v08.xml,105946,9009241,#in17,Trieste issue,,"An index ""See"" reference to an entry id the index does not carry."
index-id-never-assigned,confirmed,frus1952-54v08,,frus1952-54v08.xml,106493,9055281,#in17,Trieste issue,,"An index ""See"" reference to an entry id the index does not carry."
index-id-never-assigned,confirmed,frus1952-54v08,,frus1952-54v08.xml,106501,9056012,#in41,Tripartite economic assistance,,"An index ""See"" reference to an entry id the index does not carry."
index-id-never-assigned,confirmed,frus1952-54v08,,frus1952-54v08.xml,106533,9058847,#in41,Tripartite economic assistance,,"An index ""See"" reference to an entry id the index does not carry."
index-id-never-assigned,confirmed,frus1952-54v08,,frus1952-54v08.xml,106554,9060557,#in25,"Western powers, military cooperation with",,"An index ""See"" reference to an entry id the index does not carry."
index-id-never-assigned,confirmed,frus1952-54v08,,frus1952-54v08.xml,106717,9074658,#in25,"Western powers, military cooperation with",,"An index ""See"" reference to an entry id the index does not carry."
index-id-never-assigned,confirmed,frus1952-54v08,,frus1952-54v08.xml,106759,9078344,#in17,Trieste issue,,"An index ""See"" reference to an entry id the index does not carry."
target-in-missing-pages,confirmed,frus1952-54v09p2,,frus1952-54v09p2.xml,63905,5332475,frus1952-54v09p1#pg_1712,1712,,Resolves once Documents 900-946 are restored to frus1952-54v09p1.
index-id-never-assigned,confirmed,frus1952-54v09p2,,frus1952-54v09p2.xml,63961,5336835,#in50,Sudan sovereignty,,"An index ""See"" reference to an entry id the index does not carry."
index-id-never-assigned,confirmed,frus1952-54v09p2,,frus1952-54v09p2.xml,63961,5336880,#in51,"Suez Canal Zone, Anglo-Egyptian negotiations",,"An index ""See"" reference to an entry id the index does not carry."
index-id-never-assigned,confirmed,frus1952-54v09p2,,frus1952-54v09p2.xml,64230,5358073,#in54,Libya,,"An index ""See"" reference to an entry id the index does not carry."
index-id-never-assigned,confirmed,frus1952-54v09p2,,frus1952-54v09p2.xml,64230,5358106,#in55,Sudan,,"An index ""See"" reference to an entry id the index does not carry."
target-in-missing-pages,confirmed,frus1952-54v09p2,,frus1952-54v09p2.xml,64343,5367095,frus1952-54v09p1#pg_1725,1725,,Resolves once Documents 900-946 are restored to frus1952-54v09p1.
index-id-never-assigned,confirmed,frus1952-54v09p2,,frus1952-54v09p2.xml,64447,5374536,#in57,Jordanian border incidents,,"An index ""See"" reference to an entry id the index does not carry."
index-id-never-assigned,confirmed,frus1952-54v09p2,,frus1952-54v09p2.xml,64454,5375052,#in40,Peace with,,"An index ""See"" reference to an entry id the index does not carry."
index-id-never-assigned,confirmed,frus1952-54v09p2,,frus1952-54v09p2.xml,64456,5375182,#in6,Israel,,"An index ""See"" reference to an entry id the index does not carry."
target-in-missing-pages,confirmed,frus1952-54v09p2,,frus1952-54v09p2.xml,64480,5377352,frus1952-54v09p1#pg_1694,1694,,Resolves once Documents 900-946 are restored to frus1952-54v09p1.
target-in-missing-pages,confirmed,frus1952-54v09p2,,frus1952-54v09p2.xml,64481,5377440,frus1952-54v09p1#pg_1700,1700,,Resolves once Documents 900-946 are restored to frus1952-54v09p1.
target-in-missing-pages,confirmed,frus1952-54v09p2,,frus1952-54v09p2.xml,64482,5377527,frus1952-54v09p1#pg_1707,1707,,Resolves once Documents 900-946 are restored to frus1952-54v09p1.
target-in-missing-pages,confirmed,frus1952-54v09p2,,frus1952-54v09p2.xml,64483,5377615,frus1952-54v09p1#pg_1715,1715,,Resolves once Documents 900-946 are restored to frus1952-54v09p1.
target-in-missing-pages,confirmed,frus1952-54v09p2,,frus1952-54v09p2.xml,64484,5377702,frus1952-54v09p1#pg_1719,1719,,Resolves once Documents 900-946 are restored to frus1952-54v09p1.
target-in-missing-pages,confirmed,frus1952-54v09p2,,frus1952-54v09p2.xml,64485,5377790,frus1952-54v09p1#pg_1725,1725,,Resolves once Documents 900-946 are restored to frus1952-54v09p1.
target-in-missing-pages,confirmed,frus1952-54v09p2,,frus1952-54v09p2.xml,64486,5377877,frus1952-54v09p1#pg_1738,1738,,Resolves once Documents 900-946 are restored to frus1952-54v09p1.
target-in-missing-pages,confirmed,frus1952-54v09p2,,frus1952-54v09p2.xml,64520,5380612,frus1952-54v09p1#pg_1684,1684,,Resolves once Documents 900-946 are restored to frus1952-54v09p1.
target-in-missing-pages,confirmed,frus1952-54v09p2,,frus1952-54v09p2.xml,64520,5380664,frus1952-54v09p1#pg_1685,1685,,Resolves once Documents 900-946 are restored to frus1952-54v09p1.
target-in-missing-pages,confirmed,frus1952-54v09p2,,frus1952-54v09p2.xml,64521,5380751,frus1952-54v09p1#pg_1693,1693,,Resolves once Documents 900-946 are restored to frus1952-54v09p1.
target-in-missing-pages,confirmed,frus1952-54v09p2,,frus1952-54v09p2.xml,64522,5380839,frus1952-54v09p1#pg_1694,1694,,Resolves once Documents 900-946 are restored to frus1952-54v09p1.
target-in-missing-pages,confirmed,frus1952-54v09p2,,frus1952-54v09p2.xml,64527,5381191,frus1952-54v09p1#pg_1677,1677,,Resolves once Documents 900-946 are restored to frus1952-54v09p1.
target-in-missing-pages,confirmed,frus1952-54v09p2,,frus1952-54v09p2.xml,64528,5381279,frus1952-54v09p1#pg_1678,1678,,Resolves once Documents 900-946 are restored to frus1952-54v09p1.
target-in-missing-pages,confirmed,frus1952-54v09p2,,frus1952-54v09p2.xml,64594,5387209,frus1952-54v09p1#pg_1668,1668,,Resolves once Documents 900-946 are restored to frus1952-54v09p1.
target-in-missing-pages,confirmed,frus1952-54v09p2,,frus1952-54v09p2.xml,64595,5387305,frus1952-54v09p1#pg_1669,1669,,Resolves once Documents 900-946 are restored to frus1952-54v09p1.
target-in-missing-pages,confirmed,frus1952-54v09p2,,frus1952-54v09p2.xml,64758,5399596,frus1952-54v09p1#pg_1732,1732,,Resolves once Documents 900-946 are restored to frus1952-54v09p1.
target-in-missing-pages,confirmed,frus1952-54v09p2,,frus1952-54v09p2.xml,64798,5402320,frus1952-54v09p1#pg_1727,1727 n,,Resolves once Documents 900-946 are restored to frus1952-54v09p1.
target-in-missing-pages,confirmed,frus1952-54v09p2,,frus1952-54v09p2.xml,64865,5407120,frus1952-54v09p1#pg_1724,1724,,Resolves once Documents 900-946 are restored to frus1952-54v09p1.
target-in-missing-pages,confirmed,frus1952-54v09p2,,frus1952-54v09p2.xml,64866,5407200,frus1952-54v09p1#pg_1725,1725,,Resolves once Documents 900-946 are restored to frus1952-54v09p1.
target-in-missing-pages,confirmed,frus1952-54v09p2,,frus1952-54v09p2.xml,64926,5411796,frus1952-54v09p1#pg_1667,1667,,Resolves once Documents 900-946 are restored to frus1952-54v09p1.
target-in-missing-pages,confirmed,frus1952-54v09p2,,frus1952-54v09p2.xml,64927,5411876,frus1952-54v09p1#pg_1669,1669,,Resolves once Documents 900-946 are restored to frus1952-54v09p1.
target-in-missing-pages,confirmed,frus1952-54v09p2,,frus1952-54v09p2.xml,65663,5470172,frus1952-54v09p1#pg_1694,1694,,Resolves once Documents 900-946 are restored to frus1952-54v09p1.
target-in-missing-pages,confirmed,frus1952-54v09p2,,frus1952-54v09p2.xml,65664,5470260,frus1952-54v09p1#pg_1695,1695,,Resolves once Documents 900-946 are restored to frus1952-54v09p1.
target-in-missing-pages,confirmed,frus1952-54v09p2,,frus1952-54v09p2.xml,65746,5477085,frus1952-54v09p1#pg_1694,1694,,Resolves once Documents 900-946 are restored to frus1952-54v09p1.
target-in-missing-pages,confirmed,frus1952-54v09p2,,frus1952-54v09p2.xml,65771,5479223,frus1952-54v09p1#pg_1702,1702,,Resolves once Documents 900-946 are restored to frus1952-54v09p1.
target-in-missing-pages,confirmed,frus1952-54v09p2,,frus1952-54v09p2.xml,65772,5479319,frus1952-54v09p1#pg_1703,1703,,Resolves once Documents 900-946 are restored to frus1952-54v09p1.
target-in-missing-pages,confirmed,frus1952-54v09p2,,frus1952-54v09p2.xml,65835,5484469,frus1952-54v09p1#pg_1677,1677,,Resolves once Documents 900-946 are restored to frus1952-54v09p1.
target-in-missing-pages,confirmed,frus1952-54v09p2,,frus1952-54v09p2.xml,65836,5484566,frus1952-54v09p1#pg_1678,1678,,Resolves once Documents 900-946 are restored to frus1952-54v09p1.
target-in-missing-pages,confirmed,frus1952-54v09p2,,frus1952-54v09p2.xml,65979,5496172,frus1952-54v09p1#pg_1715,1715,,Resolves once Documents 900-946 are restored to frus1952-54v09p1.
target-in-missing-pages,confirmed,frus1952-54v09p2,,frus1952-54v09p2.xml,65980,5496260,frus1952-54v09p1#pg_1717,1717,,Resolves once Documents 900-946 are restored to frus1952-54v09p1.
target-in-missing-pages,confirmed,frus1952-54v09p2,,frus1952-54v09p2.xml,65999,5497872,frus1952-54v09p1#pg_1663,1663,,Resolves once Documents 900-946 are restored to frus1952-54v09p1.
target-in-missing-pages,confirmed,frus1952-54v09p2,,frus1952-54v09p2.xml,66000,5497973,frus1952-54v09p1#pg_1680,1680 n,,Resolves once Documents 900-946 are restored to frus1952-54v09p1.
target-in-missing-pages,confirmed,frus1952-54v09p2,,frus1952-54v09p2.xml,66002,5498148,frus1952-54v09p1#pg_1692,1692,,Resolves once Documents 900-946 are restored to frus1952-54v09p1.
target-in-missing-pages,confirmed,frus1952-54v09p2,,frus1952-54v09p2.xml,66075,5504573,frus1952-54v09p1#pg_1707,1707,,Resolves once Documents 900-946 are restored to frus1952-54v09p1.
target-in-missing-pages,confirmed,frus1952-54v09p2,,frus1952-54v09p2.xml,66102,5506927,frus1952-54v09p1#pg_1666,1666,,Resolves once Documents 900-946 are restored to frus1952-54v09p1.
target-in-missing-pages,confirmed,frus1952-54v09p2,,frus1952-54v09p2.xml,66103,5507023,frus1952-54v09p1#pg_1668,1668,,Resolves once Documents 900-946 are restored to frus1952-54v09p1.
target-in-missing-pages,confirmed,frus1952-54v09p2,,frus1952-54v09p2.xml,66104,5507118,frus1952-54v09p1#pg_1703,1703 n,,Resolves once Documents 900-946 are restored to frus1952-54v09p1.
target-in-missing-pages,confirmed,frus1952-54v09p2,,frus1952-54v09p2.xml,66106,5507286,frus1952-54v09p1#pg_1738,1738,,Resolves once Documents 900-946 are restored to frus1952-54v09p1.
target-in-missing-pages,confirmed,frus1952-54v09p2,,frus1952-54v09p2.xml,66107,5507382,frus1952-54v09p1#pg_1739,1739,,Resolves once Documents 900-946 are restored to frus1952-54v09p1.
target-in-missing-pages,confirmed,frus1952-54v09p2,,frus1952-54v09p2.xml,66108,5507477,frus1952-54v09p1#pg_1741,1741,,Resolves once Documents 900-946 are restored to frus1952-54v09p1.
index-id-never-assigned,confirmed,frus1952-54v09p2,,frus1952-54v09p2.xml,66241,5518698,#in51,Suez Canal Zone,,"An index ""See"" reference to an entry id the index does not carry."
missing-hash,confirmed,frus1952-54v09p2,,frus1952-54v09p2.xml,66383,5528880,pg_1743,1743,frus1952-54v09p2#pg_1743,"target=""pg_1743"" lacks the #."
target-in-missing-pages,confirmed,frus1952-54v09p2,,frus1952-54v09p2.xml,66462,5534617,frus1952-54v09p1#pg_1687,1687,,Resolves once Documents 900-946 are restored to frus1952-54v09p1.
target-in-missing-pages,confirmed,frus1952-54v09p2,,frus1952-54v09p2.xml,66463,5534713,frus1952-54v09p1#pg_1688,1688,,Resolves once Documents 900-946 are restored to frus1952-54v09p1.
target-in-missing-pages,confirmed,frus1952-54v09p2,,frus1952-54v09p2.xml,66484,5536352,frus1952-54v09p1#pg_1687,1687,,Resolves once Documents 900-946 are restored to frus1952-54v09p1.
target-in-missing-pages,confirmed,frus1952-54v09p2,,frus1952-54v09p2.xml,66485,5536441,frus1952-54v09p1#pg_1688,1688,,Resolves once Documents 900-946 are restored to frus1952-54v09p1.
target-in-missing-pages,confirmed,frus1952-54v09p2,,frus1952-54v09p2.xml,66918,5570423,frus1952-54v09p1#pg_1683,1683,,Resolves once Documents 900-946 are restored to frus1952-54v09p1.
target-in-missing-pages,confirmed,frus1952-54v09p2,,frus1952-54v09p2.xml,66919,5570519,frus1952-54v09p1#pg_1684,1684,,Resolves once Documents 900-946 are restored to frus1952-54v09p1.
target-in-missing-pages,confirmed,frus1952-54v09p2,,frus1952-54v09p2.xml,66920,5570614,frus1952-54v09p1#pg_1695,1695,,Resolves once Documents 900-946 are restored to frus1952-54v09p1.
target-in-missing-pages,confirmed,frus1952-54v09p2,,frus1952-54v09p2.xml,66921,5570710,frus1952-54v09p1#pg_1700,1700,,Resolves once Documents 900-946 are restored to frus1952-54v09p1.
target-in-missing-pages,confirmed,frus1952-54v09p2,,frus1952-54v09p2.xml,66922,5570805,frus1952-54v09p1#pg_1719,1719,,Resolves once Documents 900-946 are restored to frus1952-54v09p1.
target-in-missing-pages,confirmed,frus1952-54v09p2,,frus1952-54v09p2.xml,66923,5570901,frus1952-54v09p1#pg_1720,1720,,Resolves once Documents 900-946 are restored to frus1952-54v09p1.
target-in-missing-pages,confirmed,frus1952-54v09p2,,frus1952-54v09p2.xml,66992,5576509,frus1952-54v09p1#pg_1682,1682,,Resolves once Documents 900-946 are restored to frus1952-54v09p1.
target-in-missing-pages,confirmed,frus1952-54v09p2,,frus1952-54v09p2.xml,66993,5576604,frus1952-54v09p1#pg_1692,1692,,Resolves once Documents 900-946 are restored to frus1952-54v09p1.
target-in-missing-pages,confirmed,frus1952-54v09p2,,frus1952-54v09p2.xml,66994,5576700,frus1952-54v09p1#pg_1693,1693,,Resolves once Documents 900-946 are restored to frus1952-54v09p1.
target-in-missing-pages,confirmed,frus1952-54v09p2,,frus1952-54v09p2.xml,67009,5577969,frus1952-54v09p1#pg_1668,1668,,Resolves once Documents 900-946 are restored to frus1952-54v09p1.
target-in-missing-pages,confirmed,frus1952-54v09p2,,frus1952-54v09p2.xml,67087,5584460,frus1952-54v09p1#pg_1733,1733,,Resolves once Documents 900-946 are restored to frus1952-54v09p1.
target-in-missing-pages,confirmed,frus1952-54v09p2,,frus1952-54v09p2.xml,67090,5584683,frus1952-54v09p1#pg_1663,1663,,Resolves once Documents 900-946 are restored to frus1952-54v09p1.
target-in-missing-pages,confirmed,frus1952-54v09p2,,frus1952-54v09p2.xml,67091,5584779,frus1952-54v09p1#pg_1666,1666,,Resolves once Documents 900-946 are restored to frus1952-54v09p1.
target-in-missing-pages,confirmed,frus1952-54v09p2,,frus1952-54v09p2.xml,67092,5584874,frus1952-54v09p1#pg_1702,1702,,Resolves once Documents 900-946 are restored to frus1952-54v09p1.
target-in-missing-pages,confirmed,frus1952-54v09p2,,frus1952-54v09p2.xml,67093,5584970,frus1952-54v09p1#pg_1704,1704,,Resolves once Documents 900-946 are restored to frus1952-54v09p1.
target-in-missing-pages,confirmed,frus1952-54v09p2,,frus1952-54v09p2.xml,67094,5585065,frus1952-54v09p1#pg_1731,1731,,Resolves once Documents 900-946 are restored to frus1952-54v09p1.
target-in-missing-pages,confirmed,frus1952-54v09p2,,frus1952-54v09p2.xml,67095,5585161,frus1952-54v09p1#pg_1732,1732,,Resolves once Documents 900-946 are restored to frus1952-54v09p1.
target-in-missing-pages,confirmed,frus1952-54v09p2,,frus1952-54v09p2.xml,67096,5585256,frus1952-54v09p1#pg_1740,1740,,Resolves once Documents 900-946 are restored to frus1952-54v09p1.
target-in-missing-pages,confirmed,frus1952-54v09p2,,frus1952-54v09p2.xml,67097,5585352,frus1952-54v09p1#pg_1741,1741,,Resolves once Documents 900-946 are restored to frus1952-54v09p1.
target-in-missing-pages,confirmed,frus1952-54v09p2,,frus1952-54v09p2.xml,67116,5587002,frus1952-54v09p1#pg_1682,1682,,Resolves once Documents 900-946 are restored to frus1952-54v09p1.
target-in-missing-pages,confirmed,frus1952-54v09p2,,frus1952-54v09p2.xml,67117,5587097,frus1952-54v09p1#pg_1692,1692,,Resolves once Documents 900-946 are restored to frus1952-54v09p1.
target-in-missing-pages,confirmed,frus1952-54v09p2,,frus1952-54v09p2.xml,67118,5587193,frus1952-54v09p1#pg_1693,1693,,Resolves once Documents 900-946 are restored to frus1952-54v09p1.
target-in-missing-pages,confirmed,frus1952-54v09p2,,frus1952-54v09p2.xml,67170,5591779,frus1952-54v09p1#pg_1662,1662,,Resolves once Documents 900-946 are restored to frus1952-54v09p1.
target-in-missing-pages,confirmed,frus1952-54v09p2,,frus1952-54v09p2.xml,67171,5591874,frus1952-54v09p1#pg_1668,1668,,Resolves once Documents 900-946 are restored to frus1952-54v09p1.
target-in-missing-pages,confirmed,frus1952-54v09p2,,frus1952-54v09p2.xml,67172,5591969,frus1952-54v09p1#pg_1680,1680,,Resolves once Documents 900-946 are restored to frus1952-54v09p1.
target-in-missing-pages,confirmed,frus1952-54v09p2,,frus1952-54v09p2.xml,67173,5592065,frus1952-54v09p1#pg_1681,1681,,Resolves once Documents 900-946 are restored to frus1952-54v09p1.
target-in-missing-pages,confirmed,frus1952-54v09p2,,frus1952-54v09p2.xml,67174,5592160,frus1952-54v09p1#pg_1693,1693,,Resolves once Documents 900-946 are restored to frus1952-54v09p1.
target-in-missing-pages,confirmed,frus1952-54v09p2,,frus1952-54v09p2.xml,67217,5595889,frus1952-54v09p1#pg_1668,1668,,Resolves once Documents 900-946 are restored to frus1952-54v09p1.
target-in-missing-pages,confirmed,frus1952-54v09p2,,frus1952-54v09p2.xml,67218,5595985,frus1952-54v09p1#pg_1669,1669,,Resolves once Documents 900-946 are restored to frus1952-54v09p1.
target-in-missing-pages,confirmed,frus1952-54v09p2,,frus1952-54v09p2.xml,67219,5596080,frus1952-54v09p1#pg_1675,1675,,Resolves once Documents 900-946 are restored to frus1952-54v09p1.
target-in-missing-pages,confirmed,frus1952-54v09p2,,frus1952-54v09p2.xml,67220,5596176,frus1952-54v09p1#pg_1676,1676,,Resolves once Documents 900-946 are restored to frus1952-54v09p1.
index-id-never-assigned,confirmed,frus1952-54v09p2,,frus1952-54v09p2.xml,67225,5596481,#in6,Israel,,"An index ""See"" reference to an entry id the index does not carry."
index-id-never-assigned,confirmed,frus1952-54v09p2,,frus1952-54v09p2.xml,67244,5598005,#in57,Jordanian border incidents,,"An index ""See"" reference to an entry id the index does not carry."
index-id-never-assigned,confirmed,frus1952-54v09p2,,frus1952-54v09p2.xml,67246,5598151,#in6,Israel,,"An index ""See"" reference to an entry id the index does not carry."
target-in-missing-pages,confirmed,frus1952-54v09p2,,frus1952-54v09p2.xml,67323,5604544,frus1952-54v09p1#pg_1668,1668,,Resolves once Documents 900-946 are restored to frus1952-54v09p1.
target-in-missing-pages,confirmed,frus1952-54v09p2,,frus1952-54v09p2.xml,67324,5604640,frus1952-54v09p1#pg_1669,1669,,Resolves once Documents 900-946 are restored to frus1952-54v09p1.
target-in-missing-pages,confirmed,frus1952-54v09p2,,frus1952-54v09p2.xml,67327,5604835,frus1952-54v09p1#pg_1683,1683,,Resolves once Documents 900-946 are restored to frus1952-54v09p1.
target-in-missing-pages,confirmed,frus1952-54v09p2,,frus1952-54v09p2.xml,67328,5604932,frus1952-54v09p1#pg_1684,1684,,Resolves once Documents 900-946 are restored to frus1952-54v09p1.
target-in-missing-pages,confirmed,frus1952-54v09p2,,frus1952-54v09p2.xml,67429,5613306,frus1952-54v09p1#pg_1707,1707,,Resolves once Documents 900-946 are restored to frus1952-54v09p1.
target-in-missing-pages,confirmed,frus1952-54v09p2,,frus1952-54v09p2.xml,67689,5634543,frus1952-54v09p1#pg_1723,1723,,Resolves once Documents 900-946 are restored to frus1952-54v09p1.
target-in-missing-pages,confirmed,frus1952-54v09p2,,frus1952-54v09p2.xml,67690,5634631,frus1952-54v09p1#pg_1724,1724,,Resolves once Documents 900-946 are restored to frus1952-54v09p1.
target-in-missing-pages,confirmed,frus1952-54v09p2,,frus1952-54v09p2.xml,67712,5636458,frus1952-54v09p1#pg_1676,1676,,Resolves once Documents 900-946 are restored to frus1952-54v09p1.
target-in-missing-pages,confirmed,frus1952-54v09p2,,frus1952-54v09p2.xml,67713,5636545,frus1952-54v09p1#pg_1720,1720,,Resolves once Documents 900-946 are restored to frus1952-54v09p1.
target-in-missing-pages,confirmed,frus1952-54v09p2,,frus1952-54v09p2.xml,67714,5636633,frus1952-54v09p1#pg_1722,1722,,Resolves once Documents 900-946 are restored to frus1952-54v09p1.
target-in-missing-pages,confirmed,frus1952-54v09p2,,frus1952-54v09p2.xml,67717,5636843,frus1952-54v09p1#pg_1663,1663,,Resolves once Documents 900-946 are restored to frus1952-54v09p1.
target-in-missing-pages,confirmed,frus1952-54v09p2,,frus1952-54v09p2.xml,67718,5636939,frus1952-54v09p1#pg_1664,1664,,Resolves once Documents 900-946 are restored to frus1952-54v09p1.
target-in-missing-pages,confirmed,frus1952-54v09p2,,frus1952-54v09p2.xml,67719,5637034,frus1952-54v09p1#pg_1702,1702,,Resolves once Documents 900-946 are restored to frus1952-54v09p1.
target-in-missing-pages,confirmed,frus1952-54v09p2,,frus1952-54v09p2.xml,67720,5637130,frus1952-54v09p1#pg_1703,1703,,Resolves once Documents 900-946 are restored to frus1952-54v09p1.
target-in-missing-pages,confirmed,frus1952-54v09p2,,frus1952-54v09p2.xml,67721,5637225,frus1952-54v09p1#pg_1739,1739,,Resolves once Documents 900-946 are restored to frus1952-54v09p1.
target-in-missing-pages,confirmed,frus1952-54v09p2,,frus1952-54v09p2.xml,67722,5637321,frus1952-54v09p1#pg_1740,1740,,Resolves once Documents 900-946 are restored to frus1952-54v09p1.
target-in-missing-pages,confirmed,frus1952-54v09p2,,frus1952-54v09p2.xml,67759,5640601,frus1952-54v09p1#pg_1668,1668,,Resolves once Documents 900-946 are restored to frus1952-54v09p1.
target-in-missing-pages,confirmed,frus1952-54v09p2,,frus1952-54v09p2.xml,67760,5640697,frus1952-54v09p1#pg_1672,1672,,Resolves once Documents 900-946 are restored to frus1952-54v09p1.
target-in-missing-pages,confirmed,frus1952-54v09p2,,frus1952-54v09p2.xml,67879,5650276,frus1952-54v09p1#pg_1683,1683,,Resolves once Documents 900-946 are restored to frus1952-54v09p1.
target-in-missing-pages,confirmed,frus1952-54v09p2,,frus1952-54v09p2.xml,67880,5650356,frus1952-54v09p1#pg_1685,1685,,Resolves once Documents 900-946 are restored to frus1952-54v09p1.
target-in-missing-pages,confirmed,frus1952-54v09p2,,frus1952-54v09p2.xml,67889,5650998,frus1952-54v09p1#pg_1721,1721,,Resolves once Documents 900-946 are restored to frus1952-54v09p1.
target-in-missing-pages,confirmed,frus1952-54v09p2,,frus1952-54v09p2.xml,67889,5651050,frus1952-54v09p1#pg_1722,1722,,Resolves once Documents 900-946 are restored to frus1952-54v09p1.
target-in-missing-pages,confirmed,frus1952-54v09p2,,frus1952-54v09p2.xml,67890,5651137,frus1952-54v09p1#pg_1724,1724,,Resolves once Documents 900-946 are restored to frus1952-54v09p1.
target-in-missing-pages,confirmed,frus1952-54v09p2,,frus1952-54v09p2.xml,67916,5653173,frus1952-54v09p1#pg_1662,1662,,Resolves once Documents 900-946 are restored to frus1952-54v09p1.
index-id-never-assigned,confirmed,frus1952-54v09p2,,frus1952-54v09p2.xml,67969,5657319,#in50,Sudan sovereignty,,"An index ""See"" reference to an entry id the index does not carry."
index-id-never-assigned,confirmed,frus1952-54v09p2,,frus1952-54v09p2.xml,67969,5657364,#in51,"Suez Canal Zone, Anglo-Egyptian negotiations",,"An index ""See"" reference to an entry id the index does not carry."
target-in-missing-pages,confirmed,frus1952-54v09p2,,frus1952-54v09p2.xml,67994,5659416,frus1952-54v09p1#pg_1692,1692,,Resolves once Documents 900-946 are restored to frus1952-54v09p1.
target-in-missing-pages,confirmed,frus1952-54v09p2,,frus1952-54v09p2.xml,68032,5662812,frus1952-54v09p1#pg_1694,1694,,Resolves once Documents 900-946 are restored to frus1952-54v09p1.
target-in-missing-pages,confirmed,frus1952-54v09p2,,frus1952-54v09p2.xml,68033,5662909,frus1952-54v09p1#pg_1700,1700,,Resolves once Documents 900-946 are restored to frus1952-54v09p1.
target-in-missing-pages,confirmed,frus1952-54v09p2,,frus1952-54v09p2.xml,68034,5663005,frus1952-54v09p1#pg_1707,1707,,Resolves once Documents 900-946 are restored to frus1952-54v09p1.
target-in-missing-pages,confirmed,frus1952-54v09p2,,frus1952-54v09p2.xml,68035,5663102,frus1952-54v09p1#pg_1717,1717,,Resolves once Documents 900-946 are restored to frus1952-54v09p1.
target-in-missing-pages,confirmed,frus1952-54v09p2,,frus1952-54v09p2.xml,68094,5667643,frus1952-54v09p1#pg_1667,1667,,Resolves once Documents 900-946 are restored to frus1952-54v09p1.
target-in-missing-pages,confirmed,frus1952-54v09p2,,frus1952-54v09p2.xml,68095,5667738,frus1952-54v09p1#pg_1673,1673,,Resolves once Documents 900-946 are restored to frus1952-54v09p1.
target-in-missing-pages,confirmed,frus1952-54v09p2,,frus1952-54v09p2.xml,68096,5667834,frus1952-54v09p1#pg_1674,1674,,Resolves once Documents 900-946 are restored to frus1952-54v09p1.
target-in-missing-pages,confirmed,frus1952-54v09p2,,frus1952-54v09p2.xml,68097,5667929,frus1952-54v09p1#pg_1700,1700,,Resolves once Documents 900-946 are restored to frus1952-54v09p1.
target-in-missing-pages,confirmed,frus1952-54v09p2,,frus1952-54v09p2.xml,68098,5668025,frus1952-54v09p1#pg_1704,1704,,Resolves once Documents 900-946 are restored to frus1952-54v09p1.
target-in-missing-pages,confirmed,frus1952-54v09p2,,frus1952-54v09p2.xml,68099,5668120,frus1952-54v09p1#pg_1714,1714,,Resolves once Documents 900-946 are restored to frus1952-54v09p1.
target-in-missing-pages,confirmed,frus1952-54v09p2,,frus1952-54v09p2.xml,68100,5668216,frus1952-54v09p1#pg_1715,1715,,Resolves once Documents 900-946 are restored to frus1952-54v09p1.
target-in-missing-pages,confirmed,frus1952-54v09p2,,frus1952-54v09p2.xml,68101,5668311,frus1952-54v09p1#pg_1719,1719,,Resolves once Documents 900-946 are restored to frus1952-54v09p1.
target-in-missing-pages,confirmed,frus1952-54v09p2,,frus1952-54v09p2.xml,68102,5668406,frus1952-54v09p1#pg_1722,1722,,Resolves once Documents 900-946 are restored to frus1952-54v09p1.
target-in-missing-pages,confirmed,frus1952-54v09p2,,frus1952-54v09p2.xml,68103,5668502,frus1952-54v09p1#pg_1723,1723,,Resolves once Documents 900-946 are restored to frus1952-54v09p1.
target-in-missing-pages,confirmed,frus1952-54v09p2,,frus1952-54v09p2.xml,68104,5668597,frus1952-54v09p1#pg_1726,1726,,Resolves once Documents 900-946 are restored to frus1952-54v09p1.
target-in-missing-pages,confirmed,frus1952-54v09p2,,frus1952-54v09p2.xml,68105,5668693,frus1952-54v09p1#pg_1727,1727,,Resolves once Documents 900-946 are restored to frus1952-54v09p1.
target-in-missing-pages,confirmed,frus1952-54v09p2,,frus1952-54v09p2.xml,68106,5668788,frus1952-54v09p1#pg_1731,1731,,Resolves once Documents 900-946 are restored to frus1952-54v09p1.
target-in-missing-pages,confirmed,frus1952-54v09p2,,frus1952-54v09p2.xml,68107,5668884,frus1952-54v09p1#pg_1732,1732,,Resolves once Documents 900-946 are restored to frus1952-54v09p1.
target-in-missing-pages,confirmed,frus1952-54v09p2,,frus1952-54v09p2.xml,68108,5668979,frus1952-54v09p1#pg_1738,1738,,Resolves once Documents 900-946 are restored to frus1952-54v09p1.
target-in-missing-pages,confirmed,frus1952-54v09p2,,frus1952-54v09p2.xml,68109,5669075,frus1952-54v09p1#pg_1741,1741,,Resolves once Documents 900-946 are restored to frus1952-54v09p1.
target-in-missing-pages,confirmed,frus1952-54v09p2,,frus1952-54v09p2.xml,68119,5669945,frus1952-54v09p1#pg_1661,1661,,Resolves once Documents 900-946 are restored to frus1952-54v09p1.
target-in-missing-pages,confirmed,frus1952-54v09p2,,frus1952-54v09p2.xml,68120,5670042,frus1952-54v09p1#pg_1662,1662,,Resolves once Documents 900-946 are restored to frus1952-54v09p1.
target-in-missing-pages,confirmed,frus1952-54v09p2,,frus1952-54v09p2.xml,68121,5670138,frus1952-54v09p1#pg_1679,1679,,Resolves once Documents 900-946 are restored to frus1952-54v09p1.
target-in-missing-pages,confirmed,frus1952-54v09p2,,frus1952-54v09p2.xml,68122,5670235,frus1952-54v09p1#pg_1680,1680,,Resolves once Documents 900-946 are restored to frus1952-54v09p1.
target-in-missing-pages,confirmed,frus1952-54v09p2,,frus1952-54v09p2.xml,68123,5670331,frus1952-54v09p1#pg_1682,1682,,Resolves once Documents 900-946 are restored to frus1952-54v09p1.
target-in-missing-pages,confirmed,frus1952-54v09p2,,frus1952-54v09p2.xml,68124,5670427,frus1952-54v09p1#pg_1692,1692,,Resolves once Documents 900-946 are restored to frus1952-54v09p1.
target-in-missing-pages,confirmed,frus1952-54v09p2,,frus1952-54v09p2.xml,68156,5673219,frus1952-54v09p1#pg_1692,1692 n,,Resolves once Documents 900-946 are restored to frus1952-54v09p1.
target-in-missing-pages,confirmed,frus1952-54v09p2,,frus1952-54v09p2.xml,68157,5673343,frus1952-54v09p1#pg_1693,1693 n,,Resolves once Documents 900-946 are restored to frus1952-54v09p1.
index-id-never-assigned,confirmed,frus1952-54v09p2,,frus1952-54v09p2.xml,68356,5689872,#in6,Israel,,"An index ""See"" reference to an entry id the index does not carry."
target-in-missing-pages,confirmed,frus1952-54v09p2,,frus1952-54v09p2.xml,68375,5691587,frus1952-54v09p1#pg_1662,1662,,Resolves once Documents 900-946 are restored to frus1952-54v09p1.
target-in-missing-pages,confirmed,frus1952-54v09p2,,frus1952-54v09p2.xml,68376,5691674,frus1952-54v09p1#pg_1680,1680,,Resolves once Documents 900-946 are restored to frus1952-54v09p1.
target-in-missing-pages,confirmed,frus1952-54v09p2,,frus1952-54v09p2.xml,68377,5691762,frus1952-54v09p1#pg_1681,1681,,Resolves once Documents 900-946 are restored to frus1952-54v09p1.
target-in-missing-pages,confirmed,frus1952-54v09p2,,frus1952-54v09p2.xml,68378,5691849,frus1952-54v09p1#pg_1693,1693,,Resolves once Documents 900-946 are restored to frus1952-54v09p1.
target-in-missing-pages,confirmed,frus1952-54v09p2,,frus1952-54v09p2.xml,68475,5700274,frus1952-54v09p1#pg_1668,1668,,Resolves once Documents 900-946 are restored to frus1952-54v09p1.
target-in-missing-pages,confirmed,frus1952-54v09p2,,frus1952-54v09p2.xml,68763,5723615,frus1952-54v09p1#pg_1661,1661,,Resolves once Documents 900-946 are restored to frus1952-54v09p1.
target-in-missing-pages,confirmed,frus1952-54v09p2,,frus1952-54v09p2.xml,68764,5723694,frus1952-54v09p1#pg_1679,1679,,Resolves once Documents 900-946 are restored to frus1952-54v09p1.
target-in-missing-pages,confirmed,frus1952-54v09p2,,frus1952-54v09p2.xml,68811,5727397,frus1952-54v09p1#pg_1692,1692,,Resolves once Documents 900-946 are restored to frus1952-54v09p1.
target-in-missing-pages,confirmed,frus1952-54v09p2,,frus1952-54v09p2.xml,68812,5727484,frus1952-54v09p1#pg_1703,1703 n,,Resolves once Documents 900-946 are restored to frus1952-54v09p1.
target-in-missing-pages,confirmed,frus1952-54v09p2,,frus1952-54v09p2.xml,68913,5735133,frus1952-54v09p1#pg_1721,1721,,Resolves once Documents 900-946 are restored to frus1952-54v09p1.
target-in-missing-pages,confirmed,frus1952-54v09p2,,frus1952-54v09p2.xml,69158,5754117,frus1952-54v09p1#pg_1706,1706,,Resolves once Documents 900-946 are restored to frus1952-54v09p1.
target-in-missing-pages,confirmed,frus1952-54v09p2,,frus1952-54v09p2.xml,69159,5754197,frus1952-54v09p1#pg_1707,1707,,Resolves once Documents 900-946 are restored to frus1952-54v09p1.
target-in-missing-pages,confirmed,frus1952-54v09p2,,frus1952-54v09p2.xml,69160,5754276,frus1952-54v09p1#pg_1727,1727 n,,Resolves once Documents 900-946 are restored to frus1952-54v09p1.
target-in-missing-pages,confirmed,frus1952-54v09p2,,frus1952-54v09p2.xml,69331,5767675,frus1952-54v09p1#pg_1741,1741,,Resolves once Documents 900-946 are restored to frus1952-54v09p1.
target-in-missing-pages,confirmed,frus1952-54v09p2,,frus1952-54v09p2.xml,69565,5785250,frus1952-54v09p1#pg_1708,1708 n,,Resolves once Documents 900-946 are restored to frus1952-54v09p1.
target-in-missing-pages,confirmed,frus1952-54v09p2,,frus1952-54v09p2.xml,69589,5787197,frus1952-54v09p1#pg_1672,1672,,Resolves once Documents 900-946 are restored to frus1952-54v09p1.
target-in-missing-pages,confirmed,frus1952-54v09p2,,frus1952-54v09p2.xml,69589,5787249,frus1952-54v09p1#pg_1674,1674,,Resolves once Documents 900-946 are restored to frus1952-54v09p1.
target-in-missing-pages,confirmed,frus1952-54v09p2,,frus1952-54v09p2.xml,69687,5794830,frus1952-54v09p1#pg_1676,1676 n,,Resolves once Documents 900-946 are restored to frus1952-54v09p1.
target-in-missing-pages,confirmed,frus1952-54v09p2,,frus1952-54v09p2.xml,69689,5794961,frus1952-54v09p1#pg_1719,1719,,Resolves once Documents 900-946 are restored to frus1952-54v09p1.
target-in-missing-pages,confirmed,frus1952-54v09p2,,frus1952-54v09p2.xml,69689,5795012,frus1952-54v09p1#pg_1723,1723,,Resolves once Documents 900-946 are restored to frus1952-54v09p1.
target-in-missing-pages,confirmed,frus1952-54v09p2,,frus1952-54v09p2.xml,69737,5798345,frus1952-54v09p1#pg_1731,1731,,Resolves once Documents 900-946 are restored to frus1952-54v09p1.
target-in-missing-pages,confirmed,frus1952-54v09p2,,frus1952-54v09p2.xml,69738,5798425,frus1952-54v09p1#pg_1732,1732,,Resolves once Documents 900-946 are restored to frus1952-54v09p1.
target-in-missing-pages,confirmed,frus1952-54v09p2,,frus1952-54v09p2.xml,69748,5799216,frus1952-54v09p1#pg_1695,1695,,Resolves once Documents 900-946 are restored to frus1952-54v09p1.
target-in-missing-pages,confirmed,frus1952-54v09p2,,frus1952-54v09p2.xml,69761,5800159,frus1952-54v09p1#pg_1711,1711,,Resolves once Documents 900-946 are restored to frus1952-54v09p1.
target-in-missing-pages,confirmed,frus1952-54v09p2,,frus1952-54v09p2.xml,69762,5800239,frus1952-54v09p1#pg_1710,1710,,Resolves once Documents 900-946 are restored to frus1952-54v09p1.
target-in-missing-pages,confirmed,frus1952-54v09p2,,frus1952-54v09p2.xml,70414,5852678,frus1952-54v09p1#pg_1723,1723,,Resolves once Documents 900-946 are restored to frus1952-54v09p1.
target-in-missing-pages,confirmed,frus1952-54v09p2,,frus1952-54v09p2.xml,70415,5852766,frus1952-54v09p1#pg_1724,1724,,Resolves once Documents 900-946 are restored to frus1952-54v09p1.
target-in-missing-pages,confirmed,frus1952-54v09p2,,frus1952-54v09p2.xml,70425,5853616,frus1952-54v09p1#pg_1661,1661,,Resolves once Documents 900-946 are restored to frus1952-54v09p1.
target-in-missing-pages,confirmed,frus1952-54v09p2,,frus1952-54v09p2.xml,70426,5853713,frus1952-54v09p1#pg_1662,1662,,Resolves once Documents 900-946 are restored to frus1952-54v09p1.
index-id-never-assigned,confirmed,frus1952-54v09p2,,frus1952-54v09p2.xml,70528,5862124,#in51,"Suez Canal Zone, Anglo-Egyptian negotiations",,"An index ""See"" reference to an entry id the index does not carry."
target-in-missing-pages,confirmed,frus1952-54v09p2,,frus1952-54v09p2.xml,70545,5863628,frus1952-54v09p1#pg_1661,1661,,Resolves once Documents 900-946 are restored to frus1952-54v09p1.
target-in-missing-pages,confirmed,frus1952-54v09p2,,frus1952-54v09p2.xml,70546,5863724,frus1952-54v09p1#pg_1662,1662,,Resolves once Documents 900-946 are restored to frus1952-54v09p1.
target-in-missing-pages,confirmed,frus1952-54v09p2,,frus1952-54v09p2.xml,70547,5863819,frus1952-54v09p1#pg_1679,1679,,Resolves once Documents 900-946 are restored to frus1952-54v09p1.
target-in-missing-pages,confirmed,frus1952-54v09p2,,frus1952-54v09p2.xml,70548,5863915,frus1952-54v09p1#pg_1680,1680,,Resolves once Documents 900-946 are restored to frus1952-54v09p1.
target-in-missing-pages,confirmed,frus1952-54v09p2,,frus1952-54v09p2.xml,70549,5864010,frus1952-54v09p1#pg_1682,1682,,Resolves once Documents 900-946 are restored to frus1952-54v09p1.
target-in-missing-pages,confirmed,frus1952-54v09p2,,frus1952-54v09p2.xml,70550,5864105,frus1952-54v09p1#pg_1692,1692,,Resolves once Documents 900-946 are restored to frus1952-54v09p1.
target-in-missing-pages,confirmed,frus1952-54v09p2,,frus1952-54v09p2.xml,70590,5867588,frus1952-54v09p1#pg_1692,1692,,Resolves once Documents 900-946 are restored to frus1952-54v09p1.
target-in-missing-pages,confirmed,frus1952-54v09p2,,frus1952-54v09p2.xml,70619,5870167,frus1952-54v09p1#pg_1694,1694,,Resolves once Documents 900-946 are restored to frus1952-54v09p1.
target-in-missing-pages,confirmed,frus1952-54v09p2,,frus1952-54v09p2.xml,70620,5870264,frus1952-54v09p1#pg_1700,1700,,Resolves once Documents 900-946 are restored to frus1952-54v09p1.
target-in-missing-pages,confirmed,frus1952-54v09p2,,frus1952-54v09p2.xml,70621,5870360,frus1952-54v09p1#pg_1707,1707,,Resolves once Documents 900-946 are restored to frus1952-54v09p1.
target-in-missing-pages,confirmed,frus1952-54v09p2,,frus1952-54v09p2.xml,70622,5870457,frus1952-54v09p1#pg_1714,1714,,Resolves once Documents 900-946 are restored to frus1952-54v09p1.
target-in-missing-pages,confirmed,frus1952-54v09p2,,frus1952-54v09p2.xml,70644,5872475,frus1952-54v09p1#pg_1692,1692 n,,Resolves once Documents 900-946 are restored to frus1952-54v09p1.
target-in-missing-pages,confirmed,frus1952-54v09p2,,frus1952-54v09p2.xml,70645,5872599,frus1952-54v09p1#pg_1693,1693 n,,Resolves once Documents 900-946 are restored to frus1952-54v09p1.
target-in-missing-pages,confirmed,frus1952-54v09p2,,frus1952-54v09p2.xml,70823,5887357,frus1952-54v09p1#pg_1736,1736,,Resolves once Documents 900-946 are restored to frus1952-54v09p1.
target-in-missing-pages,confirmed,frus1952-54v09p2,,frus1952-54v09p2.xml,70824,5887454,frus1952-54v09p1#pg_1737,1737,,Resolves once Documents 900-946 are restored to frus1952-54v09p1.
target-in-missing-pages,confirmed,frus1952-54v09p2,,frus1952-54v09p2.xml,70916,5895351,frus1952-54v09p1#pg_1727,1727,,Resolves once Documents 900-946 are restored to frus1952-54v09p1.
target-in-missing-pages,confirmed,frus1952-54v09p2,,frus1952-54v09p2.xml,70917,5895439,frus1952-54v09p1#pg_1730,1730,,Resolves once Documents 900-946 are restored to frus1952-54v09p1.
target-in-missing-pages,confirmed,frus1952-54v09p2,,frus1952-54v09p2.xml,70924,5895929,frus1952-54v09p1#pg_1674,1674,,Resolves once Documents 900-946 are restored to frus1952-54v09p1.
target-in-missing-pages,confirmed,frus1952-54v09p2,,frus1952-54v09p2.xml,70925,5896025,frus1952-54v09p1#pg_1675,1675,,Resolves once Documents 900-946 are restored to frus1952-54v09p1.
target-in-missing-pages,confirmed,frus1952-54v09p2,,frus1952-54v09p2.xml,70926,5896120,frus1952-54v09p1#pg_1677,1677,,Resolves once Documents 900-946 are restored to frus1952-54v09p1.
target-in-missing-pages,confirmed,frus1952-54v09p2,,frus1952-54v09p2.xml,70927,5896216,frus1952-54v09p1#pg_1678,1678,,Resolves once Documents 900-946 are restored to frus1952-54v09p1.
index-id-never-assigned,confirmed,frus1952-54v09p2,,frus1952-54v09p2.xml,70932,5896564,#in57,Jordanian border incidents,,"An index ""See"" reference to an entry id the index does not carry."
target-in-missing-pages,confirmed,frus1952-54v09p2,,frus1952-54v09p2.xml,70941,5897299,frus1952-54v09p1#pg_1716,1716,,Resolves once Documents 900-946 are restored to frus1952-54v09p1.
target-in-missing-pages,confirmed,frus1952-54v09p2,,frus1952-54v09p2.xml,70956,5898670,frus1952-54v09p1#pg_1695,1695,,Resolves once Documents 900-946 are restored to frus1952-54v09p1.
target-in-missing-pages,confirmed,frus1952-54v09p2,,frus1952-54v09p2.xml,71118,5912251,frus1952-54v09p1#pg_1664,1664,,Resolves once Documents 900-946 are restored to frus1952-54v09p1.
target-in-missing-pages,confirmed,frus1952-54v09p2,,frus1952-54v09p2.xml,71126,5912914,frus1952-54v09p1#pg_1694,1694,,Resolves once Documents 900-946 are restored to frus1952-54v09p1.
target-in-missing-pages,confirmed,frus1952-54v09p2,,frus1952-54v09p2.xml,71144,5914320,frus1952-54v09p1#pg_1667,1667,,Resolves once Documents 900-946 are restored to frus1952-54v09p1.
target-in-missing-pages,confirmed,frus1952-54v09p2,,frus1952-54v09p2.xml,71145,5914415,frus1952-54v09p1#pg_1673,1673,,Resolves once Documents 900-946 are restored to frus1952-54v09p1.
target-in-missing-pages,confirmed,frus1952-54v09p2,,frus1952-54v09p2.xml,71146,5914511,frus1952-54v09p1#pg_1674,1674,,Resolves once Documents 900-946 are restored to frus1952-54v09p1.
target-in-missing-pages,confirmed,frus1952-54v09p2,,frus1952-54v09p2.xml,71147,5914606,frus1952-54v09p1#pg_1700,1700,,Resolves once Documents 900-946 are restored to frus1952-54v09p1.
target-in-missing-pages,confirmed,frus1952-54v09p2,,frus1952-54v09p2.xml,71148,5914702,frus1952-54v09p1#pg_1704,1704,,Resolves once Documents 900-946 are restored to frus1952-54v09p1.
target-in-missing-pages,confirmed,frus1952-54v09p2,,frus1952-54v09p2.xml,71149,5914797,frus1952-54v09p1#pg_1714,1714,,Resolves once Documents 900-946 are restored to frus1952-54v09p1.
target-in-missing-pages,confirmed,frus1952-54v09p2,,frus1952-54v09p2.xml,71150,5914893,frus1952-54v09p1#pg_1715,1715,,Resolves once Documents 900-946 are restored to frus1952-54v09p1.
target-in-missing-pages,confirmed,frus1952-54v09p2,,frus1952-54v09p2.xml,71151,5914988,frus1952-54v09p1#pg_1719,1719,,Resolves once Documents 900-946 are restored to frus1952-54v09p1.
target-in-missing-pages,confirmed,frus1952-54v09p2,,frus1952-54v09p2.xml,71152,5915083,frus1952-54v09p1#pg_1722,1722,,Resolves once Documents 900-946 are restored to frus1952-54v09p1.
target-in-missing-pages,confirmed,frus1952-54v09p2,,frus1952-54v09p2.xml,71153,5915179,frus1952-54v09p1#pg_1723,1723,,Resolves once Documents 900-946 are restored to frus1952-54v09p1.
target-in-missing-pages,confirmed,frus1952-54v09p2,,frus1952-54v09p2.xml,71154,5915274,frus1952-54v09p1#pg_1726,1726,,Resolves once Documents 900-946 are restored to frus1952-54v09p1.
target-in-missing-pages,confirmed,frus1952-54v09p2,,frus1952-54v09p2.xml,71155,5915370,frus1952-54v09p1#pg_1727,1727,,Resolves once Documents 900-946 are restored to frus1952-54v09p1.
target-in-missing-pages,confirmed,frus1952-54v09p2,,frus1952-54v09p2.xml,71156,5915465,frus1952-54v09p1#pg_1731,1731,,Resolves once Documents 900-946 are restored to frus1952-54v09p1.
target-in-missing-pages,confirmed,frus1952-54v09p2,,frus1952-54v09p2.xml,71157,5915561,frus1952-54v09p1#pg_1732,1732,,Resolves once Documents 900-946 are restored to frus1952-54v09p1.
target-in-missing-pages,confirmed,frus1952-54v09p2,,frus1952-54v09p2.xml,71158,5915656,frus1952-54v09p1#pg_1738,1738,,Resolves once Documents 900-946 are restored to frus1952-54v09p1.
target-in-missing-pages,confirmed,frus1952-54v09p2,,frus1952-54v09p2.xml,71159,5915752,frus1952-54v09p1#pg_1741,1741,,Resolves once Documents 900-946 are restored to frus1952-54v09p1.
target-in-missing-pages,confirmed,frus1952-54v09p2,,frus1952-54v09p2.xml,71194,5919004,frus1952-54v09p1#pg_1664,1664,,Resolves once Documents 900-946 are restored to frus1952-54v09p1.
target-in-missing-pages,confirmed,frus1952-54v09p2,,frus1952-54v09p2.xml,71195,5919100,frus1952-54v09p1#pg_1693,1693,,Resolves once Documents 900-946 are restored to frus1952-54v09p1.
target-in-missing-pages,confirmed,frus1952-54v09p2,,frus1952-54v09p2.xml,71198,5919299,frus1952-54v09p1#pg_1680,1680,,Resolves once Documents 900-946 are restored to frus1952-54v09p1.
target-in-missing-pages,confirmed,frus1952-54v09p2,,frus1952-54v09p2.xml,71199,5919396,frus1952-54v09p1#pg_1681,1681,,Resolves once Documents 900-946 are restored to frus1952-54v09p1.
target-in-missing-pages,confirmed,frus1952-54v09p2,,frus1952-54v09p2.xml,71273,5925666,frus1952-54v09p1#pg_1694,1694,,Resolves once Documents 900-946 are restored to frus1952-54v09p1.
target-in-missing-pages,confirmed,frus1952-54v09p2,,frus1952-54v09p2.xml,71274,5925763,frus1952-54v09p1#pg_1700,1700,,Resolves once Documents 900-946 are restored to frus1952-54v09p1.
target-in-missing-pages,confirmed,frus1952-54v09p2,,frus1952-54v09p2.xml,71275,5925859,frus1952-54v09p1#pg_1707,1707,,Resolves once Documents 900-946 are restored to frus1952-54v09p1.
target-in-missing-pages,confirmed,frus1952-54v09p2,,frus1952-54v09p2.xml,71276,5925956,frus1952-54v09p1#pg_1714,1714,,Resolves once Documents 900-946 are restored to frus1952-54v09p1.
target-in-missing-pages,confirmed,frus1952-54v09p2,,frus1952-54v09p2.xml,71277,5926052,frus1952-54v09p1#pg_1718,1718,,Resolves once Documents 900-946 are restored to frus1952-54v09p1.
target-in-missing-pages,confirmed,frus1952-54v09p2,,frus1952-54v09p2.xml,71315,5929170,frus1952-54v09p1#pg_1721,1721,,Resolves once Documents 900-946 are restored to frus1952-54v09p1.
index-id-never-assigned,confirmed,frus1952-54v09p2,,frus1952-54v09p2.xml,71319,5929464,#in57,Jordanian border incidents,,"An index ""See"" reference to an entry id the index does not carry."
target-in-missing-pages,confirmed,frus1952-54v09p2,,frus1952-54v09p2.xml,71322,5929729,frus1952-54v09p1#pg_1680,1680,,Resolves once Documents 900-946 are restored to frus1952-54v09p1.
target-in-missing-pages,confirmed,frus1952-54v09p2,,frus1952-54v09p2.xml,71323,5929817,frus1952-54v09p1#pg_1681,1681,,Resolves once Documents 900-946 are restored to frus1952-54v09p1.
target-in-missing-pages,confirmed,frus1952-54v09p2,,frus1952-54v09p2.xml,71362,5933157,frus1952-54v09p1#pg_1676,1676,,Resolves once Documents 900-946 are restored to frus1952-54v09p1.
target-in-missing-pages,confirmed,frus1952-54v09p2,,frus1952-54v09p2.xml,71385,5935141,frus1952-54v09p1#pg_1667,1667,,Resolves once Documents 900-946 are restored to frus1952-54v09p1.
target-in-missing-pages,confirmed,frus1952-54v09p2,,frus1952-54v09p2.xml,71386,5935238,frus1952-54v09p1#pg_1672,1672,,Resolves once Documents 900-946 are restored to frus1952-54v09p1.
target-in-missing-pages,confirmed,frus1952-54v09p2,,frus1952-54v09p2.xml,71387,5935334,frus1952-54v09p1#pg_1675,1675,,Resolves once Documents 900-946 are restored to frus1952-54v09p1.
target-in-missing-pages,confirmed,frus1952-54v09p2,,frus1952-54v09p2.xml,71525,5947543,frus1952-54v09p1#pg_1678,1678,,Resolves once Documents 900-946 are restored to frus1952-54v09p1.
target-in-missing-pages,confirmed,frus1952-54v09p2,,frus1952-54v09p2.xml,71662,5958397,frus1952-54v09p1#pg_1720,1720,,Resolves once Documents 900-946 are restored to frus1952-54v09p1.
target-in-missing-pages,confirmed,frus1952-54v09p2,,frus1952-54v09p2.xml,71695,5961099,frus1952-54v09p1#pg_1707,1707,,Resolves once Documents 900-946 are restored to frus1952-54v09p1.
target-in-missing-pages,confirmed,frus1952-54v09p2,,frus1952-54v09p2.xml,71696,5961188,frus1952-54v09p1#pg_1708,1708,,Resolves once Documents 900-946 are restored to frus1952-54v09p1.
target-in-missing-pages,confirmed,frus1952-54v09p2,,frus1952-54v09p2.xml,71697,5961275,frus1952-54v09p1#pg_1720,1720,,Resolves once Documents 900-946 are restored to frus1952-54v09p1.
target-in-missing-pages,confirmed,frus1952-54v09p2,,frus1952-54v09p2.xml,71697,5961327,frus1952-54v09p1#pg_1725,1725,,Resolves once Documents 900-946 are restored to frus1952-54v09p1.
target-in-missing-pages,confirmed,frus1952-54v09p2,,frus1952-54v09p2.xml,71698,5961414,frus1952-54v09p1#pg_1730,1730,,Resolves once Documents 900-946 are restored to frus1952-54v09p1.
target-in-missing-pages,confirmed,frus1952-54v09p2,,frus1952-54v09p2.xml,71725,5963664,frus1952-54v09p1#pg_1740,1740,,Resolves once Documents 900-946 are restored to frus1952-54v09p1.
target-in-missing-pages,confirmed,frus1952-54v09p2,,frus1952-54v09p2.xml,71726,5963752,frus1952-54v09p1#pg_1741,1741,,Resolves once Documents 900-946 are restored to frus1952-54v09p1.
index-id-never-assigned,confirmed,frus1952-54v09p2,,frus1952-54v09p2.xml,71791,5968830,#in6,Israel,,"An index ""See"" reference to an entry id the index does not carry."
target-in-missing-pages,confirmed,frus1952-54v09p2,,frus1952-54v09p2.xml,71823,5971373,frus1952-54v09p1#pg_1674,1674,,Resolves once Documents 900-946 are restored to frus1952-54v09p1.
target-in-missing-pages,confirmed,frus1952-54v09p2,,frus1952-54v09p2.xml,71824,5971453,frus1952-54v09p1#pg_1675,1675,,Resolves once Documents 900-946 are restored to frus1952-54v09p1.
target-in-missing-pages,confirmed,frus1952-54v09p2,,frus1952-54v09p2.xml,71825,5971532,frus1952-54v09p1#pg_1728,1728,,Resolves once Documents 900-946 are restored to frus1952-54v09p1.
target-in-missing-pages,confirmed,frus1952-54v09p2,,frus1952-54v09p2.xml,71826,5971612,frus1952-54v09p1#pg_1729,1729,,Resolves once Documents 900-946 are restored to frus1952-54v09p1.
index-id-never-assigned,confirmed,frus1952-54v09p2,,frus1952-54v09p2.xml,71918,5978653,#in57,Jordanian border incidents,,"An index ""See"" reference to an entry id the index does not carry."
target-in-missing-pages,confirmed,frus1952-54v09p2,,frus1952-54v09p2.xml,71925,5979190,frus1952-54v09p1#pg_1694,1694,,Resolves once Documents 900-946 are restored to frus1952-54v09p1.
target-in-missing-pages,confirmed,frus1952-54v09p2,,frus1952-54v09p2.xml,71926,5979278,frus1952-54v09p1#pg_1700,1700,,Resolves once Documents 900-946 are restored to frus1952-54v09p1.
target-in-missing-pages,confirmed,frus1952-54v09p2,,frus1952-54v09p2.xml,71927,5979365,frus1952-54v09p1#pg_1707,1707,,Resolves once Documents 900-946 are restored to frus1952-54v09p1.
target-in-missing-pages,confirmed,frus1952-54v09p2,,frus1952-54v09p2.xml,71928,5979453,frus1952-54v09p1#pg_1714,1714,,Resolves once Documents 900-946 are restored to frus1952-54v09p1.
target-in-missing-pages,confirmed,frus1952-54v09p2,,frus1952-54v09p2.xml,71929,5979540,frus1952-54v09p1#pg_1734,1734,,Resolves once Documents 900-946 are restored to frus1952-54v09p1.
target-in-missing-pages,confirmed,frus1952-54v09p2,,frus1952-54v09p2.xml,71930,5979628,frus1952-54v09p1#pg_1738,1738,,Resolves once Documents 900-946 are restored to frus1952-54v09p1.
target-in-missing-pages,confirmed,frus1952-54v09p2,,frus1952-54v09p2.xml,71969,5982734,frus1952-54v09p1#pg_1695,1695,,Resolves once Documents 900-946 are restored to frus1952-54v09p1.
index-id-never-assigned,confirmed,frus1952-54v09p2,,frus1952-54v09p2.xml,71984,5983804,#in6,Israel,,"An index ""See"" reference to an entry id the index does not carry."
target-in-missing-pages,confirmed,frus1952-54v09p2,,frus1952-54v09p2.xml,72080,5991429,frus1952-54v09p1#pg_1674,1674,,Resolves once Documents 900-946 are restored to frus1952-54v09p1.
target-in-missing-pages,confirmed,frus1952-54v09p2,,frus1952-54v09p2.xml,72081,5991518,frus1952-54v09p1#pg_1675,1675,,Resolves once Documents 900-946 are restored to frus1952-54v09p1.
target-in-missing-pages,confirmed,frus1952-54v09p2,,frus1952-54v09p2.xml,72082,5991605,frus1952-54v09p1#pg_1677,1677,,Resolves once Documents 900-946 are restored to frus1952-54v09p1.
target-in-missing-pages,confirmed,frus1952-54v09p2,,frus1952-54v09p2.xml,72082,5991657,frus1952-54v09p1#pg_1678,1678,,Resolves once Documents 900-946 are restored to frus1952-54v09p1.
target-in-missing-pages,confirmed,frus1952-54v09p2,,frus1952-54v09p2.xml,72083,5991744,frus1952-54v09p1#pg_1689,1689,,Resolves once Documents 900-946 are restored to frus1952-54v09p1.
target-in-missing-pages,confirmed,frus1952-54v09p2,,frus1952-54v09p2.xml,72084,5991831,frus1952-54v09p1#pg_1727,1727,,Resolves once Documents 900-946 are restored to frus1952-54v09p1.
target-in-missing-pages,confirmed,frus1952-54v09p2,,frus1952-54v09p2.xml,72085,5991919,frus1952-54v09p1#pg_1730,1730,,Resolves once Documents 900-946 are restored to frus1952-54v09p1.
target-in-missing-pages,confirmed,frus1952-54v09p2,,frus1952-54v09p2.xml,72090,5992311,frus1952-54v09p1#pg_1727,1727,,Resolves once Documents 900-946 are restored to frus1952-54v09p1.
target-in-missing-pages,confirmed,frus1952-54v09p2,,frus1952-54v09p2.xml,72253,6006573,frus1952-54v09p1#pg_1677,1677,,Resolves once Documents 900-946 are restored to frus1952-54v09p1.
target-in-missing-pages,confirmed,frus1952-54v09p2,,frus1952-54v09p2.xml,72276,6008537,frus1952-54v09p1#pg_1677,1677,,Resolves once Documents 900-946 are restored to frus1952-54v09p1.
target-in-missing-pages,confirmed,frus1952-54v09p2,,frus1952-54v09p2.xml,72277,6008625,frus1952-54v09p1#pg_1678,1678,,Resolves once Documents 900-946 are restored to frus1952-54v09p1.
target-in-missing-pages,confirmed,frus1952-54v09p2,,frus1952-54v09p2.xml,72278,6008712,frus1952-54v09p1#pg_1689,1689,,Resolves once Documents 900-946 are restored to frus1952-54v09p1.
target-in-missing-pages,confirmed,frus1952-54v09p2,,frus1952-54v09p2.xml,72279,6008800,frus1952-54v09p1#pg_1690,1690,,Resolves once Documents 900-946 are restored to frus1952-54v09p1.
target-in-missing-pages,confirmed,frus1952-54v09p2,,frus1952-54v09p2.xml,72290,6009723,frus1952-54v09p1#pg_1727,1727,,Resolves once Documents 900-946 are restored to frus1952-54v09p1.
target-in-missing-pages,confirmed,frus1952-54v09p2,,frus1952-54v09p2.xml,72322,6012533,frus1952-54v09p1#pg_1677,1677,,Resolves once Documents 900-946 are restored to frus1952-54v09p1.
target-in-missing-pages,confirmed,frus1952-54v09p2,,frus1952-54v09p2.xml,72323,6012628,frus1952-54v09p1#pg_1689,1689,,Resolves once Documents 900-946 are restored to frus1952-54v09p1.
target-in-missing-pages,confirmed,frus1952-54v09p2,,frus1952-54v09p2.xml,72324,6012724,frus1952-54v09p1#pg_1690,1690,,Resolves once Documents 900-946 are restored to frus1952-54v09p1.
target-in-missing-pages,confirmed,frus1952-54v09p2,,frus1952-54v09p2.xml,72325,6012819,frus1952-54v09p1#pg_1727,1727,,Resolves once Documents 900-946 are restored to frus1952-54v09p1.
target-in-missing-pages,confirmed,frus1952-54v09p2,,frus1952-54v09p2.xml,72326,6012915,frus1952-54v09p1#pg_1730,1730,,Resolves once Documents 900-946 are restored to frus1952-54v09p1.
target-in-missing-pages,confirmed,frus1952-54v09p2,,frus1952-54v09p2.xml,72424,6021178,frus1952-54v09p1#pg_1665,1665,,Resolves once Documents 900-946 are restored to frus1952-54v09p1.
target-in-missing-pages,confirmed,frus1952-54v09p2,,frus1952-54v09p2.xml,72553,6032050,frus1952-54v09p1#pg_1724,1724,,Resolves once Documents 900-946 are restored to frus1952-54v09p1.
target-in-missing-pages,confirmed,frus1952-54v09p2,,frus1952-54v09p2.xml,72737,6045579,frus1952-54v09p1#pg_1689,1689,,Resolves once Documents 900-946 are restored to frus1952-54v09p1.
target-in-missing-pages,confirmed,frus1952-54v09p2,,frus1952-54v09p2.xml,72738,6045658,frus1952-54v09p1#pg_1706,1706,,Resolves once Documents 900-946 are restored to frus1952-54v09p1.
target-in-missing-pages,confirmed,frus1952-54v09p2,,frus1952-54v09p2.xml,72739,6045738,frus1952-54v09p1#pg_1707,1707,,Resolves once Documents 900-946 are restored to frus1952-54v09p1.
target-in-missing-pages,confirmed,frus1952-54v09p2,,frus1952-54v09p2.xml,72752,6046573,frus1952-54v09p1#pg_1679,1679,,Resolves once Documents 900-946 are restored to frus1952-54v09p1.
target-in-missing-pages,confirmed,frus1952-54v09p2,,frus1952-54v09p2.xml,72753,6046653,frus1952-54v09p1#pg_1680,1680,,Resolves once Documents 900-946 are restored to frus1952-54v09p1.
target-in-missing-pages,confirmed,frus1952-54v09p2,,frus1952-54v09p2.xml,72754,6046732,frus1952-54v09p1#pg_1700,1700,,Resolves once Documents 900-946 are restored to frus1952-54v09p1.
target-in-missing-pages,confirmed,frus1952-54v09p2,,frus1952-54v09p2.xml,72755,6046812,frus1952-54v09p1#pg_1702,1702,,Resolves once Documents 900-946 are restored to frus1952-54v09p1.
target-in-missing-pages,confirmed,frus1952-54v09p2,,frus1952-54v09p2.xml,72756,6046891,frus1952-54v09p1#pg_1714,1714,,Resolves once Documents 900-946 are restored to frus1952-54v09p1.
target-in-missing-pages,confirmed,frus1952-54v09p2,,frus1952-54v09p2.xml,72757,6046971,frus1952-54v09p1#pg_1715,1715,,Resolves once Documents 900-946 are restored to frus1952-54v09p1.
target-in-missing-pages,confirmed,frus1952-54v09p2,,frus1952-54v09p2.xml,73162,6077564,frus1952-54v09p1#pg_1683,1683,,Resolves once Documents 900-946 are restored to frus1952-54v09p1.
target-in-missing-pages,confirmed,frus1952-54v09p2,,frus1952-54v09p2.xml,73163,6077644,frus1952-54v09p1#pg_1684,1684,,Resolves once Documents 900-946 are restored to frus1952-54v09p1.
target-in-missing-pages,confirmed,frus1952-54v09p2,,frus1952-54v09p2.xml,73200,6080540,frus1952-54v09p1#pg_1734,1734,,Resolves once Documents 900-946 are restored to frus1952-54v09p1.
target-in-missing-pages,confirmed,frus1952-54v09p2,,frus1952-54v09p2.xml,73201,6080620,frus1952-54v09p1#pg_1738,1738,,Resolves once Documents 900-946 are restored to frus1952-54v09p1.
target-in-missing-pages,confirmed,frus1952-54v09p2,,frus1952-54v09p2.xml,73305,6088435,frus1952-54v09p1#pg_1683,1683,,Resolves once Documents 900-946 are restored to frus1952-54v09p1.
target-in-missing-pages,confirmed,frus1952-54v09p2,,frus1952-54v09p2.xml,73306,6088515,frus1952-54v09p1#pg_1684,1684,,Resolves once Documents 900-946 are restored to frus1952-54v09p1.
target-in-missing-pages,confirmed,frus1952-54v09p2,,frus1952-54v09p2.xml,73479,6101715,frus1952-54v09p1#pg_1683,1683,,Resolves once Documents 900-946 are restored to frus1952-54v09p1.
target-in-missing-pages,confirmed,frus1952-54v09p2,,frus1952-54v09p2.xml,73620,6113812,frus1952-54v09p1#pg_1685,1685,,Resolves once Documents 900-946 are restored to frus1952-54v09p1.
target-in-missing-pages,confirmed,frus1952-54v09p2,,frus1952-54v09p2.xml,73621,6113908,frus1952-54v09p1#pg_1690,1690,,Resolves once Documents 900-946 are restored to frus1952-54v09p1.
target-in-missing-pages,confirmed,frus1952-54v09p2,,frus1952-54v09p2.xml,74404,6176800,frus1952-54v09p1#pg_1718,1718,,Resolves once Documents 900-946 are restored to frus1952-54v09p1.
target-in-missing-pages,confirmed,frus1952-54v09p2,,frus1952-54v09p2.xml,74503,6184367,frus1952-54v09p1#pg_1664,1664,,Resolves once Documents 900-946 are restored to frus1952-54v09p1.
target-in-missing-pages,confirmed,frus1952-54v09p2,,frus1952-54v09p2.xml,74503,6184418,frus1952-54v09p1#pg_1731,1731,,Resolves once Documents 900-946 are restored to frus1952-54v09p1.
target-in-missing-pages,confirmed,frus1952-54v09p2,,frus1952-54v09p2.xml,74504,6184497,frus1952-54v09p1#pg_1739,1739,,Resolves once Documents 900-946 are restored to frus1952-54v09p1.
target-in-missing-pages,confirmed,frus1952-54v09p2,,frus1952-54v09p2.xml,74505,6184577,frus1952-54v09p1#pg_1740,1740,,Resolves once Documents 900-946 are restored to frus1952-54v09p1.
target-in-missing-pages,confirmed,frus1952-54v09p2,,frus1952-54v09p2.xml,74680,6198342,frus1952-54v09p1#pg_1695,1695,,Resolves once Documents 900-946 are restored to frus1952-54v09p1.
target-in-missing-pages,confirmed,frus1952-54v09p2,,frus1952-54v09p2.xml,75064,6226741,frus1952-54v09p1#pg_1716,1716,,Resolves once Documents 900-946 are restored to frus1952-54v09p1.
target-in-missing-pages,confirmed,frus1952-54v09p2,,frus1952-54v09p2.xml,75221,6239960,frus1952-54v09p1#pg_1685,1685,,Resolves once Documents 900-946 are restored to frus1952-54v09p1.
target-in-missing-pages,confirmed,frus1952-54v09p2,,frus1952-54v09p2.xml,75222,6240048,frus1952-54v09p1#pg_1690,1690,,Resolves once Documents 900-946 are restored to frus1952-54v09p1.
target-in-missing-pages,confirmed,frus1952-54v09p2,,frus1952-54v09p2.xml,75268,6243868,frus1952-54v09p1#pg_1686,1686,,Resolves once Documents 900-946 are restored to frus1952-54v09p1.
target-in-missing-pages,confirmed,frus1952-54v09p2,,frus1952-54v09p2.xml,75269,6243956,frus1952-54v09p1#pg_1690,1690,,Resolves once Documents 900-946 are restored to frus1952-54v09p1.
target-in-missing-pages,confirmed,frus1952-54v09p2,,frus1952-54v09p2.xml,75758,6283067,frus1952-54v09p1#pg_1712,1712,,Resolves once Documents 900-946 are restored to frus1952-54v09p1.
target-in-missing-pages,confirmed,frus1952-54v09p2,,frus1952-54v09p2.xml,75862,6290461,frus1952-54v09p1#pg_1673,1673,,Resolves once Documents 900-946 are restored to frus1952-54v09p1.
target-in-missing-pages,confirmed,frus1952-54v09p2,,frus1952-54v09p2.xml,75863,6290541,frus1952-54v09p1#pg_1674,1674,,Resolves once Documents 900-946 are restored to frus1952-54v09p1.
target-in-missing-pages,confirmed,frus1952-54v09p2,,frus1952-54v09p2.xml,75864,6290620,frus1952-54v09p1#pg_1738,1738,,Resolves once Documents 900-946 are restored to frus1952-54v09p1.
target-in-missing-pages,confirmed,frus1952-54v09p2,,frus1952-54v09p2.xml,75865,6290700,frus1952-54v09p1#pg_1739,1739,,Resolves once Documents 900-946 are restored to frus1952-54v09p1.
target-in-missing-pages,confirmed,frus1952-54v09p2,,frus1952-54v09p2.xml,75866,6290778,frus1952-54v09p1#pg_1741,1741,,Resolves once Documents 900-946 are restored to frus1952-54v09p1.
target-in-missing-pages,confirmed,frus1952-54v09p2,,frus1952-54v09p2.xml,75956,6297317,frus1952-54v09p1#pg_1732,1732,,Resolves once Documents 900-946 are restored to frus1952-54v09p1.
target-in-missing-pages,confirmed,frus1952-54v09p2,,frus1952-54v09p2.xml,75957,6297405,frus1952-54v09p1#pg_1734,1734,,Resolves once Documents 900-946 are restored to frus1952-54v09p1.
target-in-missing-pages,confirmed,frus1952-54v09p2,,frus1952-54v09p2.xml,75986,6299800,frus1952-54v09p1#pg_1661,1661,,Resolves once Documents 900-946 are restored to frus1952-54v09p1.
target-in-missing-pages,confirmed,frus1952-54v09p2,,frus1952-54v09p2.xml,75987,6299897,frus1952-54v09p1#pg_1662,1662,,Resolves once Documents 900-946 are restored to frus1952-54v09p1.
target-in-missing-pages,confirmed,frus1952-54v09p2,,frus1952-54v09p2.xml,76029,6303544,frus1952-54v09p1#pg_1662,1662,,Resolves once Documents 900-946 are restored to frus1952-54v09p1.
target-in-missing-pages,confirmed,frus1952-54v09p2,,frus1952-54v09p2.xml,76223,6318929,frus1952-54v09p1#pg_1712,1712,,Resolves once Documents 900-946 are restored to frus1952-54v09p1.
target-in-missing-pages,confirmed,frus1952-54v09p2,,frus1952-54v09p2.xml,76224,6319018,frus1952-54v09p1#pg_1714,1714,,Resolves once Documents 900-946 are restored to frus1952-54v09p1.
target-in-missing-pages,confirmed,frus1952-54v09p2,,frus1952-54v09p2.xml,76606,6351189,frus1952-54v09p1#pg_1711,1711,,Resolves once Documents 900-946 are restored to frus1952-54v09p1.
target-in-missing-pages,confirmed,frus1952-54v09p2,,frus1952-54v09p2.xml,76606,6351241,frus1952-54v09p1#pg_1714,1714,,Resolves once Documents 900-946 are restored to frus1952-54v09p1.
target-in-missing-pages,confirmed,frus1952-54v09p2,,frus1952-54v09p2.xml,76622,6352242,frus1952-54v09p1#pg_1730,1730,,Resolves once Documents 900-946 are restored to frus1952-54v09p1.
target-in-missing-pages,confirmed,frus1952-54v09p2,,frus1952-54v09p2.xml,76673,6356068,frus1952-54v09p1#pg_1661,1661,,Resolves once Documents 900-946 are restored to frus1952-54v09p1.
target-in-missing-pages,confirmed,frus1952-54v09p2,,frus1952-54v09p2.xml,76674,6356155,frus1952-54v09p1#pg_1679,1679,,Resolves once Documents 900-946 are restored to frus1952-54v09p1.
target-in-missing-pages,confirmed,frus1952-54v09p2,,frus1952-54v09p2.xml,76705,6358651,frus1952-54v09p1#pg_1661,1661,,Resolves once Documents 900-946 are restored to frus1952-54v09p1.
target-in-missing-pages,confirmed,frus1952-54v09p2,,frus1952-54v09p2.xml,76706,6358746,frus1952-54v09p1#pg_1679,1679,,Resolves once Documents 900-946 are restored to frus1952-54v09p1.
target-in-missing-pages,confirmed,frus1952-54v09p2,,frus1952-54v09p2.xml,76722,6360109,frus1952-54v09p1#pg_1661,1661,,Resolves once Documents 900-946 are restored to frus1952-54v09p1.
target-in-missing-pages,confirmed,frus1952-54v09p2,,frus1952-54v09p2.xml,76727,6360512,frus1952-54v09p1#pg_1714,1714,,Resolves once Documents 900-946 are restored to frus1952-54v09p1.
target-in-missing-pages,confirmed,frus1952-54v09p2,,frus1952-54v09p2.xml,76728,6360608,frus1952-54v09p1#pg_1715,1715,,Resolves once Documents 900-946 are restored to frus1952-54v09p1.
target-in-missing-pages,confirmed,frus1952-54v09p2,,frus1952-54v09p2.xml,76729,6360703,frus1952-54v09p1#pg_1726,1726,,Resolves once Documents 900-946 are restored to frus1952-54v09p1.
target-in-missing-pages,confirmed,frus1952-54v09p2,,frus1952-54v09p2.xml,76730,6360799,frus1952-54v09p1#pg_1727,1727,,Resolves once Documents 900-946 are restored to frus1952-54v09p1.
target-in-missing-pages,confirmed,frus1952-54v09p2,,frus1952-54v09p2.xml,76840,6369615,frus1952-54v09p1#pg_1740,1740,,Resolves once Documents 900-946 are restored to frus1952-54v09p1.
target-in-missing-pages,confirmed,frus1952-54v09p2,,frus1952-54v09p2.xml,76883,6372874,frus1952-54v09p1#pg_1683,1683,,Resolves once Documents 900-946 are restored to frus1952-54v09p1.
target-in-missing-pages,confirmed,frus1952-54v09p2,,frus1952-54v09p2.xml,76883,6372925,frus1952-54v09p1#pg_1719,1719,,Resolves once Documents 900-946 are restored to frus1952-54v09p1.
target-in-missing-pages,confirmed,frus1952-54v09p2,,frus1952-54v09p2.xml,76884,6373004,frus1952-54v09p1#pg_1725,1725,,Resolves once Documents 900-946 are restored to frus1952-54v09p1.
target-in-missing-pages,confirmed,frus1952-54v09p2,,frus1952-54v09p2.xml,77975,6461682,frus1952-54v09p1#pg_1694,1694,,Resolves once Documents 900-946 are restored to frus1952-54v09p1.
target-in-missing-pages,confirmed,frus1952-54v09p2,,frus1952-54v09p2.xml,77976,6461779,frus1952-54v09p1#pg_1700,1700,,Resolves once Documents 900-946 are restored to frus1952-54v09p1.
target-in-missing-pages,confirmed,frus1952-54v09p2,,frus1952-54v09p2.xml,77977,6461875,frus1952-54v09p1#pg_1707,1707,,Resolves once Documents 900-946 are restored to frus1952-54v09p1.
target-in-missing-pages,confirmed,frus1952-54v09p2,,frus1952-54v09p2.xml,77978,6461972,frus1952-54v09p1#pg_1714,1714,,Resolves once Documents 900-946 are restored to frus1952-54v09p1.
target-in-missing-pages,confirmed,frus1952-54v09p2,,frus1952-54v09p2.xml,77979,6462068,frus1952-54v09p1#pg_1718,1718,,Resolves once Documents 900-946 are restored to frus1952-54v09p1.
target-in-missing-pages,confirmed,frus1952-54v09p2,,frus1952-54v09p2.xml,78008,6464493,frus1952-54v09p1#pg_1727,1727,,Resolves once Documents 900-946 are restored to frus1952-54v09p1.
target-in-missing-pages,confirmed,frus1952-54v09p2,,frus1952-54v09p2.xml,78009,6464581,frus1952-54v09p1#pg_1730,1730,,Resolves once Documents 900-946 are restored to frus1952-54v09p1.
target-in-missing-pages,confirmed,frus1952-54v09p2,,frus1952-54v09p2.xml,78212,6480030,frus1952-54v09p1#pg_1727,1727 n,,Resolves once Documents 900-946 are restored to frus1952-54v09p1.
missing-hash,confirmed,frus1952-54v09p2,,frus1952-54v09p2.xml,78230,6481433,pg_1743,1743,frus1952-54v09p2#pg_1743,"target=""pg_1743"" lacks the #."
target-in-missing-pages,confirmed,frus1952-54v09p2,,frus1952-54v09p2.xml,78429,6496691,frus1952-54v09p1#pg_1683,1683,,Resolves once Documents 900-946 are restored to frus1952-54v09p1.
target-in-missing-pages,confirmed,frus1952-54v09p2,,frus1952-54v09p2.xml,78430,6496779,frus1952-54v09p1#pg_1685,1685,,Resolves once Documents 900-946 are restored to frus1952-54v09p1.
target-in-missing-pages,confirmed,frus1952-54v09p2,,frus1952-54v09p2.xml,78431,6496866,frus1952-54v09p1#pg_1693,1693,,Resolves once Documents 900-946 are restored to frus1952-54v09p1.
target-in-missing-pages,confirmed,frus1952-54v09p2,,frus1952-54v09p2.xml,78432,6496954,frus1952-54v09p1#pg_1694,1694,,Resolves once Documents 900-946 are restored to frus1952-54v09p1.
target-in-missing-pages,confirmed,frus1952-54v09p2,,frus1952-54v09p2.xml,78433,6497041,frus1952-54v09p1#pg_1719,1719,,Resolves once Documents 900-946 are restored to frus1952-54v09p1.
target-in-missing-pages,confirmed,frus1952-54v09p2,,frus1952-54v09p2.xml,78434,6497128,frus1952-54v09p1#pg_1724,1724,,Resolves once Documents 900-946 are restored to frus1952-54v09p1.
target-in-missing-pages,confirmed,frus1952-54v09p2,,frus1952-54v09p2.xml,78435,6497215,frus1952-54v09p1#pg_1733,1733,,Resolves once Documents 900-946 are restored to frus1952-54v09p1.
index-id-never-assigned,confirmed,frus1952-54v09p2,,frus1952-54v09p2.xml,78457,6498995,#in50,Sudan sovereignty,,"An index ""See"" reference to an entry id the index does not carry."
index-id-never-assigned,confirmed,frus1952-54v09p2,,frus1952-54v09p2.xml,78458,6499084,#in51,"Suez Canal Zone, Anglo-Egyptian negotiations",,"An index ""See"" reference to an entry id the index does not carry."
target-in-missing-pages,confirmed,frus1952-54v09p2,,frus1952-54v09p2.xml,78543,6506115,frus1952-54v09p1#pg_1721,1721,,Resolves once Documents 900-946 are restored to frus1952-54v09p1.
target-in-missing-pages,confirmed,frus1952-54v09p2,,frus1952-54v09p2.xml,78582,6509023,frus1952-54v09p1#pg_1683,1683,,Resolves once Documents 900-946 are restored to frus1952-54v09p1.
target-in-missing-pages,confirmed,frus1952-54v09p2,,frus1952-54v09p2.xml,78744,6522092,frus1952-54v09p1#pg_1721,1721,,Resolves once Documents 900-946 are restored to frus1952-54v09p1.
target-in-missing-pages,confirmed,frus1952-54v09p2,,frus1952-54v09p2.xml,78828,6528676,frus1952-54v09p1#pg_1666,1666,,Resolves once Documents 900-946 are restored to frus1952-54v09p1.
target-in-missing-pages,confirmed,frus1952-54v09p2,,frus1952-54v09p2.xml,78896,6534244,frus1952-54v09p1#pg_1685,1685,,Resolves once Documents 900-946 are restored to frus1952-54v09p1.
target-in-missing-pages,confirmed,frus1952-54v09p2,,frus1952-54v09p2.xml,78897,6534332,frus1952-54v09p1#pg_1690,1690,,Resolves once Documents 900-946 are restored to frus1952-54v09p1.
target-in-missing-pages,confirmed,frus1952-54v09p2,,frus1952-54v09p2.xml,78920,6535997,frus1952-54v09p1#pg_1691,1691,,Resolves once Documents 900-946 are restored to frus1952-54v09p1.
target-in-missing-pages,confirmed,frus1952-54v09p2,,frus1952-54v09p2.xml,78921,6536092,frus1952-54v09p1#pg_1705,1705,,Resolves once Documents 900-946 are restored to frus1952-54v09p1.
target-in-missing-pages,confirmed,frus1952-54v09p2,,frus1952-54v09p2.xml,78922,6536188,frus1952-54v09p1#pg_1706,1706,,Resolves once Documents 900-946 are restored to frus1952-54v09p1.
target-in-missing-pages,confirmed,frus1952-54v09p2,,frus1952-54v09p2.xml,78926,6536501,frus1952-54v09p1#pg_1680,1680,,Resolves once Documents 900-946 are restored to frus1952-54v09p1.
target-in-missing-pages,confirmed,frus1952-54v09p2,,frus1952-54v09p2.xml,78927,6536597,frus1952-54v09p1#pg_1681,1681,,Resolves once Documents 900-946 are restored to frus1952-54v09p1.
target-in-missing-pages,confirmed,frus1952-54v09p2,,frus1952-54v09p2.xml,78933,6537005,frus1952-54v09p1#pg_1666,1666,,Resolves once Documents 900-946 are restored to frus1952-54v09p1.
target-in-missing-pages,confirmed,frus1952-54v09p2,,frus1952-54v09p2.xml,78962,6539182,frus1952-54v09p1#pg_1685,1685,,Resolves once Documents 900-946 are restored to frus1952-54v09p1.
target-in-missing-pages,confirmed,frus1952-54v09p2,,frus1952-54v09p2.xml,78963,6539262,frus1952-54v09p1#pg_1690,1690,,Resolves once Documents 900-946 are restored to frus1952-54v09p1.
target-in-missing-pages,confirmed,frus1952-54v09p2,,frus1952-54v09p2.xml,78964,6539341,frus1952-54v09p1#pg_1705,1705,,Resolves once Documents 900-946 are restored to frus1952-54v09p1.
target-in-missing-pages,confirmed,frus1952-54v09p2,,frus1952-54v09p2.xml,78965,6539421,frus1952-54v09p1#pg_1707,1707,,Resolves once Documents 900-946 are restored to frus1952-54v09p1.
target-in-missing-pages,confirmed,frus1952-54v09p2,,frus1952-54v09p2.xml,79010,6542795,frus1952-54v09p1#pg_1685,1685,,Resolves once Documents 900-946 are restored to frus1952-54v09p1.
target-in-missing-pages,confirmed,frus1952-54v09p2,,frus1952-54v09p2.xml,79011,6542883,frus1952-54v09p1#pg_1690,1690,,Resolves once Documents 900-946 are restored to frus1952-54v09p1.
target-in-missing-pages,confirmed,frus1952-54v09p2,,frus1952-54v09p2.xml,79072,6547330,frus1952-54v09p1#pg_1710,1710,,Resolves once Documents 900-946 are restored to frus1952-54v09p1.
target-in-missing-pages,confirmed,frus1952-54v09p2,,frus1952-54v09p2.xml,79072,6547382,frus1952-54v09p1#pg_1714,1714,,Resolves once Documents 900-946 are restored to frus1952-54v09p1.
target-in-missing-pages,confirmed,frus1952-54v09p2,,frus1952-54v09p2.xml,79184,6555685,frus1952-54v09p1#pg_1726,1726,,Resolves once Documents 900-946 are restored to frus1952-54v09p1.
target-in-missing-pages,confirmed,frus1952-54v09p2,,frus1952-54v09p2.xml,79185,6555765,frus1952-54v09p1#pg_1727,1727,,Resolves once Documents 900-946 are restored to frus1952-54v09p1.
page-number-typo,question,frus1952-54v13p2,,frus1952-54v13p2.xml,83061,6958898,#pg_2662,2662,frus1952-54v13p2#pg_2262,The range reads 2261-2662; the volume ends at p. 2497.
page-number-typo,question,frus1952-54v15p2,,frus1952-54v15p2.xml,77667,6589176,#pg_2141,2141,frus1952-54v15p2#pg_1241,The range reads 1240-2141; the volume ends at p. 1997.
page-number-typo,question,frus1955-57v21,,frus1955-57v21.xml,72568,6157238,#pg_3033,3033,frus1955-57v21#pg_1033,The range reads 1032-3033; the volume ends at p. 1102.
wrong-volume,confirmed,frus1958-60v05,d288,frus1958-60v05.xml,50895,4232610,frus1958-60v05mSupp#d302,Document 302,frus1958-60v05#d302,"Document 302 is this volume's own editorial note on the microfiche supplement, which has no d302."
wrong-volume,confirmed,frus1958-60v05,d288,frus1958-60v05.xml,50908,4233867,frus1958-60v05mSupp#d302,Document 302,frus1958-60v05#d302,"Document 302 is this volume's own editorial note on the microfiche supplement, which has no d302."
index-id-never-assigned,confirmed,frus1961-63v10,,frus1961-63v10.xml,71951,5823550,#in1,Alliance for Progress,,"An index ""See"" reference to an entry id the index does not carry."
index-id-never-assigned,confirmed,frus1961-63v10,,frus1961-63v10.xml,71986,5826454,#in2,Latin American support,,"An index ""See"" reference to an entry id the index does not carry."
index-id-never-assigned,confirmed,frus1961-63v10,,frus1961-63v10.xml,72076,5834064,#in3,Cuba Study Group,,"An index ""See"" reference to an entry id the index does not carry."
index-id-never-assigned,confirmed,frus1961-63v10,,frus1961-63v10.xml,72092,5835415,#in4,In-progress planning modifications,,"An index ""See"" reference to an entry id the index does not carry."
index-id-never-assigned,confirmed,frus1961-63v10,,frus1961-63v10.xml,72117,5837569,#in5,Air Support,,"An index ""See"" reference to an entry id the index does not carry."
index-id-never-assigned,confirmed,frus1961-63v10,,frus1961-63v10.xml,72119,5837715,#in3,Cuba Study Group,,"An index ""See"" reference to an entry id the index does not carry."
index-id-never-assigned,confirmed,frus1961-63v10,,frus1961-63v10.xml,72188,5843697,#in6,Fall-back plans,,"An index ""See"" reference to an entry id the index does not carry."
index-id-never-assigned,confirmed,frus1961-63v10,,frus1961-63v10.xml,72190,5843847,#in3,Cuba Study Group,,"An index ""See"" reference to an entry id the index does not carry."
index-id-never-assigned,confirmed,frus1961-63v10,,frus1961-63v10.xml,72218,5846106,#in7,Indigenous support,,"An index ""See"" reference to an entry id the index does not carry."
index-id-never-assigned,confirmed,frus1961-63v10,,frus1961-63v10.xml,72220,5846259,#in3,Cuba Study Group,,"An index ""See"" reference to an entry id the index does not carry."
index-id-never-assigned,confirmed,frus1961-63v10,,frus1961-63v10.xml,72272,5850840,#in8,JCS evaluations,,"An index ""See"" reference to an entry id the index does not carry."
index-id-never-assigned,confirmed,frus1961-63v10,,frus1961-63v10.xml,72274,5851027,#in3,Cuba Study Group,,"An index ""See"" reference to an entry id the index does not carry."
index-id-never-assigned,confirmed,frus1961-63v10,,frus1961-63v10.xml,72288,5852128,#in35,World public opinion,,"An index ""See"" reference to an entry id the index does not carry."
index-id-never-assigned,confirmed,frus1961-63v10,,frus1961-63v10.xml,72355,5857932,#in10,Presidential information/approval,,"An index ""See"" reference to an entry id the index does not carry."
index-id-never-assigned,confirmed,frus1961-63v10,,frus1961-63v10.xml,72357,5858101,#in3,Cuba Study Group,,"An index ""See"" reference to an entry id the index does not carry."
index-id-never-assigned,confirmed,frus1961-63v10,,frus1961-63v10.xml,72385,5860505,#in4,In-progress planning modifications,,"An index ""See"" reference to an entry id the index does not carry."
index-id-never-assigned,confirmed,frus1961-63v10,,frus1961-63v10.xml,72407,5862507,#in11,Overt U.S. support,,"An index ""See"" reference to an entry id the index does not carry."
index-id-never-assigned,confirmed,frus1961-63v10,,frus1961-63v10.xml,72484,5869012,#in12,Trinidad plan,,"An index ""See"" reference to an entry id the index does not carry."
index-id-never-assigned,confirmed,frus1961-63v10,,frus1961-63v10.xml,72486,5869161,#in3,Cuba Study Group,,"An index ""See"" reference to an entry id the index does not carry."
index-id-never-assigned,confirmed,frus1961-63v10,,frus1961-63v10.xml,72640,5882318,#in14,Economic sanctions,,"An index ""See"" reference to an entry id the index does not carry."
index-id-never-assigned,confirmed,frus1961-63v10,,frus1961-63v10.xml,72663,5884092,#in2,Latin American support,,"An index ""See"" reference to an entry id the index does not carry."
index-id-never-assigned,confirmed,frus1961-63v10,,frus1961-63v10.xml,72712,5888116,#in2,Latin American support,,"An index ""See"" reference to an entry id the index does not carry."
index-id-never-assigned,confirmed,frus1961-63v10,,frus1961-63v10.xml,72840,5898842,#in3,Cuba Study Group,,"An index ""See"" reference to an entry id the index does not carry."
index-id-never-assigned,confirmed,frus1961-63v10,,frus1961-63v10.xml,72969,5909535,#in2,Latin American support,,"An index ""See"" reference to an entry id the index does not carry."
index-id-never-assigned,confirmed,frus1961-63v10,,frus1961-63v10.xml,73023,5914121,#in2,Latin American support,,"An index ""See"" reference to an entry id the index does not carry."
index-id-never-assigned,confirmed,frus1961-63v10,,frus1961-63v10.xml,73077,5918576,#in2,Latin American support,,"An index ""See"" reference to an entry id the index does not carry."
index-id-never-assigned,confirmed,frus1961-63v10,,frus1961-63v10.xml,73109,5921169,#in16,Bay of Pigs operation,,"An index ""See"" reference to an entry id the index does not carry."
index-id-never-assigned,confirmed,frus1961-63v10,,frus1961-63v10.xml,73109,5921218,#in24,Blockade proposals,,"An index ""See"" reference to an entry id the index does not carry."
index-id-never-assigned,confirmed,frus1961-63v10,,frus1961-63v10.xml,73110,5921293,#in17,Cuban Revolutionary Council,,"An index ""See"" reference to an entry id the index does not carry."
index-id-never-assigned,confirmed,frus1961-63v10,,frus1961-63v10.xml,73111,5921376,#in14,Economic sanctions,,"An index ""See"" reference to an entry id the index does not carry."
index-id-never-assigned,confirmed,frus1961-63v10,,frus1961-63v10.xml,73112,5921503,#in18,Operation Mongoose,,"An index ""See"" reference to an entry id the index does not carry."
index-id-never-assigned,confirmed,frus1961-63v10,,frus1961-63v10.xml,73113,5921578,#in19,Provisional government,,"An index ""See"" reference to an entry id the index does not carry."
index-id-never-assigned,confirmed,frus1961-63v10,,frus1961-63v10.xml,73114,5921656,#in32,Soviet Bloc military aid,,"An index ""See"" reference to an entry id the index does not carry."
index-id-never-assigned,confirmed,frus1961-63v10,,frus1961-63v10.xml,73115,5921736,#in20,Soviet missile site construction,,"An index ""See"" reference to an entry id the index does not carry."
index-id-never-assigned,confirmed,frus1961-63v10,,frus1961-63v10.xml,73115,5921796,#in21,U.S. post-Bay of Pigs policies,,"An index ""See"" reference to an entry id the index does not carry."
index-id-never-assigned,confirmed,frus1961-63v10,,frus1961-63v10.xml,73141,5924018,#in22,Intelligence,,"An index ""See"" reference to an entry id the index does not carry."
index-id-never-assigned,confirmed,frus1961-63v10,,frus1961-63v10.xml,73143,5924150,#in32,Soviet Bloc military aid to Cuba,,"An index ""See"" reference to an entry id the index does not carry."
index-id-never-assigned,confirmed,frus1961-63v10,,frus1961-63v10.xml,73485,5953621,#in16,Bay of Pigs operation,,"An index ""See"" reference to an entry id the index does not carry."
index-id-never-assigned,confirmed,frus1961-63v10,,frus1961-63v10.xml,73530,5957356,#in23,Soviet Bloc relations with Cuba,,"An index ""See"" reference to an entry id the index does not carry."
index-id-never-assigned,confirmed,frus1961-63v10,,frus1961-63v10.xml,73631,5965777,#in2,Latin American support,,"An index ""See"" reference to an entry id the index does not carry."
index-id-never-assigned,confirmed,frus1961-63v10,,frus1961-63v10.xml,73659,5968052,#in3,Cuba Study Group,,"An index ""See"" reference to an entry id the index does not carry."
index-id-never-assigned,confirmed,frus1961-63v10,,frus1961-63v10.xml,73719,5972996,#in24,Blockade proposals,,"An index ""See"" reference to an entry id the index does not carry."
index-id-never-assigned,confirmed,frus1961-63v10,,frus1961-63v10.xml,73719,5973042,#in14,Economic sanctions,,"An index ""See"" reference to an entry id the index does not carry."
index-id-never-assigned,confirmed,frus1961-63v10,,frus1961-63v10.xml,73722,5973192,#in18,Operation Mongoose,,"An index ""See"" reference to an entry id the index does not carry."
index-id-never-assigned,confirmed,frus1961-63v10,,frus1961-63v10.xml,73748,5975334,#in2,Latin American support,,"An index ""See"" reference to an entry id the index does not carry."
index-id-never-assigned,confirmed,frus1961-63v10,,frus1961-63v10.xml,73777,5977591,#in2,Latin American support,,"An index ""See"" reference to an entry id the index does not carry."
index-id-never-assigned,confirmed,frus1961-63v10,,frus1961-63v10.xml,73779,5977743,#in14,Economic sanctions,,"An index ""See"" reference to an entry id the index does not carry."
index-id-never-assigned,confirmed,frus1961-63v10,,frus1961-63v10.xml,73832,5981942,#in17,Cuban Revolutionary Council,,"An index ""See"" reference to an entry id the index does not carry."
index-id-never-assigned,confirmed,frus1961-63v10,,frus1961-63v10.xml,73832,5981997,#in19,Provisional government,,"An index ""See"" reference to an entry id the index does not carry."
index-id-never-assigned,confirmed,frus1961-63v10,,frus1961-63v10.xml,73976,5993906,#in17,Cuban Revolutionary Council,,"An index ""See"" reference to an entry id the index does not carry."
index-id-never-assigned,confirmed,frus1961-63v10,,frus1961-63v10.xml,73976,5993961,#in19,Provisional government,,"An index ""See"" reference to an entry id the index does not carry."
index-id-never-assigned,confirmed,frus1961-63v10,,frus1961-63v10.xml,74038,5999125,#in3,Cuba Study Group,,"An index ""See"" reference to an entry id the index does not carry."
index-id-never-assigned,confirmed,frus1961-63v10,,frus1961-63v10.xml,74052,6000281,#in2,Latin American support,,"An index ""See"" reference to an entry id the index does not carry."
index-id-never-assigned,confirmed,frus1961-63v10,,frus1961-63v10.xml,74193,6011884,#in2,Latin American support,,"An index ""See"" reference to an entry id the index does not carry."
index-id-never-assigned,confirmed,frus1961-63v10,,frus1961-63v10.xml,74262,6017774,#in26,Propaganda,,"An index ""See"" reference to an entry id the index does not carry."
index-id-never-assigned,confirmed,frus1961-63v10,,frus1961-63v10.xml,74276,6018889,#in27,Organization of American States,,"An index ""See"" reference to an entry id the index does not carry."
index-id-never-assigned,confirmed,frus1961-63v10,,frus1961-63v10.xml,74361,6026040,#in3,Cuba Study Group,,"An index ""See"" reference to an entry id the index does not carry."
index-id-never-assigned,confirmed,frus1961-63v10,,frus1961-63v10.xml,74400,6029505,#in19,Provisional government,,"An index ""See"" reference to an entry id the index does not carry."
index-id-never-assigned,confirmed,frus1961-63v10,,frus1961-63v10.xml,74412,6030573,#in10,Presidential information/approval,,"An index ""See"" reference to an entry id the index does not carry."
index-id-never-assigned,confirmed,frus1961-63v10,,frus1961-63v10.xml,74414,6030710,#in16,Bay of Pigs operation,,"An index ""See"" reference to an entry id the index does not carry."
index-id-never-assigned,confirmed,frus1961-63v10,,frus1961-63v10.xml,74592,6045992,#in3,Cuba Study Group,,"An index ""See"" reference to an entry id the index does not carry."
index-id-never-assigned,confirmed,frus1961-63v10,,frus1961-63v10.xml,74795,6063281,#in27,Organization of American States,,"An index ""See"" reference to an entry id the index does not carry."
index-id-never-assigned,confirmed,frus1961-63v10,,frus1961-63v10.xml,74795,6063340,#in26,Propaganda,,"An index ""See"" reference to an entry id the index does not carry."
index-id-never-assigned,confirmed,frus1961-63v10,,frus1961-63v10.xml,74797,6063459,#in21,U.S. post-Bay of Pigs policies,,"An index ""See"" reference to an entry id the index does not carry."
index-id-never-assigned,confirmed,frus1961-63v10,,frus1961-63v10.xml,75210,6098326,#in2,Latin American support,,"An index ""See"" reference to an entry id the index does not carry."
index-id-never-assigned,confirmed,frus1961-63v10,,frus1961-63v10.xml,75398,6113595,#in2,Latin American support,,"An index ""See"" reference to an entry id the index does not carry."
index-id-never-assigned,confirmed,frus1961-63v10,,frus1961-63v10.xml,75444,6117335,#in21,U.S. post-Bay of Pigs policies,,"An index ""See"" reference to an entry id the index does not carry."
index-id-never-assigned,confirmed,frus1961-63v10,,frus1961-63v10.xml,75521,6123866,#in29,Reconnaissance flights,,"An index ""See"" reference to an entry id the index does not carry."
index-id-never-assigned,confirmed,frus1961-63v10,,frus1961-63v10.xml,75561,6127414,#in30,U.S. military intervention,,"An index ""See"" reference to an entry id the index does not carry."
index-id-never-assigned,confirmed,frus1961-63v10,,frus1961-63v10.xml,75625,6132915,#in29,Reconnaissance flights,,"An index ""See"" reference to an entry id the index does not carry."
index-id-never-assigned,confirmed,frus1961-63v10,,frus1961-63v10.xml,75758,6144635,#in31,Intervention contingency plans,,"An index ""See"" reference to an entry id the index does not carry."
index-id-never-assigned,confirmed,frus1961-63v10,,frus1961-63v10.xml,75795,6147835,#in2,Latin American support,,"An index ""See"" reference to an entry id the index does not carry."
index-id-never-assigned,confirmed,frus1961-63v10,,frus1961-63v10.xml,75843,6151915,#in2,Latin American support,,"An index ""See"" reference to an entry id the index does not carry."
index-id-never-assigned,confirmed,frus1961-63v10,,frus1961-63v10.xml,75876,6154562,#in2,Latin American support,,"An index ""See"" reference to an entry id the index does not carry."
index-id-never-assigned,confirmed,frus1961-63v10,,frus1961-63v10.xml,75890,6155810,#in18,Operation Mongoose,,"An index ""See"" reference to an entry id the index does not carry."
index-id-never-assigned,confirmed,frus1961-63v10,,frus1961-63v10.xml,75893,6155959,#in21,U.S. post-Bay of Pigs policies,,"An index ""See"" reference to an entry id the index does not carry."
index-id-never-assigned,confirmed,frus1961-63v10,,frus1961-63v10.xml,75905,6156839,#in17,Cuban Revolutionary Council,,"An index ""See"" reference to an entry id the index does not carry."
index-id-never-assigned,confirmed,frus1961-63v10,,frus1961-63v10.xml,76242,6184669,#in20,Soviet missile site construction,,"An index ""See"" reference to an entry id the index does not carry."
index-id-never-assigned,confirmed,frus1961-63v10,,frus1961-63v10.xml,76275,6187472,#in32,Soviet Bloc military aid to Cuba,,"An index ""See"" reference to an entry id the index does not carry."
index-id-never-assigned,confirmed,frus1961-63v10,,frus1961-63v10.xml,76391,6197244,#in18,Operation Mongoose,,"An index ""See"" reference to an entry id the index does not carry."
index-id-never-assigned,confirmed,frus1961-63v10,,frus1961-63v10.xml,76490,6205417,#in3,Cuba study Group,,"An index ""See"" reference to an entry id the index does not carry."
index-id-never-assigned,confirmed,frus1961-63v10,,frus1961-63v10.xml,76555,6210892,#in16,Bay of Pigs operation,,"An index ""See"" reference to an entry id the index does not carry."
index-id-never-assigned,confirmed,frus1961-63v10,,frus1961-63v10.xml,76555,6210941,#in3,Cuba Study Group,,"An index ""See"" reference to an entry id the index does not carry."
index-id-never-assigned,confirmed,frus1961-63v10,,frus1961-63v10.xml,76558,6211133,#in34,Dominican Republic,,"An index ""See"" reference to an entry id the index does not carry."
index-id-never-assigned,confirmed,frus1961-63v10,,frus1961-63v10.xml,76593,6213888,#in2,Latin American support,,"An index ""See"" reference to an entry id the index does not carry."
index-id-never-assigned,confirmed,frus1961-63v10,,frus1961-63v10.xml,76597,6214211,#in26,Propaganda,,"An index ""See"" reference to an entry id the index does not carry."
index-id-never-assigned,confirmed,frus1961-63v10,,frus1961-63v10.xml,76606,6215032,#in18,Operation Mongoose,,"An index ""See"" reference to an entry id the index does not carry."
index-id-never-assigned,confirmed,frus1961-63v10,,frus1961-63v10.xml,76637,6217703,#in18,Operation Mongoose,,"An index ""See"" reference to an entry id the index does not carry."
index-id-never-assigned,confirmed,frus1961-63v10,,frus1961-63v10.xml,76664,6220030,#in18,Operation Mongoose,,"An index ""See"" reference to an entry id the index does not carry."
index-id-never-assigned,confirmed,frus1961-63v10,,frus1961-63v10.xml,76694,6222594,#in17,Cuban Revolutionary Council,,"An index ""See"" reference to an entry id the index does not carry."
index-id-never-assigned,confirmed,frus1961-63v10,,frus1961-63v10.xml,76694,6222649,#in18,Operation Mongoose,,"An index ""See"" reference to an entry id the index does not carry."
index-id-never-assigned,confirmed,frus1961-63v10,,frus1961-63v10.xml,76695,6222731,#in19,Provisional government,,"An index ""See"" reference to an entry id the index does not carry."
index-id-never-assigned,confirmed,frus1961-63v10,,frus1961-63v10.xml,76744,6226909,#in18,Operation Mongoose,,"An index ""See"" reference to an entry id the index does not carry."
index-id-never-assigned,confirmed,frus1961-63v10,,frus1961-63v10.xml,76755,6227855,#in18,Operation Mongoose,,"An index ""See"" reference to an entry id the index does not carry."
index-id-never-assigned,confirmed,frus1961-63v10,,frus1961-63v10.xml,76866,6237482,#in31,Intervention contingency plans,,"An index ""See"" reference to an entry id the index does not carry."
index-id-never-assigned,confirmed,frus1961-63v10,,frus1961-63v10.xml,76867,6237601,#in30,U.S. military intervention under Operation Mongoose,,"An index ""See"" reference to an entry id the index does not carry."
index-id-never-assigned,confirmed,frus1961-63v10,,frus1961-63v10.xml,76894,6239970,#in2,Latin American support,,"An index ""See"" reference to an entry id the index does not carry."
index-id-never-assigned,confirmed,frus1961-63v10,,frus1961-63v10.xml,76905,6240846,#in26,Propaganda,,"An index ""See"" reference to an entry id the index does not carry."
index-id-never-assigned,confirmed,frus1961-63v10,,frus1961-63v10.xml,77018,6250092,#in16,Bay of Pigs operation,,"An index ""See"" reference to an entry id the index does not carry."
not-a-defect-forward-reference,not-a-defect,frus1961-63v24,d6,frus1961-63v24.xml,11060,635126,frus1958-60v15-16mSupp2#d702,"Foreign Relations , 1958–1960, vol. XV/XVI, Microfiche Supplement, Part 2, Document 702",,The target volume is not yet digitized: its file holds no documents and no pages.
not-a-defect-forward-reference,not-a-defect,frus1964-68v21,d54,frus1964-68v21.xml,17427,1178771,frus1961-63v17-21mSupp#d289,"Document 289 in the microfiche supplement for Foreign Relations, 1961–1963: Near East; Africa",,The target volume is not yet digitized: its file holds no documents and no pages.
wrong-volume,confirmed,frus1981-88v01,d303,frus1981-88v01.xml,92377,7803861,frus1981-88v40#d17,"Foreign Relations , 1969–1976, vol. XL, Germany and Berlin, 1969–1972, Document 17",frus1969-76v40#d17,"The text cites Foreign Relations, 1969-1976, vol. XL; the target names 1981-88."
wrong-volume,confirmed,frus1981-88v11,d247,frus1981-88v11.xml,75139,6124771,frus1981-88v32#d316,"Foreign Relations , 1969–1976, vol. XXXII, SALT I, 1969–1972, Document 316",frus1969-76v32#d316,"The text cites Foreign Relations, 1969-1976, vol. XXXII; the target names 1981-88."
missing-underscore,confirmed,frus1955-57v11,,frus1955-57v11.xml,52316,4324895,#pg101,101 n,frus1955-57v11#pg_101,"The underscore is missing. FRUS Explorer reads pgN as pg_N, so the link works there."
